:020000040800F2
:10000000B08C01209D010008CB630008BF480008A8
:10001000C963000893060008E3820008000000009E
:10002000000000000000000000000000096B000854
:10003000A90C000800000000CD630008E16B000877
:10004000B7010008B7010008B7010008B7010008B0
:10005000B7010008B7010008B7010008B7010008A0
:10006000B7010008B7010008B7010008750B0008C8
:10007000B7010008B7010008810B00088D0B0008CC
:10008000990B0008A50B0008B7010008B906000885
:1000900095060008A1060008AD060008B701000893
:1000A000B7010008B7010008B7010008B701000850
:1000B000B7010008896C0008B7010008CD480008A6
:1000C000C1480008E5480008D9480008B701000801
:1000D0004D64000895810008A1810008B70100085F
:1000E000B7010008B7010008B7010008B701000810
:1000F000B7010008956C0008B7010008B10B0008B3
:10010000B7010008B7010008B701000859640008EA
:10011000B7010008B7010008B7010008B7010008DF
:10012000B7010008B7010008BD0B0008C90B0008A3
:10013000B7010008B7010008B7010008E906000888
:10014000C5060008D1060008DD060008B701000852
:10015000B7010008B7010008D50B0008B701000877
:10016000B7010008B7010008B7010008B70100088F
:10017000B7010008B7010008B7010008000000003F
:10018000B7010008B7010008DFF80CD000F044FA0E
:100190000048004711930208B08C012006488047B0
:1001A00006480047FEE7FEE7FEE7FEE7FEE7FEE75C
:1001B000FEE7FEE7FEE7FEE7796C0008890100082C
:1001C0002DE9F05F0546002092469B46884606468C
:1001D000814640241BE0284641464746224600F01F
:1001E0005CF953465A46C01A914110D3114618463D
:1001F000224600F043F92D1A67EB01084F462246CC
:100200000120002100F03AF917EB00094E41201EB1
:10021000A4F10104DFDC484631462A464346BDE8E6
:10022000F09F10B5441A0346944209D28418114431
:1002300003E011F8013D04F8013D521EF9D210BD52
:1002400040EA0104A40703D009E010C9121F10C33B
:10025000042AFAD203E011F8014B03F8014B521EB5
:10026000F9D210BDD2B201E000F8012B491EFBD239
:1002700070470022F6E710B513460A4604461946B1
:10028000FFF7F0FF204610BD421C10F8011B0029AB
:10029000FBD1801A704710B5002200E0521C835C2D
:1002A0008C5CA34201D1002BF8D1D8B2E1B2401A44
:1002B00010BD034611F8012B00F8012B002AF9D1DB
:1002C000184670472DE9FE4F81EA030404F000440C
:1002D00021F0004100944FF0000B23F0004350EA5E
:1002E00001045ED052EA03045BD0C3F30A54C1F3A5
:1002F0000A552C44A4F2F3340194A0FB0254C1F338
:10030000130141F48011C3F3130343F4801301FB81
:10031000024400FB034E840A970A44EA815447EAE8
:100320008357A4FB076802958D0A05FB07854FEAF2
:10033000932C04FB0C542705029D4FEA065847EA0C
:100340001637B5EB08056EEB070C870E920E47EAE1
:10035000811742EA8312A7FB0201B6EB0B0164EBA3
:1003600000042B0D43EA0C335E1844EB1C50DA46B4
:100370005146E7FB0201C5F313044FEA0B3343EA8E
:1003800014534FEA0432019C43EA0603A4F10C041F
:100390000294009CCDE900B400F09EF803B0BDE8E3
:1003A000F08F00200146F9E70EB540F2334102918B
:1003B0000021CDE900110A460B4600F08DF803B08C
:1003C00000BDC1F30A5210B5C1F3130140F2FF336F
:1003D00041F480119A4201DA002010BD40F233430B
:1003E0009A42A2F2334203DC524200F056F810BDAA
:1003F000904010BD00F0004230F000400AD0C10D26
:1004000001F56071C0F3160042EA0151C2084007CD
:1004100011437047002001467047000030B5041EAC
:1004200071F1000404DB4FF00044404264EB010131
:10043000141E73F1000405DB1C464FF000435242CA
:1004400063EB04038B4208BF824230BD30B5041E0B
:1004500071F1000404DB4FF00044404264EB010101
:10046000141E73F1000405DB1C464FF0004352429A
:1004700063EB0403994208BF904230BD202A04DB9D
:10048000203A00FA02F1002070479140C2F12003A7
:1004900020FA03F3194390407047202A04DB203AE6
:1004A00021FA02F00021704721FA02F3D040C2F194
:1004B0002002914008431946704710B5141E73F18D
:1004C000000408DA401C41F1000192185B411A4314
:1004D00001D120F0010010BD2DE9F04D92469B4660
:1004E00011B1B1FA81F202E0B0FA80F22032904606
:1004F000FFF7C4FF04460F4640EA0A0041EA0B0139
:1005000053465A46084313D0114653EA010019D006
:10051000C8F140025046FFF7C0FF05460E46504660
:1005200059464246FFF7AAFF084305D0012004E0E0
:1005300020463946BDE8F08D0020054346EAE076C6
:100540002C4337430A986305E40AA0EB0800002215
:10055000FD0A44EA47540A3002D500200146E9E783
:10056000010510196941DDE9084500196941BDE837
:10057000F04DA2E72DE9F04D00231A461B1A8A41DF
:1005800003DB00200146BDE8F08DC1F30A52C1F340
:10059000130141F480154FF0000BD10702D1001870
:1005A0006D41521E0027044640F2FF11384601EB10
:1005B000620A3E468046024600204FF48011FFF753
:1005C0006CFFC2197141BB1846EB0100B4EB030C80
:1005D00075EB000C04D3E41A65EB000517460E46D4
:1005E000241908F101006D4180463428E3DDF91932
:1005F00046EB0600091BA84103D24FF0FF32134619
:1006000001E0002213461BEB070046EB0A51BDE850
:10061000F04DFFF752BF0000064C074D06E0E068C2
:1006200040F0010394E8070098471034AC42F6D339
:10063000FFF7AEFD008A0308408A030870B58C18E6
:1006400010F8015B15F0070301D110F8013B2A11E6
:1006500006D110F8012B03E010F8016B01F8016BD3
:100660005B1EF9D12B0705D40023521E0DD401F8CF
:10067000013BFAE710F8013BCB1A921C03E013F898
:10068000015B01F8015B521EF9D5A142D8D30020CD
:1006900070BDFEE7014800F0EFBE0000D80F00205B
:1006A000014800F0E9BE0000D80F0020014800F02A
:1006B000E3BE0000D80F0020014800F0DDBE0000BE
:1006C000D80F0020014800F0D7BE00000010002025
:1006D000014800F0D1BE000000100020014800F0E9
:1006E000CBBE000000100020014800F0C5BE000095
:1006F0000010002028B1012805D10348072100F08F
:1007000007BD0248FAE7704700100020D80F00200C
:1007100070B50D0021D0F0B101281ED10F4C20463C
:1007200001F05CF9286860606868A060A868E06013
:10073000E868206128696061287D6076687DE076E0
:10074000012084F82000204600F094FF2046BDE8F8
:10075000704000F06FB8024CE1E770BD001000205F
:10076000D80F002010B5044800F064F8BDE8104030
:10077000024800F05FB80000D80F002000100020F1
:1007800070B5094C2078002518B12570074800F095
:1007900041F86078002805D06570BDE870400448D5
:1007A00000F038B870BD000000C00120D80F002054
:1007B000001000202DE9F04188B05FEA03080E9C8C
:1007C00016460F4603D014B128B1012805D00120E8
:1007D00008B0BDE8F0810D4D00E00D4D18216846D0
:1007E000FFF747FD042E0ED000970027CDE90176D4
:1007F000082C00D9082406AB4246694628460494D2
:1008000000F0BBFCE4E700200090EFE7D80F0020E9
:100810000010002010B5044601F0E0F8204600F07A
:1008200029FF0721204600F073FC2046BDE8104058
:10083000AFF3008010B58AB0044628220E496846FE
:10084000FFF7EFFC0D4A20680021904202D105918C
:10085000049102E00E20CDE904106946204600F024
:10086000EBFC204601F08EF848F60371204600F0BC
:1008700072FC0AB010BD0000C00103080064004013
:1008800000680649884201D1002003E004498842FB
:1008900002D1012007F02ABA70470000006400402E
:1008A0000068004010B5114C00220221204601F0E2
:1008B00096FC00F041F9052000F002FA0022042124
:1008C000204601F08CFC052000F0FAF901220221FB
:1008D000204601F084FC052000F0F2F920460022B9
:1008E000BDE81040022101F07ABC0000000802407F
:1008F00070B5114886B00025016841F0040101601F
:100900000068142100F0040005906846FFF7B1FC70
:1009100001240E20CDE90004084E69463046CDE999
:10092000024501F05FFB69463046CDE9004501F024
:1009300059FB06B070BD000030380240000802408C
:1009400010B5114C00220221204601F048FC00F0B5
:10095000F3F8052000F0B4F901220421204601F04B
:100960003EFC052000F0ACF901220221204601F0F6
:1009700036FC052000F0A4F920460022BDE8104016
:10098000022101F02CBC0000000802402DE9F041DA
:100990000746002400F0C0F81E2000F091F9124E26
:1009A000002500220221304601F019FC052000F04C
:1009B00087F901220221304601F011FC6006040E85
:1009C0000421304601F006FC08B1641CE4B26D1C41
:1009D000EDB2082DE5D327B1FFF764FF2046BDE84F
:1009E000F081FFF7ADFFF9E70008024070B505465A
:1009F00000F0A2F8124E00220221304601F0EFFB77
:100A0000052000F05DF90024EA090421304601F0D8
:100A1000E6FB6806050E01220221304601F0DFFBED
:100A2000052000F04DF900220221304601F0D7FBED
:100A3000052000F045F9641CE4B2082CE4D370BD35
:100A40000008024010B500F077F80E4C0122042196
:100A5000204601F0C4FB01220221204601F0BFFB29
:100A60001E2000F02DF900220421204601F0B7FBE2
:100A7000052000F025F920460022BDE810400221A3
:100A800001F0ADBB0008024010B500F055F80C4C69
:100A900001220221204601F0A2FB1E2000F010F9E5
:100AA00000220421204601F09AFB052000F008F9FD
:100AB00020460122BDE81040042101F090BB000057
:100AC0000008024070B5002400F026F8114D012204
:100AD0000421284601F083FB01220221284601F06F
:100AE0007EFB07E0641CE4B2FA2C03D9FFF7CCFFCD
:100AF000012070BD052000F0E3F80421284601F034
:100B000069FB0028EED100220221284601F067FB94
:100B1000002070BD000802400648016821F0300145
:100B2000016004480C30016821F0300141F01001EF
:100B300001607047000802400D48016821F0300153
:100B400041F010010160001D016821F00401016005
:100B5000001D016821F0300141F020010160001DFD
:100B6000016821F0300141F0100101607047000080
:100B700000080240014800F0FDBF00007CC30120D6
:100B8000014800F0F7BF0000BCC20120014800F09E
:100B9000F1BF00001CC30120014800F0EBBF0000C2
:100BA00020120020014800F0E5BF00008012002064
:100BB000014800F0DFBF0000DCC30120014800F065
:100BC000D9BF000060110020014800F0D3BF000031
:100BD0005CC20120014800F0CDBF0000C011002020
:100BE00001681823CAB2103AB2FBF3F2054B6FF357
:100BF0000901032A9B5CC36500D9091D816508466C
:100C000070470000D0E9020810B5014600208B694A
:100C10008A6A4FF0C07453B1B3F5005F15D072B15A
:100C2000012A0CD0022A0AD0032A09D104E01AB101
:100C3000012A06D0022A03D1C96AC90100D50120C0
:100C400010BDC96AA142FAD010BD002AF7D0012A0E
:100C5000F2D0022AF3D0032AF3D010BD30B50468D5
:100C6000256825F480252560046863608368402B2F
:100C7000036803D099600068C26030BD9A60006864
:100C8000C16030BD0648016841F0807101600548CF
:100C900000214160016841F00101016070470000DE
:100CA000FCED00E0001000E0704730B504464FF462
:100CB0007A7502E0284600F003F8641EFAD230BDCF
:100CC000064A10B553680649064C0968B1FBF4F1B1
:100CD00041435068C01A8842FBD310BD001000E0A9
:100CE0001000002040420F0072B6FEE710B5FFF77B
:100CF000FFFD0A4C00220821204601F070FA142062
:100D0000FFF7D3FF01220821204601F068FABDE871
:100D100010404FF49670FFF7C8BF00000008024073
:100D20002DE9F04115460E460446FFF78BFE702074
:100D3000FFF75CFEFFF7C6FEE0B2FFF757FEFFF7D6
:100D4000C1FEFFF77FFE7120FFF750FEFFF7BAFEEE
:100D500000246F1E09E0BC4201D0012000E0002009
:100D6000FFF714FE3055641CE4B2AC42F3D3BDE887
:100D7000F041FFF789BE00002DE9FC470024424EF8
:100D80008DF80440A14630782746401C307001227F
:100D900001A90220FFF7C4FF9DF80400DFF8EC80F2
:100DA000010754D000F00F01062950D2FF208840DF
:100DB000C04340F0C000454688F820004FF00109CC
:100DC00095F8201009FA04F0014233D0304804228B
:100DD000694630F81400FFF7A3FF95F830009DF83E
:100DE0000010C0079DF8010001F00F0100EB012188
:100DF00005EB44000AD0C1829DF802209DF8031043
:100E000002F00F0201EB0221818109E081819DF84E
:100E100002209DF8031002F00F0201EB0221C182B3
:100E20009DF800000821B1EB101F03D005EB440032
:100E3000C7828781641CE4B2052CC1D3A8894FF016
:100E4000010918B9E88A08B98DF8047037709DF85F
:100E50000400C00610D198F82000010602D520F049
:100E6000800007E04FF6FF71A8F80C10A8F81610E4
:100E700000F0E00088F820003078F02801D90A203E
:100E800030704846BDE8FC87B20D0020B80D002048
:100E9000B00103082DE9FF4F044683B03420CDE9AB
:100EA00000409B4600274FF0800900BF2B48059A61
:100EB00007EB071110F811301278934239D100EB8B
:100EC000410A05989AF801104078814231D11023E7
:100ED0001A462046049904F0DDFE05F039F8002694
:100EE00000250AEB060800BFBBF1000F98F80210BE
:100EF00029FA05F001EA00010BD019B12046049946
:100F000004F050FD641C0098A4B2201A10281FD0D1
:100F100007E012480C3809B1408800E0808804F0EE
:100F2000F5FF6D1CEDB2082DDED3761CF6B2202E37
:100F3000D6D37F1C0198BFB28742B7D3084800219F
:100F40004388028807B00846BDE8F04F04F0A2BE0F
:100F50000498009C401C80B20490E6E7200000202A
:100F600004C701202DE9FF4F044683B00920CDE9D5
:100F700000409B4600274FF0800900BF07EB870029
:100F800000EB47112A48059A10F811301278934265
:100F900038D100EB410A05989AF801104078814257
:100FA00030D118231A462046049904F073FE04F049
:100FB000CFFF002600250AEB060800BFBBF1000F9B
:100FC00098F8021029FA05F001EA00010BD019B1D6
:100FD0002046049904F0E6FC641C0098A4B2201A90
:100FE00018281ED006E0134809B1408800E0808828
:100FF00004F08CFF6D1CEDB2082DDFD3761CF6B229
:10100000482ED7D37F1C0198BFB28742B6D30A4877
:1010100000214388028807B00846BDE8F04F04F07D
:1010200039BE0498009C401C80B20490E6E70000A2
:10103000080700201400002004C701202DE9FF4FFD
:10104000044683B00820CDE900409B4600274FF0BE
:10105000800900BF2B48059A07EB871110F8113063
:101060001278934238D100EB410A05989AF80110A2
:101070004078814230D120231A462046049904F05A
:1010800009FE04F065FF002600250AEB060800BFF4
:10109000BBF1000F98F8021029FA05F001EA0001EF
:1010A0000BD019B12046049904F07CFC641C009814
:1010B000A4B2201A20281ED006E0134809B14088A7
:1010C00000E0808804F022FF6D1CEDB2082DDFD314
:1010D000761CF6B2802ED7D37F1C0198BFB2874210
:1010E000B8D30A4800214388028807B00846BDE803
:1010F000F04F04F0CFBD0498009C401C80B20490D7
:10110000E6E70000A20900201400002004C7012027
:1011100090F82020012A07D0022A05D0416A41F424
:101120008021416201207047CA0704D00268936899
:1011300043F0800393608A0704D50268936843F400
:1011400000439360490704D50068816841F40001B9
:1011500081600020704790F82020012A07D0022AE1
:1011600005D0416A41F48021416201207047006846
:1011700042690A43426100207047F0B590F8205060
:101180000468A468012D05D0022D03D0416A41F402
:1011900080214DE014F0406F01D1E50045D5C4F346
:1011A00001640125A5401D608D684FF4C0739DB199
:1011B000CE6835434E6845EAC605066803EB04175A
:1011C000F5514FF4C275076805EB04150E697E51A1
:1011D000097D012905D009E00E88CD6845EA46550C
:1011E000EBE701684E5946F480764E511179D2F8FA
:1011F00005504FF4C67641EA0521056806EB041652
:10120000A9511178D2F801204FF4C47541EA0221A6
:10121000026805EB04155151006803EB04114258B4
:1012200042F0010242500020F0BD416A41F4001139
:1012300041620120F0BD000010B590F82020012A85
:1012400007D0022A05D0416A41F480214162012081
:1012500010BD3B48D0F8002242F00102C0F8002245
:10126000D0F8002222F47C52C0F80022D0F80022EC
:101270004B6A42EA0322C0F800220A7D02F01F03F3
:1012800001229A40D0F81C329343C0F81C32CB693B
:10129000B3B9D0F80C329343C0F80C328C894B6848
:1012A00064F31F434C6900EBC404C4F840320C895A
:1012B0000B6864F31F434C6900EBC404C4F8443268
:1012C000CB69012B16D1D0F80C321343C0F80C3285
:1012D0000C884B6864F31F434C6900EBC404C4F8EA
:1012E00040320C89CB6864F31F434C6900EBC404A3
:1012F000C4F844328B69002BD0F804320ED013436B
:10130000C0F804320B69002BD0F8143208D0134314
:10131000C0F81432096A012904D008E09343EFE7CA
:101320009343F5E7D0F81C121143C0F81C12D0F813
:10133000001221F00101C0F80012002010BD0000D1
:101340000064004070B5044600680B4DA84201D10E
:10135000002003E0094988420BD1012006F0C6FCB9
:1013600022689069400704D501200549AA4201D1AD
:10137000087070BD487070BD006400400068004097
:1013800000C0012070B590F82040012C05D0022C3F
:1013900003D0416A41F4802128E0046809B324693C
:1013A000A40720D04FF4D874056804EB01142D591C
:1013B00015F00405956005682D591AD0ED085560A3
:1013C00005682C5904F00204D4604FF4DA740568FF
:1013D00004EB01142E5906F00F06082E0CD3082535
:1013E0000DE0E468DCE7416A41F40011416201204C
:1013F00070BD6D0D1560E3E72D5905F00F05156102
:1014000005682D59C5F30725956105682C59240CED
:1014100054614FF4DC72046802EB0112A4581C7092
:101420000468A458240A5C700468A458240C9C70B6
:101430000468A258120EDA704FF4DE72046802EBF0
:101440000112A4581C710468A458240A5C71046831
:10145000A458240C9C710468A258120EDA7100681A
:1014600029B1016941F020010161002070BDC1680E
:1014700041F02001C160F8E72DE9F05F0546006802
:1014800000244669D0F804908768D0F80CB0D0F8F2
:1014900010A0D0F81880F10748D0F90714D0012126
:1014A0008160B80703D5284600F0C9FA0CE0780738
:1014B00002D54FF4006407E0380702D54FF480549A
:1014C00002E0284600F0BAFAF80516D529684FF46C
:1014D00080708860B80503D5284600F0B3FA0CE0A8
:1014E000780502D544F4005407E0380502D544F4E9
:1014F000804402E0284600F0A4FAF80316D52968D3
:101500004FF480308860B80303D5284600F09DFA78
:101510000CE0780302D544F4004407E0380302D518
:1015200044F4803402E0284600F08EFA300707D5F4
:101530005FEACB6004D52968102044F40074C860C9
:1015400070074FF0080707D55FEA0B7004D52868CD
:10155000C760284600F0CCF9B00706D52868C068F7
:10156000800702D0284600F0C5F9700607D55FEA6B
:10157000CA6004D52968102044F480640861B0066C
:1015800007D55FEA0A7004D528680761284600F08D
:10159000F5F9F00606D528680069800702D02846CC
:1015A00000F0EDF9B00308D55FEAC96005D52968F8
:1015B00010204860284600F0E3F9F00307D55FEA01
:1015C000097004D528684760284600F040FA3004C6
:1015D00046D55FEA497040D5F00504D55FEAC8708A
:1015E00001D044F00104B00504D55FEA887001D54C
:1015F00044F00204700504D55FEA487001D544F058
:101600000404300529D518F0700F26D008F07000BA
:10161000402815D006DC102809D020280AD0302810
:1016200016D10AE050280ED0602811D10EE044F007
:1016300008040DE044F010040AE044F0200407E040
:1016400044F0400404E044F0800401E044F4807479
:101650002868816921F0700181612968042048604F
:10166000002C05D0686A204368622846FFF76AFEAE
:10167000BDE8F09F70B5040003D094F8200010B1CD
:1016800004E0012070BD204600F082F82068016867
:1016900041F00101016000F0A7FD0546052604E0C8
:1016A00000F0A2FD401B0A2811D820684068C0073E
:1016B000F6D02068016821F00201016000F094FD7D
:1016C00005460BE000F090FD401B0A2806D9606A31
:1016D00040F40030606284F82060D2E720684068FF
:1016E0008007EFD4207E0128206801683DD021F0DA
:1016F00080010160607E01282068016838D021F0F7
:1017000040010160A07E01282068016833D021F0EB
:1017100020010160E07E0128206801682ED041F0A0
:1017200010010160207F01282068016829D021F084
:1017300008010160607F01282068016824D021F041
:1017400004010160D4E902010843D4E90412114301
:1017500008436168491E08432168C861002060622F
:10176000012084F82000002070BD41F08001C0E716
:1017700041F04001C5E741F02001CAE721F0100126
:10178000CFE741F00801D4E741F00401D9E70000B8
:10179000F0B587B0044614216846FEF76AFD4F4B4A
:1017A0004F48DFF834E11968D4F800C04C4A0225EC
:1017B0000326092710300024491CF4453CD1196048
:1017C000012907D1016841F000710160006800F053
:1017D00000700590106840F001001060106802ABC6
:1017E00000F0010005904FF4C050CDE9000583E8FA
:1017F000D00069463B4800F0F5FB0022114613205B
:1018000001F0ECF9132001F0DCF90022114614205C
:1018100001F0E4F9142001F0D4F90022114615205A
:1018200001F0DCF9152001F0CCF900221146162058
:1018300001F0D4F916204BE0DFF8ACE0F44549D1D3
:10184000D0F800C04CF0806CC0F800C0D0F800C0E8
:1018500001290CF0806CCDF814C0196007D1016823
:1018600041F000710160006800F0007005901068A0
:1018700040F002001060106802AB00F0020005901A
:101880004FF48250CDE9000583E8D000694617483F
:1018900000F0A8FB002211463F2001F09FF93F20F5
:1018A00001F08FF900221146402001F097F9402005
:1018B00001F087F900221146412001F08FF9412003
:1018C00001F07FF900221146422001F087F9422001
:1018D00001F077F907B0F0BD00640040000000207F
:1018E000303802400000024000680040000402401E
:1018F0007047000010B5CAB004464FF482716846C4
:10190000FEF7B7FC48AB41AA00212046FFF73AFD9D
:1019100017492068884201D1002003E01549884218
:1019200022D101208DF800004398F8B1DDF80801BC
:101930008DF80400010A8DF80510010C8DF80610D1
:10194000000E8DF8070045988DF80800024648A95A
:101950000DF10900FEF765FC45986946401DADF89C
:101960000200054804F057FD4AB010BD4198DFE77A
:101970000064004000680040CA350020704770478E
:101980007047000070B5044690F82000012804D08C
:10199000606A40F40020606218E0022084F82000B1
:1019A0002068016821F00101016000F01DFC05467E
:1019B0000EE000BF00F018FC401B0A2808D9606A3E
:1019C00040F400306062052084F82000012070BDE2
:1019D00020684068C007EDD1606270BD70B50446F4
:1019E00090F82000022804D0606A40F48010606201
:1019F00014E02068016841F00101016000F0F4FB8F
:101A000005460DE000F0F0FB401B0A2808D9606A8B
:101A100040F400306062052084F82000012070BD91
:101A200020684068C007EDD02068016821F00201FD
:101A30000160012084F82000002070BD7047FEF78F
:101A40001FBF7047FEF71CBF7047FEF719BF7047F6
:101A50002DE9F0410446876D00F0C6FB064694F878
:101A600035000025022806D08020606584F83450B7
:101A70000120BDE8F0812068016821F016010160B5
:101A80002068416921F080014161206C08B9A06C97
:101A900020B12068016821F0080101602068016818
:101AA00021F0010101600CE000F09EFB801B052885
:101AB00007D920206065032084F8350084F834506D
:101AC000D7E720680068C007EED194F85C103F208B
:101AD0008840B860012084F8350084F83450002034
:101AE000C7E790F83510022903D080214165012015
:101AF0007047052180F835100068016821F0010168
:101B000001600020704770B504002BD094F83500B8
:101B1000022826D02068016821F0010101602068B8
:101B20000025056020684560206885602068C560E4
:101B3000206805612168212048612046FFF750F8A0
:101B4000E56325646564A564E564256594F85C2017
:101B50003F2191408160656584F8355084F83450A8
:101B6000002070BD012070BD406D704790F83500B9
:101B7000704700002DE9F84304464FF00009CDF806
:101B8000009063484FF41651A56D0068B0FBF1F763
:101B90002E6894F85C10082000FA01F131420FD051
:101BA00021680A6852070BD50A6822F004020A600D
:101BB00094F85C108840A860606D40F0010060659A
:101BC00094F85C104FF0010808FA01F0304208D098
:101BD00021684969090604D5A860606D40F00200DB
:101BE000606594F85C1004208840304208D0216879
:101BF0000968890704D5A860606D40F0040060653D
:101C000094F85C1010208840304218D02168096890
:101C1000090714D5A86020680168490304D5006845
:101C2000000308D5A16C07E00168C90503D4016869
:101C300021F008010160216C09B12046884794F821
:101C40005C1020208840304231D021680968C906E4
:101C50002DD5A86094F8350005282068016806D0C5
:101C6000490347D5006800031DD4616C1CE021F0D6
:101C7000160101602068416921F080014161206CFA
:101C800008B9A06C20B12068016821F0080101604A
:101C900094F85C103F208840A86084F8358084F870
:101CA0003490216D1FE0E16B09B120468847606DDB
:101CB00000282BD0606DC00714D0052084F83500B3
:101CC0002068016821F0010101600098401C00902B
:101CD000B84203D820680068C007F6D184F8358080
:101CE00084F83490E16C002910D001B02046BDE8A2
:101CF000F04308470168C905D5D4016821F01001F7
:101D0000016084F8358084F83490CCE7BDE8F8832E
:101D1000100000202DE9F041044600F065FA064667
:101D20005CB1022084F83500002584F83450206826
:101D3000016821F0010101600DE00120BDE8F081A2
:101D400000F052FA801B052805D920206065032089
:101D500084F83500F2E720680068C007F0D12268F7
:101D6000116820480140D4E901031843D4E903363F
:101D70003343184363691843A3691843E36918435D
:101D8000236A18430843616A042903D1D4E90B1379
:101D900019430843106020684069666A20F0070113
:101DA00030460E43012704280CD1A06A0643E06A9E
:101DB00040B12046FEF728FF20B14020606584F83E
:101DC0003570BAE7206846612046FEF709FF94F8AF
:101DD0005C203F2191408160656584F8357000206A
:101DE000ACE700003F8010F02DE9F0410446866D1D
:101DF00090F83400002501280DD0012084F834002B
:101E000094F835700020012F07D084F834000225A3
:101E10002846BDE8F0810220FBE7022784F83570F0
:101E200060652046FEF71AFF94F85C103F2088405A
:101E3000B0602068016841F016010160206C20B19B
:101E40002068016841F0080101602068016841F0E4
:101E500001010160DCE7000070B5044600F0C4F940
:101E60000546601C02D004480078044400F0BCF928
:101E7000401BA042FAD370BD040000202DE9F04FB2
:101E80000022DFF838B101264FF00F0906FA02F4FC
:101E900001EA0403A3427DD122F003075F44D7F88F
:101EA000088895074FEA157C09FA0CFA0AEA080532
:101EB000DFF80C81404502D14FF0000832E0DFF836
:101EC0000481404502D14FF001082BE0DFF8F88093
:101ED000404502D14FF0020824E0DFF8F080404591
:101EE00002D14FF003081DE0DFF8E480404502D145
:101EF0004FF0040816E0DFF8DC80404502D14FF0D7
:101F000005080FE0DFF8D080404502D14FF0060809
:101F100008E0DFF8C880404502D14FF0070801E033
:101F20004FF0080808FA0CF8A84522D12C4DD5F836
:101F300000C02CEA030CC5F800C005F1040CDCF865
:101F400000509D43CCF80050254D0C35D5F800C00D
:101F50002CEA030CC5F800C02D1FD5F800C02CEAF0
:101F6000030CC5F800C0D7F8085825EA0A05C7F8D9
:101F70000858056857000323BB409D430560D508FA
:101F800000EB8505D5F820C057074FEAD76809FA56
:101F900008F700E00CE02CEA070CC5F820C0C56883
:101FA0009D43C5604568A543456084689C43846043
:101FB000521C102AFFF46AAFBDE8F08F00300140D8
:101FC000000002400004024000080240000C0240F1
:101FD000001002400014024000180240001C0240A1
:101FE000003C01402DE9F84FDFF8BCA1002201259B
:101FF00003264FF00F090AF1040BAAF1040E00BFEB
:102000000B6805FA02F42340A34270D10F7907F060
:102010000307012F01D0022F16D187684FEA42082B
:1020200006FA08FC27EA0C07D1F80CC00CFA08FCE9
:102030004CEA070CC0F808C04768A7430C79C4F302
:10204000001494403C4344600C79E443A4070AD054
:10205000C4684FEA420C06FA0CF7BC438F6807FAD3
:102060000CF72743C7600C7904F00304022C12D14B
:10207000D40800EB840CDCF820405707FF0E09FA67
:1020800007F824EA0804D1F8108008FA07F848EAAB
:102090000408CCF8208004684FEA420C06FA0CF7DA
:1020A000BC430F7907F0030707FA0CF727430760D3
:1020B0004C6814F4403F70D03C4C276847F480478C
:1020C0002760246822F0030704F480440094384C0D
:1020D00007EB040CDCF8084897074FEA177809FA71
:1020E00008F7BC43334FB84202D1002724E054E044
:1020F000314FB84201D101271EE0304FB84201D123
:10210000022719E02E4FB84201D1032714E02D4FCA
:10211000B84201D104270FE02B4FB84201D1052767
:102120000AE02A4FB84201D1062705E0284FB842FD
:1021300001D1072700E0082707FA08F72743CCF862
:102140000878DAF800405746D1F804C09C435FEAAB
:10215000CC2C00D51C433C60DBF800405F46D1F836
:1021600004C09C435FEA8C2C00D51C433C60DEF825
:1021700000407746D1F804C09C435FEA8C3C00D510
:102180001C433C60084F083F3C68D1F804C09C43A6
:102190005FEACC3C00D51C433C60521C102AFFF483
:1021A0002FAFBDE8F88F0000083C014044380240E2
:1021B00000300140000002400004024000080240DC
:1021C000000C0240001002400014024000180240BF
:1021D000001C02400069084000D0012070470AB18D
:1021E000816170470904FBE701488068704700007F
:1021F000040000207047704710B5040013D024205D
:1022000084F83D002068016821F00101016020464A
:1022100000F01CFB0020206484F83D0044F8300FDF
:10222000A073207310BD012010BD2DE9F04101689D
:1022300004464A694E6890F83E000025D743FA05E7
:1022400006D4F243D20503D46FF4807201254A61AB
:10225000B90508D4F143C90505D422686FF40071AB
:1022600045F002055161790525D4F143C90522D411
:10227000638D94F83D10226B202808D13BB92129A9
:1022800010D029290ED0282901D1212A0AD022686C
:102290006FF48061516145F00405102806D0402894
:1022A00004D008E0204602F069FF04E020680168DD
:1022B00041F400710160380508D4F043C00505D42D
:1022C00021686FF4006045F008054861002D07D0D3
:1022D000206C284320642046BDE8F04102F06EBB2C
:1022E000BDE8F0812DE9F047026800215368C66A15
:1022F00090F83E4090F83D50102C12D0402C10D059
:10230000046C002C7DD05469E443A6077AD4DE43E4
:10231000B60577D4036C03B19169BDE8F04702F0CC
:1023200009BF976951694FF42A0CC9435FEAC17824
:102330004FF02A4904D066452AD04E4528D010E0F7
:10234000DE43B6050DD4C16A614501D1012103E028
:10235000C16A494501D10821C162BDE8F04702F0D8
:102360004FBE0E0716D4DE43B60513D4416CC9B276
:102370001161416B09B1C96B29B9816B002907D083
:10238000C96B002904D00068416841F400614160D4
:10239000BDE8F0878E0706D4DE43B60503D4BDE85A
:1023A000F04702F0A1BDFE43526876074FEA0252A1
:1023B0001DD4002AECDB0A0608D4DA43520505D402
:1023C000490705D5BDE8F04702F032BD4907DFD423
:1023D000D9438905DCD4212D05D0402CD8D1BDE8C6
:1023E000F04702F053BEBDE8F04702F0DFBC002A20
:1023F000CEDB4A060BD4DA43520508D4490708D588
:1024000001E00DE00EE0BDE8F04702F007BC49072F
:10241000BED4D9438905BBD4BDE8F04702F091BBD7
:10242000916970E7E10606D4D943890503D4BDE874
:10243000F04702F0EBBE2821212D27D0292D25D0F1
:10244000650655D4DD436D0552D4640752D590F826
:102450003D30448D002C9BD01269446A2270426A40
:10246000521C4262428D521E4285428D002A8FD1FB
:102470002A2B8DD10268536823F480635360222293
:10248000026380F83D1000F08BFA81E7250623D423
:10249000DD436D0520D4640720D590F83D30448D90
:1024A000002CF2D0446A24781461426A521C4262C1
:1024B000428D521E4285428D002AE6D1292BE4D15D
:1024C0000268536823F4806353602122026380F81A
:1024D0003D1000F09FFA5BE76107D6D4D943890528
:1024E000D3D4418D0029D0D0416A097811610AE026
:1024F0006107CAD4D9438905C7D4418D0029C4D006
:102500001169426A1170416A491C4162418D491E3C
:1025100041853DE703F04CB870B5040025D094F830
:102520003D00002520B984F83C50204600F0C4F955
:10253000242084F83D002068016821F00101016039
:102540002068016841F4004101602068016821F4BD
:102550000041016000F02EFC4D4A6168914201D8B3
:102560004C4900E04C49884201D2012070BD4B49E2
:102570002368B0FBF1F15E6826F03F060E435E6013
:102580006368934206D94FF4967359434FF47A73B4
:10259000B1FBF3F12368491C1E6A26F03F06314364
:1025A00019626168914210D84900401EB0FBF1F2F7
:1025B000521CC2F30B02042A01D2042022E0B0FB19
:1025C000F1F0401CC0F30B001CE0A268F2B301EB79
:1025D000C10303EB0116431EB3FBF6F35B1C43F48C
:1025E00080431B0549D092B301EBC10202EB0111FC
:1025F000401EB0FBF1F0401CC0F30B0040F48040E3
:1026000040F400402168CA694CF6FF739A431043B6
:10261000C861D4E9071001432068026822F0C002B3
:1026200011430160D4E9030101432068826848F244
:10263000FF339A4311438160D4E9050108432168BF
:10264000CA6822F0FF021043C86001E00EE016E005
:102650002068016841F0010101602564202084F8B0
:102660003D00256384F83E50002070BD01EB41061B
:10267000431EB3FBF6F35B1CB3E70120C2E701EB9B
:102680004101401EB0FBF1F0401CC0F30B00B7E766
:10269000A086010080841E0000093D0040420F001A
:1026A00070B5184A0168C2B0914202D10426164D95
:1026B00004E0164A914223D1154D0526808C401B1B
:1026C00084B24FF48070844201D9044600E08CB19A
:1026D0004FF482716846FDF7CCFD8DF80060ADF8CF
:1026E00002402246294601A8FDF79BFD694609489C
:1026F00003F091FE42B03046BDE8704002F0D6BF14
:1027000042B070BD0054004092C701200058004004
:1027100092C801204C560020704770472DE9F84FB1
:102720001F4690468A460446DDF82890FFF75CFD78
:10273000054694F83D0020287FD119230122404905
:102740002046009502F03CFE002876D194F83C002B
:10275000012872D0012084F83C0020680168C90774
:1027600003D1016841F0010101602068016821F492
:1027700000610160212084F83D00102084F83E00B3
:1027800000262664C4F824806785608D20852D4846
:10279000E0622B464A465146204602F0B9FA90B90B
:1027A000206841698069009036E02A464946204603
:1027B00002F0ACFE50B1206C042804D120680168FE
:1027C00041F4007101600120BDE8F88F606A216862
:1027D00000780861606A401C6062618D491E6185F5
:1027E000218D491E89B2218522685369DB435B072D
:1027F0000BD451B100781061606A401C6062608D3A
:10280000401E6085208D401E20852A464946204670
:1028100002F0AAFD0028CED1208D0028C5D154F8A1
:102820003D0B016841F400710160202004F81E098D
:10283000E67766770020C7E7FFE70220C4E70000DD
:10284000020010000000FFFF7047704710B50068DD
:10285000154A1649164C904213D1086820F400100E
:10286000086080212046FFF709FBA1152046FFF7ED
:1028700005FB1F2000F094F9BDE81040202000F077
:102880008FB90C4A90420ED1086820F4800008608D
:1028900011152046FFF7F2FA2046BDE810404FF42C
:1028A0000061FFF7EBBA10BD005400404038024011
:1028B0000004024000580040F0B587B004461421DF
:1028C0006846FDF7D6FC2768324CDFF8C4C000220A
:1028D00030491223032504262F481034674527D199
:1028E0000F6847F002070F60096802AF01F00201AC
:1028F0000591E901CDE9001387E864006946FFF717
:1029000071FB206840F4001020602068002200F471
:102910000010059011461F2000F060F91F2000F004
:1029200050F900221146202000F058F920202BE019
:10293000DFF868C0674529D10F6847F002070F60CC
:10294000096802AF01F0020105914FF44061CDE941
:10295000001387E864006946FFF744FB206840F4F1
:10296000800020602068002200F48000059011465D
:10297000212000F033F9212000F023F90022114634
:10298000222000F02BF9222000F01BF907B0F0BD47
:10299000005400403038024000040240005800401B
:1029A00010B5C2B004464FF482716846FDF761FC71
:1029B00013492068884204D104208DF80000114991
:1029C00006E01149884219D1052010498DF8000010
:1029D000608DC0F5807082B24FF48070824200D961
:1029E0000246ADF8022001A8FDF71BFC6946084825
:1029F00003F011FD9DF8000002F058FE42B010BD3A
:102A00000054004092C701200058004092C80120A5
:102A10004C5600207047000010B590F83D30202B38
:102A200034D161B15AB190F83C30012B2ED0012342
:102A300080F83C3003681C68E40702D005E0012000
:102A400010BD1C6844F001041C6003681C6824F479
:102A500000641C60222380F83D30202380F83E3043
:102A60000023036441624285418D01850849C162AA
:102A700001680A6842F480620A6080F83C300068AD
:102A8000416841F4E0614160002010BD022010BDAA
:102A90000000FFFF0248816802781144816070479E
:102AA000040000200B4810B5016841F4007101607A
:102AB000016841F480610160016841F48071016046
:102AC000032000F0ABF80F2000F006F800F050F8FB
:102AD000002010BD003C024030B505461F4887B0BD
:102AE0000024016841F480710160006806A900F4C7
:102AF0008070009001A800F03DF90498A8B100F0A2
:102B000059F940001649174AB0FBF1F11648491E21
:102B1000026040F2E732C0E90324C0E90114846195
:102B200001F036F9040003D015E000F043F9E9E7BD
:102B30000D4801F079F904000DD12D2000F041F885
:102B4000102D07D2002229462D2000F047F8074813
:102B5000056000E0012407B0204630BD4038024047
:102B600040420F0000200040E0120020080000203A
:102B70000A4808B5016841F480410160006800F42A
:102B8000804000900548001F016841F080510160BD
:102B9000006800F08050009008BD000044380240FA
:102BA00000280DDB00F01F02012191404009800048
:102BB00000F1E020C0F88011BFF34F8FBFF36F8F9B
:102BC0007047002809DB00F01F02012191404009F5
:102BD000800000F1E020C0F800117047F0B40E4B07
:102BE0001B680C46C3F30223C3F10705042D00D96B
:102BF0000425191D072901D2002300E0DB1E012650
:102C000006FA05F1491E214099409E40761E164065
:102C10003143F0BC05F07EBB0CED00E0064900F04E
:102C2000070208684FF6FF03184040EA0220034AF3
:102C300010430860704700000CED00E00000FA054A
:102C40002DE9F0470E46050065D0DFF81481D8F86D
:102C50000000F7B200F00700B04207D288F8007019
:102C6000D8F8000000F00700B04254D128683D4C6D
:102C7000810712D5400703D5206840F4E05020605A
:102C80002878000703D5206840F460402060206861
:102C9000A96820F0F000084320602878C0072DD0F4
:102CA000304968680839012812D0022813D0032857
:102CB00011D00968890700292DDA216821F0030164
:102CC00001432160FFF790FA814641F2883A0EE015
:102CD00009688903EFE709688901ECE7FFF784FADF
:102CE000A0EB0901514502D90320BDE8F087206817
:102CF000696800F00C00B0EB810FEFD1D8F800103C
:102D0000404601F00701B14207D90770006800F0A2
:102D10000700B04201D00120E7E72878400705D539
:102D20002068E96820F4E050084320602878000714
:102D300006D52068296920F4604040EAC10020607F
:102D400000F058F82168084AC1F30311515CC840EB
:102D50000649086006480068FFF7BEFE0020C4E789
:102D6000003C024008380240D8E902081000002068
:102D7000080000200F2202600C4A136803F00303CE
:102D80004360136803F0F0038360136803F4E053B7
:102D9000C36012684FF4E05303EAD20202610448B0
:102DA000006800F007000860704700000838024023
:102DB000003C02400448054900680968044AC1F320
:102DC0008221515CC8407047100000200838024042
:102DD000E8E902080448054900680968044AC1F3A3
:102DE0004231515CC8407047100000200838024052
:102DF000E8E90208154810B5006810F00C02144804
:102E000013D01449042A0FD0082A0ED10F4C241FC6
:102E10002268236802F03F025B0207D52068C0F3F6
:102E20008810A0FB010106E0084610BD2168C1F32F
:102E30008811A1FB00010023FDF7C2F92168C1F34D
:102E40000141491C4900B0FBF1F010BD08380240B7
:102E50000024F400001BB7002DE9F84F04006ED0E9
:102E60002078DFF84C93C007A9F104054AD009F196
:102E700004000168C1F38101012908D00068C0F392
:102E8000810002280AD1D9F80000400206D528683E
:102E9000800337D560680028E1D033E06068B0F582
:102EA000803F10D0B0F5A02F286810D020F48030DB
:102EB0002860286820F4802028606068A8B1FFF7A7
:102EC00093F906460DE0286840F48030F4E740F4BA
:102ED00080202860F7E700BFFFF786F9801B642891
:102EE00073D828688003F7D50CE0FFF77DF9064614
:102EF00005E000BFFFF778F9801B6428F0D8286848
:102F00008003F7D42078DFF8AC8280074FF0000A06
:102F10003ED5A748001D016811F00C0F08D00068CD
:102F2000C0F3810002280BD1D9F80000400207D479
:102F30002868800716D5E068012800D112E033E147
:102F4000E068B8B10120C8F80000FFF74DF9064667
:102F500005E000BFFFF748F9801B0228C0D82868A9
:102F60008007F7D52868216920F0F80040EAC10001
:102F700028600DE0C8F800A0FFF736F9064604E027
:102F8000FFF732F9801B02281FD828688007F7D482
:102F90002078000722D5864F87486169703771B164
:102FA00001210160FFF720F9064604E0FFF71CF954
:102FB000801B022809D838688007F7D50EE0C0F8D2
:102FC00000A0FFF711F9064605E082E0FFF70CF9D3
:102FD000801B02287DD838688007F7D42078400706
:102FE00068D5DFF8CCB100270BF13C0BDBF8000013
:102FF000C0000BD4DBF8001041F08051CBF800107A
:10300000DBF80000012700F0805000906B4E306824
:10301000C00510D4306840F480703060FFF7E4F8E9
:10302000009005E0FFF7E0F80099401A022850D818
:103030003068C005F6D55E4EA0686C3601280FD00A
:103040000528306810D020F001003060306820F092
:1030500004003060A068B8B1FFF7C6F800900FE038
:10306000306840F00100F4E740F004003060F7E71A
:10307000FFF7BAF80099411A41F28830814266D8C8
:1030800030688007F4D50EE0FFF7AEF8009007E057
:10309000FFF7AAF80099411A41F28830814256D8C8
:1030A00030688007F4D42FB1DBF8001021F0805194
:1030B000CBF80010A069C8B33D49091D0968C1F3E8
:1030C000810102294AD00228504607D0C8F8600082
:1030D00000E03CE0FFF788F804463BE04746C8F8CC
:1030E0006000FFF781F8064605E000BFFFF77CF8B7
:1030F000801B02282BD828688001F7D4D4E9070167
:103100000843A16A2E4A490802EB0141626A41EA7A
:103110008211084394F82C1040EA0161C9F80010AC
:1031200001203866FFF760F8044606E03EE000BF85
:10313000FFF75AF8001B022809D828688001F7D544
:1031400034E000BFFFF750F8001B022802D903202B
:10315000BDE8F88F28688001F4D427E00128F7D073
:10316000D9F80000E26900F4800191421CD1226A82
:1031700000F03F01914217D147F6C071626A0140E9
:10318000B1EB821F10D1A26A4FF0FF3300F440313F
:1031900003EB5202B1EB024F06D194F82C1000F071
:1031A0007060B0EB016F01D00120D1E70020CFE7C4
:1031B0000438024000004742800E47420070004041
:1031C0000000FFFF2DE9FC410446444845F6C0518C
:1031D00000260068B0FBF1F06421484301900090A4
:1031E0002068416821F0200141602068416809069B
:1031F0000CD53B496164009900295DD0491E0091BE
:1032000094F851100729F6D10199009141684906B7
:103210000BD5344921640099F1B3491E009194F80B
:1032200051100729F7D10199009140684FF04007EC
:1032300080074FF0000514D5A06C90B10565A06C17
:10324000FEF706FC00B167652068416821F00201C5
:1032500041602068009971B3491E00918168890717
:10326000F8D520684068C00711D0E06C78B10565DA
:10327000E06CFEF7EDFB00B167652068016821F0A6
:10328000400101602068416821F001014160E5874B
:10329000E586606D402800E013E01CD0656520687D
:1032A000C1688168009180680090012084F8510015
:1032B0003046BDE8FC8109E0616D41F04001616587
:1032C000A2E7616D41F040016165ACE7606D40F0DF
:1032D00040006065C5E70126E1E70000100000201E
:1032E000BD6400086564000810B5040011D0022018
:1032F00084F851002068016821F0400101602046F7
:1033000000F0E6F80020606584F8510084F8500071
:1033100010BD012010BD704738B5016804464A68E9
:103320008868C043430606D5C30704D1D3435B0670
:1033300001D4216C05E0830708D4D3431B0605D4D0
:10334000616C01B02046BDE830400847830603D5D4
:10335000430601D5C30551D4D3439B064ED443063F
:103360000AD494F85130032B49D0636D43F0040321
:103370006365CB688B680093830609D4636D43F063
:10338000010363658B6800930B6823F040030B60B7
:10339000C00506D4606D40F0080060652068806854
:1033A0000090606D002829D02068416821F0E0017C
:1033B0004160012084F85100900701D4D00722D049
:1033C0002068416821F003014160114DE06C40B17B
:1033D0000565E06CFEF785FB18B1606D40F04000BC
:1033E0006065A06C002809D00565A06CFEF779FB2C
:1033F000002803D0606D40F04000606538BDC868AB
:103400008868009038BD2046FFF785FF38BD000072
:10341000D964000870B5040009D0606A002540B185
:1034200025616561A56294F8510040B10CE001206E
:1034300070BD6068B0F5827FF4D0E561F2E784F892
:103440005050204600F094F8022084F85100206883
:10345000016821F040010160A088218900F4827098
:1034600001F404410843A18901F400610843217C6F
:1034700001F002010843217D01F001010843218B85
:1034800001F400710843217F01F03801084394F8EA
:10349000201001F080010843218D01F40051084300
:1034A00021680860A069042101EA104094F8241002
:1034B00001F010010843216848602068C16921F4C7
:1034C0000061C1616565012084F85100002070BD74
:1034D00010B5044601681F4881420DD11E4801689D
:1034E00021F480510160E0211C48FEF7C7FCA06C6C
:1034F000BDE81040FEF707BB1748194A001F91426C
:103500000FD1016821F48041016091001548FEF758
:10351000B5FCE06CFEF7F7FAA06CFEF7F4FA242095
:1035200012E0114A914213D1016821F40041016077
:103530004FF4E0510D48FEF7A1FCE06CFEF7E3FA12
:10354000A06CFEF7E0FA3320BDE81040FFF728BB7F
:1035500010BD00000030014044380240000002402D
:103560000038004000040240003C004000080240D7
:103570002DE9F04786B0044614216846FCF779FE31
:103580008B488A4BD4F800C0022103224027002533
:1035900006154FF0050A9C453ED1854B1433D3F8F0
:1035A00000C04CF4805CC3F800C01B6803F4805377
:1035B0000593036843F001030360006800F0010015
:1035C0000590E0208DE82300CDE9032A694679487B
:1035D000FEF708FDDFF8E48177494046C8F800109F
:1035E000C0E90356C8F81450C8F81850C8F81C5061
:1035F0004FF0C061C8F82050C8E90117C8F824503E
:10360000FEF788FB08B1FDF76FFBC4F84880C8F8E7
:10361000384006B0BDE8F087654BDFF8A481103371
:10362000C4455DD1D3F800C0A9464CF4804CC3F822
:1036300000C01B6803F480430593036843F0020352
:103640000360006800F0020005904FF460408DE8D0
:103650002300CDE9032A69465A48FEF7C3FCDFF888
:103660005C81594908F160084046C0E90015C8F876
:103670000850C0E90356C8F81450C8F81850C8F8E4
:103680001C50C8F82050C8F82450FEF743FB08B17E
:10369000FDF72AFB494D4C48C4F84C80C035183022
:1036A000C8F838402860C5E90197C5E90396C5F810
:1036B0001490C5F81890C5F81C90C5F820902846BD
:1036C000C5F82490FEF726FB08B1FDF70DFBA564B5
:1036D000002211462420AC63FFF780FA242062E028
:1036E000DFF8E880C44594D1D3F800C04CF4004C16
:1036F000C3F800C01B6803F400430593036843F05C
:1037000004030360006800F0040005904FF4E050EB
:103710008DE823000620CDE9032069462C48FEF7FA
:1037200061FCDFF8B080284940464839C0E90015FF
:10373000C8F80850C0E90356C8F81450C8F8185023
:10374000C8F81C50C8F82050C8F82450FEF7E2FA18
:1037500008B1FDF7C9FAC4F84C80C8F83840DFF862
:103760007480194908F16008603188E8A200404679
:10377000C0E90356C8F81450C8F81850C8F81C50CF
:10378000C8F82050C8F82450FEF7C4FA08B1FDF775
:10379000ABFAC4F84880002211463320C8F83840FC
:1037A000FFF71CFA3320FFF70CFA32E70030014034
:1037B0003038024000000240586402405CC20120E0
:1037C000003800400004024058600240003C0040C5
:1037D000000802407CC3012070B5044690F85100F7
:1037E00001282AD121B11AB1A068042310B105E043
:1037F000012070BD6568B5F5827F15D094F85050F2
:10380000012D1AD0012584F8505084F8513000253C
:103810006565A163A287E28725646564A586E58660
:10382000B0F5004F0BD014E084F851302046BDE8CD
:10383000704013460A4600F03BB9022070BD206874
:10384000016821F0400101602068016821F4804195
:103850000160E16C17480864E16C1748C863E16CCB
:103860001648C864E06C0565E38F2168A26B0C31D3
:10387000E06CFEF7B9FA30B1606D40F010006065A1
:1038800084F85050B4E720680168490603D4016801
:1038900041F04001016084F850502068416841F0D7
:1038A000200141602068416841F001014160002031
:1038B00070BD00000B65000829650008E964000878
:1038C00070B505464068C2B0002830D14FF482710F
:1038D0006846FCF7CEFC17492868884204D10620C8
:1038E0008DF80000144E06E0144988421FD10720CD
:1038F000134E8DF80000E86C006840684FF4807447
:10390000C0F580700204120C01D0A24200D92246F8
:10391000ADF80220314601A8FCF783FC224631466F
:103920002846FFF759FF6946064802F074FD42B089
:1039300070BD00000038004028130020003C00400B
:1039400028140020CE76002070472DE9F84F9846C5
:1039500016468A460446FEF747FC814694F8510015
:1039600001281ED1BAF1000F73D0002E71D094F847
:103970005000012815D0012784F85070032084F8E6
:10398000510000256565C4F830A0A686E686A563CB
:10399000A587E58765642564A068B0F5004F03D06E
:1039A0000CE00220BDE8F88F2068016821F040019A
:1039B00001602068016841F480410160206801686D
:1039C000490603D4016841F040010160E068B0F5A8
:1039D000006F606803D048B3012E27D047E008B1DC
:1039E000012E1FD1206B21680088C86006E0206886
:1039F0008168890709D5216B0988C160206B801C0B
:103A00002063E08E401EE0860CE0FEF7EDFBA0EBAD
:103A10000901414503D3B8F1FF3F03D035E0B8F1C8
:103A2000000F32D0E08E0028E1D123E0206B216826
:103A30000078087306E02068816889070AD5216B41
:103A400009780173206B401C2063E08E401EE086E5
:103A50000DE02BE0FEF7C8FBA0EB0901414503D3C5
:103A6000B8F1FF3F03D010E0B8F1000F0DD0E08EA9
:103A70000028E0D14A464146204602F017FE08B130
:103A800020206065A06830B109E084F8517084F8A6
:103A90005050032086E72068C1688068009084F851
:103AA000517004F8505F60680028F3D0012079E776
:103AB00070B5044690F851006568012806D0B5F548
:103AC000827F3AD1A568A5BB042836D191B38AB3C9
:103AD00083B394F8500001282FD0012084F85000BF
:103AE00094F85100042802D0052084F851000025E4
:103AF00065652163A386E386A263A387E3872564C4
:103B0000656494F85100042819D0E16C27480864D2
:103B10002748E16CC863E16C2648C864E06C056521
:103B2000E38F2168A26B0C31E06CFEF75DF900BBFE
:103B30000AE002E0FFE7012070BD022070BDE16CE9
:103B40001D4808641D48E4E72068416841F0010110
:103B50004160A06C0564A06CC563A06CC564A06CDA
:103B60000565E38E2268216B0C32A06CFEF73CF9F0
:103B700030B1606D40F01000606584F85050DAE7B5
:103B800020680168490603D4016841F040010160E2
:103B900084F850502068416841F02001416020685D
:103BA000416841F002014160002070BD1F650008BE
:103BB000F7650008E96400080B650008296500083E
:103BC00070B5044690F8510001281CD1C9B1C2B1AA
:103BD00094F85000012816D0012084F850000320EA
:103BE00084F85100002565652163A286E286A563FD
:103BF00065642564A587E587A068B0F5004F04D00B
:103C00000DE0012070BD022070BD2068016821F028
:103C1000400101602068016841F480410160A16CAD
:103C200017480864A16C1748C863A16C1648C8649B
:103C3000A06C0565E38E2268216B0C32A06CFEF748
:103C4000D3F830B1606D40F01000606584F85050DA
:103C5000D7E720680168490603D4016841F04001B4
:103C6000016084F850502068416841F020014160B3
:103C70002068416841F002014160002070BD0000F1
:103C80001565000893650008E964000870B50068D0
:103C90001349884217D18168C9430906FBD5114CE5
:103CA0006078002568B16570012220210E48FEF77A
:103CB00096FA2570A068002804D0BDE8704017F07F
:103CC000B7BB257070BD0949884201D1062003E0C9
:103CD00007498842F6D10720BDE8704004F006B8D5
:103CE0000030014014000020001002400038004065
:103CF000003C0040704770477047704770470000B5
:103D000070B590F83C20012A32D0012480F83C4064
:103D1000022280F83D2003685A689D6822F07006F0
:103D20000A6832435A60134B02689A4214D0B2F1C7
:103D3000804F11D0104B9A420ED0104B9A420BD0AC
:103D40000F4B9A4208D00F4B9A4205D00E4B9A4225
:103D500002D00E4B9A4204D1496825F080031943E2
:103D6000916080F83D40002180F83C10084670BD0D
:103D7000022070BD00000140000400400008004027
:103D8000000C0040000401400040014000180040C9
:103D900010B5040003D094F83D0010B107E00120F5
:103DA00010BD002084F83C00204600F01FF80220DF
:103DB00084F83D00211D206802F072FF012084F884
:103DC000460084F83E0084F83F0084F8400084F800
:103DD000410084F8420084F8430084F8440084F8E9
:103DE000450084F83D00002010BD000008B50068C3
:103DF0000B49884212D10B48016841F00201016071
:103E00000068002200F00200009011461D20FEF71D
:103E1000E5FEBDE808401D20FEF7D3BE08BD00004A
:103E2000000400404038024090F83D10012901D0C4
:103E300001207047022180F83D100168CA6842F0F5
:103E40000102CA6000681149884214D0B0F1804F65
:103E500011D00F4988420ED00E4988420BD00E492E
:103E6000884208D00D49884205D00D49884202D0C9
:103E70000C49884204D1816801F00701062903D06A
:103E8000016841F00101016000207047000001401D
:103E90000004004000080040000C00400004014005
:103EA000004001400018004070B5044690F83C0006
:103EB0000025012817D0012684F83C60022084F8F0
:103EC0003D002068826822F0770222F47F428260FF
:103ED0000868502838D00DDC20284FD005DC90B37E
:103EE000102811D14AE0022070BD302846D0402869
:103EF0000AD13BE060282FD070280DD0B0F5805F4C
:103F000003D0B0F5005F12D0012584F83D60002099
:103F100084F83C00284670BDCB68D1E901212068B7
:103F200002F026FF2068816841F0770109E0CB6844
:103F3000D1E90121206802F01BFF2068816841F46B
:103F400080418160E1E719E0CA684968206802F0B1
:103F500021FF5021206806E0CA684968206802F005
:103F60002AFF6021206802F00DFFCEE7CA68496889
:103F7000206802F00FFF40212068F4E72268014624
:103F80001046F0E770472DE9F04104460068C66826
:103F900005694FF00007A90713D5B10711D5F91E20
:103FA000016101202077206880698007204602D0C7
:103FB000FFF7E8FF04E000F07EF8204600F07CF810
:103FC0002777680716D5700714D521686FF00400AD
:103FD0000861022020772068806910F4407F204625
:103FE00002D0FFF7CFFF04E000F065F8204600F0B4
:103FF00063F82777280715D5300713D521686FF0A8
:1040000008000861042020772068C06980072046E6
:1040100002D0FFF7B7FF04E000F04DF8204600F0B3
:104020004BF82777E80616D5F00614D521686FF00F
:1040300010000861082020772068C06910F4407FD4
:10404000204602D0FFF79EFF04E000F034F820463F
:1040500000F032F82777E80708D0F00706D021688B
:104060006FF001000861204600F028F8280608D506
:10407000300606D521686FF0800008612046FFF702
:104080003CFE680608D5700606D521686FF0400032
:104090000861204600F026F8A8060AD5B00608D523
:1040A00021686FF0200008612046BDE8F041FFF76D
:1040B00025BEBDE8F08170477047000070B504462A
:1040C0000068074DA84201D1FEF7E4FC2068A84231
:1040D00004D1BDE87040012024F016BC70BD000082
:1040E00000200040704738B5044690F84200202870
:1040F00001D0022038BD51B14AB101202063002017
:104100006063204603F0BAFF216B012901D0012032
:1041100038BD21680A684968009121680C3151E86E
:10412000002F42F0100241E80023002BF5D138BDEA
:1041300010B50E4B02689A4207D10D4B0D4A04F0A0
:1041400035F840220B490C480BE00C4B9A420CD13D
:10415000084A074B403204F029F806494022084833
:104160004031BDE8104004F0AFB810BD0010014070
:104170004815002012C70120D01000200044004044
:104180001811002070B5044620680C3050E8001F5C
:1041900021F4907140E80012002AF5D12068143013
:1041A00050E8001F21F0010140E80012002AF5D17B
:1041B000206B012809D120680C3050E8001F21F045
:1041C000100140E80012002AF5D1206840694FF044
:1041D0000005400615D52068143050E8001F21F076
:1041E000400140E80012002AF5D1E06B48B10565B6
:1041F000E06BFDF72DFC20B1E06BFDF7B5FC20284E
:1042000006D0E585202084F842002563002070BD9B
:1042100010206064032070BD70B5044620680C3027
:1042200050E8001F21F0C00140E80012002AF5D13B
:10423000206840691546000615D52068143050E8FE
:10424000001F21F0800140E80012002AF5D1A06B88
:1042500048B10565A06BFDF7FBFB20B1A06BFDF736
:1042600083FC202805D0E584202084F8410000202C
:1042700070BD10206064032070BD10B50446006856
:10428000406994F84110C0F3C010212911D180B1C8
:104290002068143050E8001F21F0800140E800122F
:1042A000002AF5D1A06B08B1FDF7D2FB204603F040
:1042B000F0FD2068406994F84210C0F38010222974
:1042C00011D180B12068143050E8001F21F0400166
:1042D00040E80012002AF5D1E06B08B1FDF7B8FB09
:1042E000204603F0AFFD002010BD000010B50068AF
:1042F0000C49884206D1022003F0F8FC40220A490A
:104300000A4809E00A4988420AD1032003F0EEFC7A
:104310000549402207484031BDE8104003F0D4BFB2
:1043200010BD00000010014012C70120D010002075
:104330000044004018110020F8B5016804460868E0
:10434000CA684B6910F00F0F4FF0000559D003F009
:10435000010602F49077374365D0C10705D0D10537
:1043600003D5616C41F001016164410705D5D907AE
:1043700003D0616C41F002016164810705D5D90762
:1043800003D0616C41F004016164010707D502F0BC
:104390002001314303D0616C41F008016164616C1C
:1043A00000293AD0800604D5900602D5204603F0B5
:1043B0007EFD20684069616CC0F38010090700D45D
:1043C00060B3204603F03EFD20684069400621D5D9
:1043D0002068143050E8001F21F0400140E800122E
:1043E000002AF5D1E06BA8B172490165E06BFDF7D9
:1043F00078FB002811D0E06B016D01B0BDE8F04002
:10440000084783060FD593060DD52046BDE8F84032
:1044100003F04DBD2046FFF769FFF8BD2046FFF7CA
:1044200065FF6564F8BD266B2023012E7ED1C6068C
:104430007CD5D6067AD508684868009048694FF060
:10444000020640064DD5E26B106840684FF4807755
:104450000004000C3AD0A18D814237D9E085D069A3
:10446000B8422DD020680C3050E8001F21F4807134
:1044700040E80012002AF5D12068143050E8001FEF
:1044800021F0010140E80012002AF5D12068143023
:1044900050E8001F21F0400140E80012002AF5D149
:1044A00084F84230256320680C3050E8001F21F06A
:1044B000100140E80012002AF5D1E06BFDF7C8FAC0
:1044C0006663A08DE18D401A81B206E0A18D814224
:1044D000A8D1D069B842A5D166632046FFF728FE6F
:1044E000F8BDA08DE18D401A81B2E08D0028F7D093
:1044F0000029F5D020680C3050E8002F22F490728B
:1045000040E80027002FF5D12068143050E8002F34
:1045100022F0010240E80027002FF5D184F8423054
:10452000256320680C3050E8002F00E006E022F000
:10453000100240E80023002BF3D1CDE705062BD570
:10454000150629D594F841002128C9D1A068B0F5F5
:10455000805F01D12069B0B1206A411C21622168CD
:1045600000784860E08C401E0004000CE084B7D165
:104570002068C16821F08001C1602068C16841F0F5
:104580004001C160F8BD206A0088C0F3080048609F
:10459000206A801C2062E5E74006F3D55006F1D57D
:1045A000CA68204622F04002CA6084F8413000F018
:1045B00073F9F8BDFD7C000870B5040004D094F8D0
:1045C0004100002510B106E0012070BD84F8405084
:1045D000204600F023F8242084F841002068C168B8
:1045E00021F40051C160204603F0C2FC206801693B
:1045F00021F4904101612068416921F02A01416163
:104600002068C16841F40051C1606564202084F8CD
:10461000410084F842006563002070BD2DE9F04739
:1046200086B0044614216846FBF723FEDFF868C114
:1046300002212668594803220723DFF864810025F8
:104640008F064FF0400A4FF4806966454DD1534EB6
:104650001436D6F800C04CF0100CC6F800C036680E
:1046600006F010060596066846F00106066000682A
:1046700000F00100059050028DE823006946404695
:10468000CDE90323FDF7AEFC474E4648C8463060EF
:10469000C6E90175C6E903597561B561F561356211
:1046A00030467562FDF736FB08B1FCF71DFBE6638B
:1046B000B4633D4E3B4860367830C6E903587561B7
:1046C000B561F5613562756286E881043046FDF7B3
:1046D00021FB08B1FCF708FBA66300221146252048
:1046E000B463FEF77BFA252051E0DFF8C0C06645D1
:1046F0004FD12A4E1036D6F800C04CF4003CC6F814
:1047000000C0366806F400360596066846F00106D5
:104710000660006800F0010005900C208DE8230081
:1047200069464046CDE90323FDF75CFC1E4E204858
:10473000C036B8463060C6E90175C6E903597561EF
:10474000B561F56135624F4630467562FDF7E2FAB4
:1047500008B1FCF7C9FAE663B463164E1448C6E91B
:1047600003577561B561F56135621830756286E889
:1047700001053046FDF7CEFA08B1FCF7B5FAA6639D
:10478000002211462620B463FEF728FA2620FEF701
:1047900018FA06B0BDE8F08700100140303802403A
:1047A00000000240406402406011002000440040CC
:1047B000886002408012002010B50F4A01689142C3
:1047C00008D10E4B0E4A402103F0F0FC40220C4968
:1047D0000C480CE00C4A91420DD1094A074B40327B
:1047E000402103F0E3FC0649402208484031BDE87F
:1047F000104003F069BD10BD0010014048150020B5
:1048000012C70120D01000200044004018110020E1
:104810007047000070B5044690F84100202801D090
:10482000022070BD01B3FAB12162A284E2840020AB
:104830006064212384F84130A56B144BEB63A56BB6
:10484000134B2B64A56B134BEB64A36B18652068AB
:104850001346A56B021D2846FDF7C6FA30B110209D
:104860006064202084F84100012070BD21686FF051
:10487000400008602068143050E8001F41F08001BB
:1048800040E80012002AF5D1002070BDF97D000833
:104890003B7E00080B7D000800680649884201D174
:1048A000022003E00449884202D1032003F01EBA2B
:1048B0007047000000100140004400407047FEE7D0
:1048C0000148FDF7B2BC0000281000200148FDF7A8
:1048D00009BD0000281000200148FDF7A6BC00001B
:1048E0007C1000200148FDF7FDBC00007C1000207A
:1048F00038B5806B002190F83D202B4B46F2A81470
:104900001B68B3FBF4F3C3EBC30303EB8303009314
:104910003BB15B1E009303681B689B0505D5009B9C
:10492000F6E7036C43F020030364436B03B1D963E0
:10493000836B03B1D96303681C6824F480641C6032
:104940004185436B03B11965836B03B11965036836
:104950001C6824F001041C6090F83D402023602C6A
:104960000BD0282434EA02020FD080F83D3080F8C2
:104970003E1000BFFDF7CEFD38BD80F83D3080F819
:104980003E100164FDF736FC38BD0268136843F041
:10499000010313600268136843F4806313600163CA
:1049A00080F83D40E6E70000100000200068416903
:1049B000C943090601D400210161704770B504465E
:1049C00090F83D0094F83E10102901D0402906D1FE
:1049D000222804D121680A6822F400620A60282192
:1049E00031EA00024FF000054FF0200626D0216882
:1049F0004968090505D4602803D084F83D6084F82F
:104A00003E50256320684168090537D5416821F487
:104A100000614160606B90F835203C49012A11D05B
:104A20000165606BFDF75DF838B32068016821F01F
:104A30000101016084F83D60606B1CE0256384F82F
:104A40003D10DFE7A06B0165A06BFDF74AF8A0B150
:104A500020684169C943490605D40069616A087044
:104A6000606A401C60622068016821F001010160F9
:104A700084F83D60A06B016D884710E094F83D100C
:104A8000602910D04169C943490605D40069616AAB
:104A90000870606A401C60622046FDF73BFD206C98
:104AA000C1071CD115E084F83D6025644169C94304
:104AB000490605D40069616A0870606A401C60623A
:104AC0002068016821F0010101602046FDF792FB9A
:104AD000E5E7810703D4410701D4000704D5206826
:104AE000416821F4E061416094F83D00216C490780
:104AF0000BD5282809D10648E062256384F83D607B
:104B000084F83E502046FDF7CBFD70BDF14800080B
:104B10000000FFFF01684A69D24352050FD46FF4C9
:104B200080624A61002140F8301F20224273817365
:104B3000026942F004020261017301207047002003
:104B4000704710B5C26A438D0168042B06D0438DAF
:104B5000032B08D0438D022B1DD012E04A6822F4AB
:104B600080624A600CE04B6823F480634B60042A47
:104B700006D0022A04D001680A6822F480620A6022
:104B800001680969426A1170416A491C4162418D9C
:104B9000491E418510BD012A34D0102A32D0042A82
:104BA00034D0022A32D00B6843F400730B600168E2
:104BB0000969436A1970416A491C4162438D5B1E51
:104BC000438503681B690B70416A491C4162418D32
:104BD000491E418501684B6823F440734B602021D6
:104BE00080F83D1090F83E300021402B80F83E10B8
:104BF00010D0082A02D0202A00D012210163FDF72C
:104C00008BFD10BD0B6823F48063CFE70B6843F482
:104C10008063CBE70163FDF717FE10BD38B590F850
:104C20003D10222910D1C36A418D03290DD9016895
:104C30000969426A1170416A491C4162418D491EED
:104C40004185418D032906D038BDC26A022A02D0AF
:104C5000012906D029B10068416821F480614160D2
:104C600038BD2A4A46F2A81400211268B2FBF4F2B9
:104C700002EB8202009202682024009D6D1E0095C6
:104C800026D01568AD05F8D4156825F48065156043
:104C90000268556825F4E065556002681269456A46
:104CA0002A70426A521C4262428D521E428580F82E
:104CB0003D4090F83E2080F83E10402A21D0082B3D
:104CC00002D0202B00D012210163FDF725FD38BD55
:104CD000036C43F020030364536823F4E0635360E0
:104CE00002681269436A1A70426A521C4262428D1B
:104CF000521E428580F83D4080F83E10FDF70AFCC8
:104D000038BD0163FDF7A0FD38BD00001000002094
:104D1000F8B50446C06A1E460D461746082807D057
:104D2000012805D010F5803F02D0206B122804D155
:104D30002068016841F480710160134600224FF041
:104D400001112046009600F03BFB40B1206800684E
:104D5000C00502D54FF4007020640320F8BD20691F
:104D6000B0F5804F0ED00620216800EAD51040F043
:104D7000F000086133463A460B49204600F068FBD4
:104D800078B902E005F0FE0000E0E8B221680861B1
:104D9000054933463A46891F204600F059FB002852
:104DA000DCD00120F8BD00000800010010B5C26A87
:104DB00090F83D1021290BD1418D51B1416A026813
:104DC00009781161416A491C4162418D491E418542
:104DD00010BD20230021082A13D0202A11D012F55B
:104DE000803F0ED00268546824F4E06454601122BD
:104DF000026380F83E1080F83D3000BFFDF78DFC67
:104E000010BD0268546824F4E064546002681468B9
:104E100044F400741460016380F83D3090F83E2043
:104E200080F83E10402AE9D1FDF70FFD10BD0000CB
:104E300010B590F83D1090F83E30C26A048DB4B1C0
:104E4000212903D0402B11D122290FD1418DE1B36B
:104E500090F83E10402942D0416A026809781161F9
:104E6000416A491C4162418D491E418510BD21297D
:104E7000E8D120230021082A13D0202A11D012F5CE
:104E8000803F0ED00268546824F4E064546011221C
:104E9000026380F83E1080F83D3000BFFDF73DFC16
:104EA00010BD0268546824F4E06454600268146819
:104EB00044F400741460016380F83D3090F83E20A3
:104EC00080F83E10402AE9D100E002E0FDF7BDFC89
:104ED00010BD0068416821F48061416010BDBDE8EB
:104EE000104000F0D3B8000078B590F83E50C26A88
:104EF000036B90F83D6000240168222E7AD1066D84
:104F00000EB9402D76D0056D1DB90569B5F5404F38
:104F100009D0458D05B3468D384D012E0ED0438DF9
:104F2000022B3AD05DE04A698A6900920A6842F42D
:104F300080720A60016D491C016578BDAA4213D1D7
:104F40000A6822F480620A6001684A68120503D583
:104F50000A6822F4806216E04A698A6900920A6847
:104F600042F400720A6039E0082A10D0202A0ED0DC
:104F7000122B0AD0042A03D0022A01D0102AE7D12A
:104F80000A6842F480620A6024E0012AE0D00A68DC
:104F900022F480620A600168DEE7042A21D0022A36
:104FA0001FD0102A1DD00B6823F480630B600168AA
:104FB0000B6843F400630B6001684B681B0509D55F
:104FC000AA4212D0012A10D0082A0ED0102A0CD0E2
:104FD000202A0AD001684A6989690091046578BD70
:104FE00008E00B6843F48063E5E74A6842F48052C6
:104FF0004A60EFE7486988690090F0E70000FFFF2A
:1050000090F83E10402910D00169B1F5804F19D0B9
:10501000016DA9B3016D012910D1416C5FF0F1025E
:1050200001F4407142EAD11106E0016D0029416CA2
:1050300005D0C9B241F0010100680161704701F07B
:10504000FE01F9E790F83D102129416C09D0C9B261
:1050500041F0010102681161416B29B1C96B49B985
:1050600002E001F0FE01F5E7816B0029E6D0C96B93
:105070000029E3D00068416841F400614160704755
:10508000FFE7416CF02201F44071CBE710B590F8D6
:105090003D10026D4AB1026D012A14D0026D022A40
:1050A00016D0BDE81040FFF781BCC16C0129816CAE
:1050B00002D0C1F3072108E00268C9B21161016D95
:1050C000891C016510BD816CC9B20268116123E0C1
:1050D00022291CD0428D0AB1212920D0428D002ADC
:1050E000F0D12129EED101684A6822F4E0624A60D9
:1050F00001680A6842F400720A60002101632022FC
:1051000080F83D2080F83E10FDF79FFB10BD016840
:105110000A6842F480720A60016D491CD1E7416A55
:10512000026809781161416A491C4162418D491E3A
:10513000418510BD38B50C4690F83D20002128254A
:10514000954302680B4605D051699169009180F83A
:105150003C3038BD556825F480655560E2435407FE
:1051600000D50121120601D5828900E0028B80F86A
:105170003C3092B2FDF73FF838BD00002DE9F04118
:1051800090F83D300446C26A002120261E4F006878
:105190006FF48065082A01D0202A01D1282B04D081
:1051A000212B17D04561BDE8F081E762426822F407
:1051B000E0624260206845612068026822F48062F3
:1051C0000260216384F83D6084F83E102046FDF7BC
:1051D00067FAE8E7E7622122226384F83D6084F8F9
:1051E0003E10416821F4E06141602068456120681B
:1051F000016821F4806101602046FFF7D7FB20465B
:10520000FDF708FCCFE700000000FFFFF8B590F8BD
:105210003D6004460068416821F4E0614160206817
:10522000002541690091016841F001010160206899
:10523000016821F48061016020684168090520D57A
:10524000474F222E48D02A2E46D0616B0968496804
:105250006185618D19B1216C41F0040121644168BF
:1052600021F400614160606BFCF780FC012808D0EC
:10527000606B0765606BFCF734FC10B1606B016D0F
:105280008847608D08B320684169C943490708D43D
:105290000069616A0870606A401C6062608D401E2F
:1052A000608520684169C943490608D40069616A7C
:1052B0000870606A401C6062608D401E6085608D71
:1052C00018B1206C40F004002064206C00B320462C
:1052D000BDE8F840FFF772BBA16B096849686185BA
:1052E000618D19B1216C41F004012164416821F400
:1052F00000614160A06BFCF739FC0128C1D0A06BB4
:105300000765A06BFCF7EDFB0028BAD0A06BB6E7F1
:105310002A2E06D12563282084F83D002046FDF77B
:105320003FFB94F83D10202028290DD0216B222925
:1053300001D0222E07D1256384F83D0084F83E5029
:105340002046FDF72DFBF8BD0649E162256384F890
:105350003D0084F83E502046FDF7A2F9F8BD00005C
:10536000F14800080000FFFF70B516460D460446E0
:105370001EE02046FFF7CEFB08B1012070BD681C7F
:1053800016D0FCF731FF801BA84200D885B92068F1
:105390004069C04340070BD5002044F8300F20215E
:1053A0006173A073216941F0200121612073E4E75A
:1053B00020684069C0434007DBD4002070BD000076
:1053C0002DE9F047984617460D460446C1F30746B7
:1053D000DDF820902AE000BFB8F1FF3F26D0FCF7AF
:1053E00003FFA0EB0901414502D8B8F1000F1DD120
:1053F0002068012E16D0806925EA00000004000C08
:1054000012D00020B84211D1002044F8300F2021E2
:105410006173A073216941F0200121612073012093
:10542000BDE8F0874069E7E70120EBE72068012E3F
:105430000AD0806925EA00000004000C06D0002094
:10544000B842C9D00020EBE74069F3E70120F7E755
:105450002DE9F047984616460D4604464FF00009E0
:105460004FF0200AC1F3074723E020684069C0439A
:10547000400515D42068016841F40071016021687D
:105480006FF480604861C4F8309084F83DA084F8DF
:105490003E90216C41F00401216484F83C9021E0AD
:1054A000701C06D0FCF7A0FEA0EB0800B04203D8A9
:1054B00016B1012F1FD021E02068012F15D080697F
:1054C00025EA00000004000C18D000BF44F8309F0B
:1054D00084F80DA084F80E90216941F0200121612B
:1054E00084F80C900120BDE8F087406925EA0000AF
:1054F0000004000CEAD12068406901E0206880695E
:1055000025EA00000004000CAFD1ECE770B51646A8
:105510000D4604461EE02046FFF7FCFA08B10120C4
:1055200070BD681C16D0FCF75FFE801BA84200D837
:1055300085B920684069C04300060BD5002044F8B7
:10554000300F20216173A073216941F02001216196
:105550002073E4E720684069C0430006DBD40020E4
:1055600070BD10B50446FCF747FE2046FCF7D4FF9B
:105570002046BDE8104000F001B8000010B50068FA
:105580000949884204D11F20FDF70AFB202006E0CC
:105590000649884207D12120FDF702FB2220BDE801
:1055A0001040FDF7FDBA10BD005400400058004007
:1055B000F0B51E4A0168C1B0914202D104261C4FC9
:1055C00004E01C4A91422FD11B4F0526418DC1F5A5
:1055D00080718CB2418D4FF4807519B1AC4207D9FE
:1055E0002C4606E0808CC01B0004000C16D0F7E7A8
:1055F000A4B14FF482716846FAF73BFE8DF8006063
:10560000AC4200D92C46ADF802402246394601A8EA
:10561000FAF707FE6946094800F0FDFE41B0304642
:10562000BDE8F04000F042B841B0F0BD0054004089
:1056300092C701200058004092C801204C5600201B
:10564000002918D0042814D0052814D10A480A6863
:1056500042604A6882608A68C260CA6802610A69F8
:1056600042614A6982618A69C261C9690162FFF760
:1056700078BF0248EBE770477C100020281000201C
:1056800010B504280AD005280AD1064C2046FFF799
:1056900068FF2046BDE81040FFF770BF024CF5E7F9
:1056A00010BD00007C1000202810002070B50428D8
:1056B0000FD0052821D1114C114D2046FFF751FF85
:1056C00010492068884207D11F20FDF77AFA202070
:1056D00009E00D4C0D4DF0E70D49884205D1212020
:1056E000FDF76FFA2220FDF76CFA29462046BDE847
:1056F00070404FF48072FDF78FB970BD7C100020B0
:1057000092C80120005400402810002092C70120B8
:1057100000580040704700002DE9F8431F465FEA3B
:10572000020804D01FB1042804D0052804D00120A9
:10573000BDE8F8830C4D00E00C4D4FF6FF7000EA19
:10574000410164260C4628460096FCF7E7FF022834
:10575000EED12846FFF705FF21463B464246284644
:105760000096FCF7DBFFE3E7281000207C10002008
:105770002DE9F041164E05460021348870884443D7
:10578000084600F06DFA00F0E3FB3188284600F08F
:1057900025F8104F002220213846FCF720FD012279
:1057A00010213846FCF71BFD08E03588A54200D3E0
:1057B00025466900084800F023F8641B002CF4D14A
:1057C0003846BDE8F04101222021FCF708BD000069
:1057D00004C701200010024084C4012030B5040A2F
:1057E000C3B20020054A06E002F8104002EB400573
:1057F000401C6B7080B28842F6D330BD84C4012057
:1058000010B5064C012222708AB201460448FEF708
:10581000D7F920780028FCD110BD0000140000202A
:1058200054C10120044B9A6001225A708AB2014689
:105830000248FEF7C5B900001400002054C1012041
:105840002DE9F041F0212C232A252E4C4FF4A07293
:105850002B2630B1012804D0022815D0032813D0FC
:1058600022E00027A77121806280238165810028C2
:10587000A6814FF0360003D000F02AFBC02011E0D3
:1058800000F026FB00200DE00127A7712280618037
:10589000238165810228A6814FF036002ED000F0CA
:1058A00017FB602000F0F6FA608900F011FB002081
:1058B00000F0F0FA002000F0EDFA2088401EC0F35E
:1058C0000F2000F0E7FA2078401EC0B200F0E2FAA4
:1058D000A08900F0FDFA002000F0DCFA002000F0C2
:1058E000D9FA6088401EC0F30F2000F0D3FAA078E8
:1058F000BDE8F041401EC0B200F0CCBA00F0E8FABA
:10590000A020CFE704C701202DE9FE4F161ACDE9EC
:1059100000104FF000085D1A47464FF0FF30002E90
:1059200002DD4FF0010102E003D14FF000018B4690
:1059300002E08346C6F10006002D02DD4FF00100B3
:1059400002E003D14FF00000824602E08246C5F13A
:105950000005AE4201DD344600E02C46601C4FF0ED
:105960000009029018E0009881B2019880B200F01E
:1059700019F8B0442F44A04504DD0198A8EB0408B1
:1059800058440190A74203DD00983F1B504400900B
:1059900009F101001FFA80F902998945E3DDBDE8AC
:1059A000FE8F000010B500F05BF900F0D1FA03485B
:1059B0004088BDE8104000F0A9BA000014000020A3
:1059C0002DE9FC5F80460025144603200F46A0EB1E
:1059D000440649E0381B81B208EB050A01901FFA22
:1059E0008AF0FFF7DFFF781B81B208EB0409009013
:1059F0001FFA89F0FFF7D6FF07EB050B1FFA8BF1B3
:105A00001FFA89F0FFF7CEFF07EB04091FFA89F1AF
:105A10001FFA8AF0FFF7C6FFA8EB050A1FFA89F103
:105A20001FFA8AF0FFF7BEFFA8EB04091FFA8BF1FB
:105A30001FFA89F0FFF7B6FF019881B21FFA8AF0CA
:105A4000FFF7B0FF009881B21FFA89F0FFF7AAFFB5
:105A50006D1C002E03DA06EB8506B61D04E0281B3C
:105A600006EB8006641E0A36A542B3DDBDE8FC9F46
:105A700010B5144600F0F4F8034821460089BDE84B
:105A8000104000F06BBA000004C7012010B56F4C45
:105A9000012208212046FCF7A2FB0A20FCF7DCF9D2
:105AA000002208212046FCF79AFB1420FCF7D4F9C9
:105AB000012208212046FCF792FB9620FCF7CCF946
:105AC000012000F005FA9620FCF7C6F9112000F03D
:105AD000FFF97820FCF7C0F9362000F0F9F9002032
:105AE00000F0D8F93A2000F0F3F9552000F0D2F98F
:105AF000B22000F0EDF90C2000F0CCF90C2000F001
:105B0000C9F9002000F0C6F9332000F0C3F93320B2
:105B100000F0C0F9B72000F0DBF9752000F0BAF909
:105B2000BB2000F0D5F9152000F0B4F9C02000F03A
:105B3000CFF92C2000F0AEF9C22000F0C9F9012005
:105B400000F0A8F9C32000F0C3F9132000F0A2F977
:105B5000C42000F0BDF9232000F09CF9C62000F01D
:105B6000B7F90F2000F096F9D02000F0B1F9A42089
:105B700000F090F9A12000F08DF9D62000F0A8F9EE
:105B8000A12000F087F9212000F0A2F9E02000F028
:105B90009FF9D02000F07EF9082000F07BF910205A
:105BA00000F078F90D2000F075F90C2000F072F982
:105BB000072000F06FF9372000F06CF9532000F057
:105BC00069F94C2000F066F9392000F063F91520DE
:105BD00000F060F9152000F05DF92A2000F05AF974
:105BE0002D2000F057F9E12000F072F9D02000F0EC
:105BF00051F90D2000F04EF9122000F04BF9082069
:105C000000F048F9082000F045F9152000F042F9AD
:105C1000342000F03FF9342000F03CF94A2000F035
:105C200039F9362000F036F9122000F033F913204C
:105C300000F030F92B2000F02DF92F2000F02AF988
:105C4000BDE81040292000F043B9000000100240D8
:105C50000246012000E05043491EC9B2FBD2704702
:105C600070B50B4E05460C46708900F031F9280AD4
:105C700000F010F9E8B200F00DF9B08900F028F951
:105C8000200A00F007F9E0B2BDE8704000F002B968
:105C900004C701202DE9F04105461044401E87B29B
:105CA000C818DFF84C80401E86B20C46B8F80A00CF
:105CB00000F00EF9280A00F0EDF8E8B200F0EAF87A
:105CC000380A00F0E7F8F8B200F0E4F8B8F80C0091
:105CD00000F0FEF8200A00F0DDF8E0B200F0DAF89B
:105CE000300A00F0D7F8F0B2BDE8F04100F0D2B8C9
:105CF00004C701202DE9FF5F1D460C468A46580760
:105D000000D0012000EBD500690810FB01F0203A1B
:105D100000F0FF09D0B20026DFF898B0029044E00E
:105D20000C2D11D0102D14D0182D40D102982249DD
:105D300000EBC00001EB80004FF00008875D3806E3
:105D40000CD51E4842880DE002981D4900EB40002A
:105D5000F0E71C49029801EB0010EDE70E9828B916
:105D60001648828821460098FFF782FE7806070EC3
:105D7000641CBBF80200A4B2A04218D9A4EB0A002C
:105D8000A84209D100985446401C80B20090BBF84C
:105D9000001081420BD906E008F1010000F0FF0875
:105DA000B8F1080FCBD3761CF6B24E45B8D3BDE898
:105DB000FF9F000004C7012054F4020814000020D3
:105DC000F0E9020864EE02082DE9FF4F81B00026D9
:105DD000DDF838A01D46934681463446B0464FEA6A
:105DE0005A0727E0281B401EC1B20A20FFF730FFE8
:105DF000BBFBF0F00A21B0FBF1F201FB120026B967
:105E0000691E8C4201DA48B101263030C2B207FB6C
:105E1000049080B25346CDF8008006E007FB049062
:105E200080B253462022CDF800800299FFF762FF2E
:105E3000641CE4B2AC42D5D305B0BDE8F08F2DE9C7
:105E4000F84F044600F0FF0910190D46DDE90AB6C7
:105E50001FFA80F8581987B24FF0000A12E0444543
:105E600003D305EB0B004C4685B2BD420FD25B4617
:105E700029462046CDF800A0FFF73CFF04EB5B006D
:105E800084B2761C3278A2F120005E28E7D9BDE802
:105E9000F88F000038B50C4C8DF80000002220214E
:105EA0002046FCF79CF9012210212046FCF797F9C7
:105EB0000A23012269460548FDF747FD01222021FA
:105EC0002046FCF78CF938BD0010024054C1012077
:105ED00038B50C4C8DF80000002220212046FCF73C
:105EE0007EF9002210212046FCF779F90A230122CD
:105EF00069460548FDF729FD012220212046FCF7CF
:105F00006EF938BD0010024054C1012038B50E4D65
:105F10000446002220212846FCF761F901221021C5
:105F20002846FCF75CF9200A8DF800008DF8014046
:105F30000A23022269460548FDF707FD01222021B8
:105F40002846FCF74CF938BD0010024054C101202E
:105F500001480089FFF7BCBF04C7012010B50C46FB
:105F6000FFF7B6FF2046BDE81040FFF7CFBF0000A7
:105F70000F4810B50D4901600721416000214FF421
:105F800060228160C0E90312D2004261017641764D
:105F90008176C17601774177FBF76CFB002803D04F
:105FA000BDE81040FAF7A0BE10BD0000006400403C
:105FB000D80F00200F4810B50D490160072141603E
:105FC00000214FF460228160C0E90312D2004261D7
:105FD000017641768176C17601774177FBF74AFBFE
:105FE000002803D0BDE81040FAF77EBE10BD0000C7
:105FF00000680040001000202D4808B5016841F4F9
:1060000080010160016801F480010091016841F4A0
:10601000001101600068002200F400100090114699
:106020000B20FCF7DBFD0B20FCF7CBFD002211461B
:106030000E20FCF7D3FD0E20FCF7C3FD0022114615
:106040000F20FCF7CBFD0F20FCF7BBFD0022114613
:106050001020FCF7C3FD1020FCF7B3FD0022114611
:106060001120FCF7BBFD1120FCF7ABFD002211460F
:106070002F20FCF7B3FD2F20FCF7A3FD00221146D3
:106080003A20FCF7ABFD3A20FCF79BFD00221146BD
:106090003B20FCF7A3FD3B20FCF793FD00221146BB
:1060A0004620FCF79BFDBDE808404620FCF789BD73
:1060B00030380240F0B587B014216846FAF7D9F8B5
:1060C00034480025016841F010010160016801F0C9
:1060D00010010591016841F080010160016801F043
:1060E00080010591016841F004010160016801F03F
:1060F00004010591016841F001010160016801F0AE
:1061000001010591016841F0020101600068224E21
:1061100000F00200059000226F213046FCF75FF886
:10612000012210213046FCF75AF81C4F00220F21A3
:106130003846FCF754F801244420CDE900040294C9
:10614000694630460394FBF74DFF0A208DE8310085
:10615000694630460395FBF745FF30208DE8310056
:10616000694630460394FBF73DFF0F20CDE900045C
:106170000294694638460394FBF734FF02200094EA
:10618000CDE90140694630460394FBF72BFF07B089
:10619000F0BD00003038024000100240000802400C
:1061A0000D4810B50B4901600C49416000214FF4C6
:1061B00080428160C0E9031241618161C161016275
:1061C000FCF7AAF9002803D0BDE81040FAF78CBD0F
:1061D00010BD00000054004028100020A0860100DF
:1061E0000D4810B50B4901600C49416000214FF486
:1061F00080428160C0E9031241618161C161016235
:10620000FCF78AF9002803D0BDE81040FAF76CBD0E
:1062100010BD0000005800407C100020A086010046
:10622000104810B50E4901604FF4827141600021A1
:106230008160C1604FF400720161C0E90512102253
:10624000C0E90721416281620A21C162FDF7E2F8DB
:10625000002803D0BDE81040FAF746BD10BD00008D
:106260000030014054C101200F4810B50D490160B4
:106270004FF48271416000218160C1604FF400726F
:106280000161C0E90512C1610162416281620A21B6
:10629000C162FDF7BFF8002803D0BDE81040FAF74F
:1062A00023BD10BD00380040ACC101200F4810B51F
:1062B0000D4901604FF48271416000218160C1602D
:1062C0004FF400720161C0E90512C16101624162CF
:1062D00081620A21C162FDF79DF8002803D0BDE864
:1062E0001040FAF701BD10BD003C004004C201207F
:1062F00010B586B0002417480094019402940394CA
:1063000004941349059401605321C0E9011440F23B
:10631000E731C0E903148461FDF73AFD08B1FAF7EB
:10632000E3FC4FF48050009069460A48FDF7BCFD3D
:1063300008B1FAF7D9FC049404A906480594FDF7BE
:10634000DFFC002801D0FAF7CFFC06B010BD00003A
:10635000000400403CC401200C4810B50A4901600B
:106360004FF4E1314160002181600C22C160C0E93D
:1063700004128161C161FEF71FF9002803D0BDE856
:106380001040FAF7B1BC10BD00100140D010002041
:106390000C4810B50A4901604FF4E1314160002119
:1063A00081600C22C160C0E904128161C161FEF705
:1063B00003F9002803D0BDE81040FAF795BC10BDE2
:1063C0000044004018110020FEE7FEE7704700F58A
:1063D0000250002101704170704710B500F5005463
:1063E0000B4694F8801094F88120914201D100204E
:1063F00010BD14F8811F4FF4827201EB811100EB84
:1064000081011846F9F70DFF2078401C00F01F00AD
:106410002070012010BD70B500F5005494F8802064
:10642000521C02F01F0594F88120AA4201D10020DD
:1064300070BD14F8802F02EB821200EB82004FF443
:106440008272F9F7EEFE2570012070BD0148FCF75D
:1064500063BF0000ACC101200148FCF75DBF000034
:1064600004C2012008B500210091134945F6C0522D
:106470000968B1FBF2F16422514300910168009A6E
:10648000A2B1521E00928A689207F8D50A6822F0DB
:1064900040020A6001684A6822F0E0024A6001682E
:1064A000C9680091072180F8511008BD426D42F083
:1064B00040024265EAE700001000002001684A68D7
:1064C00022F080024A6001680A6822F040020A60F5
:1064D000072180F85110704710B5806B0021C187EB
:1064E000C186FCF718FF10BD10B5806B01684A68C3
:1064F00022F003024A60416D41F010014165012123
:1065000080F85110FCF707FF10BD10B5806BFDF748
:106510001BFA10BD10B5806BFDF7ECFB10BD10B57C
:10652000806BFDF7E9FB10BD70B50546846BFBF78A
:106530005BFE024628680068C00526D420684168D2
:1065400021F020014160A06818B96068B0F5827F31
:1065500016D02068416821F0010141606421204685
:1065600000F076F808B1202060650020E087012067
:1065700084F85100606D40B12046FCF7CCFE70BD40
:106580002068416821F00301E7E72046FDF798F90C
:1065900070BD38B50546846BFBF726FE02462868B9
:1065A0000068C00523D42068416821F020014160C3
:1065B0002068416821F0020141606421204600F01A
:1065C00075F818B1606D40F020006065A06800218A
:1065D00018B92068C26880680090E186012084F8BC
:1065E0005100606D18B12046FCF795FE38BD20467D
:1065F000FDF74CFB38BD70B50546846BFBF7F4FD29
:10660000024628680068C0051ED42068416821F051
:10661000200141606421204600F048F818B1606D07
:1066200040F0200060652068416821F0030141606E
:106630000020E086E087012084F85100606D18B1E9
:106640002046FCF768FE70BD2046FDF754FB70BD88
:10665000F8B5044640684FF48273984221D1A0688F
:106660004FF48065B0F5004F01D0A8420AD12068F0
:10667000066826F0400606606068984211D1A0685E
:10668000A8420ED000920B4600228021204600F046
:10669000DDF9002804D0606D40F020006065032023
:1066A000F8BD00920B4600220121EFE7F8B5154630
:1066B0000E460B46009204460122022100F0C6F964
:1066C000A0B9134813490068B0FBF1F04FF47A7198
:1066D000484300906068B0F5827F0DD133460022B8
:1066E00080212046009500F0B1F970B1606D40F056
:1066F000200060650320F8BD009830B1401E009076
:1067000020688068C0430006F6D50020F8BD000070
:106710001000002000366E0110B50446FCF752FD53
:106720002046FCF777FEBDE81040AFF3008010B5BF
:106730002420FCF735FABDE810403320FCF730BACE
:1067400070B5062816D0072817D10C4C0C4D00BF89
:1067500094F85100032810D12046FFF7DDFF606850
:1067600000280AD129462046BDE870404FF48072C7
:10677000FDF732B8034C044DEAE770BD04C20120B6
:1067800028140020ACC101202813002070B586B069
:106790000D00064659D0062E24D0072E55D12C4C7C
:1067A0002046FCF7A1FD286860606868A060A868C2
:1067B000E060E8682061286960616869A061A86993
:1067C000E061E86920622046FCF724FEFFF7AFFF96
:1067D000142220496846F9F724FDA869082803D83F
:1067E000022004E01C4CDBE7182801D801200390AC
:1067F000062E02D0072E11D107E04FF46040009022
:10680000052004906946154806E04FF4E0500090DA
:106810000620049069461248FBF7E4FBA06CFBF7E6
:1068200072F9A06C00254FF480364562A06C0662B8
:10683000A06CFBF76FFAE06CFBF765F9E06C456262
:10684000E06C0662E06CFBF765FA06B070BD000014
:1068500004C20120E8010308ACC101200004024089
:106860000008024010B5044606280ED0072C0BD1B4
:10687000084800BF4FF482714160FFF74DFF0021CF
:106880000548062C03D0417010BD0448F2E70170A2
:1068900010BD000004C20120EC0D0020ACC101209D
:1068A0002DE9F0410746062814D0072F17D10D4CCB
:1068B0000D4E002520466560FFF72EFF0B48062F82
:1068C0000BD0457031462046BDE8F0414FF4807250
:1068D000FCF782BF064C074EEBE70570F2E7BDE818
:1068E000F081000004C2012028140020EC0D0020DB
:1068F000ACC101202813002010B50548FCF762FC4C
:106900000448FCF75FFCBDE81040FFF710BF000033
:10691000ACC1012004C201202DE9F0413C483D4CAE
:10692000C2B0416800264FF482774FF4807889BB6B
:1069300090F8511004292DD1C16C0968496889B2B9
:10694000C1F580710D042D0C5DD0006880680006D3
:1069500020D42078401CC0B2207002281AD32670A0
:106960002B48FCF72FFC39466846F9F782FC0620D5
:106970008DF80000ADF802502A46274901A8F9F722
:1069800050FC69462548FFF746FD4246224920480B
:10699000FCF722FF22484168002931D190F85110BC
:1069A00004292DD1C16C0968496889B2C1F580718B
:1069B0000D042D0C29D000688068000620D4607872
:1069C000401CC0B2607002281AD366701448FCF7ED
:1069D000F9FB39466846F9F74CFC07208DF80000B2
:1069E000ADF802502A460F4901A8F9F71AFC69468A
:1069F0000A48FFF710FD42460A490948FCF7ECFE39
:106A000042B0BDE8F0812670C4E76670F8E7000088
:106A1000ACC10120EC0D002028130020CE76002010
:106A200004C201202814002021B11AB1062803D085
:106A3000072803D001207047024800E00248FDF714
:106A4000BFB80000ACC1012004C201202DE9F84309
:106A50001E46914688460446089DFBF7C5FB401B31
:106A6000351AFBF7C1FB074626480068C0F3CB3058
:106A700068430AE0701C09D0FBF7B6FBC01BA842B4
:106A80000FD275B10098B8B3401E0090206881689D
:106A900038EA010033D000214945EBD10020BDE8A0
:106AA000F8832068416821F0E00141606068B0F53A
:106AB000827F0BD1A068B0F5004F02D0B0F5806F97
:106AC00004D12068016821F040010160A06AB0F59E
:106AD000005F09D12068016821F40051016020683D
:106AE000016841F400510160012084F85100002048
:106AF00084F850000320D2E7FFE70025C6E7012114
:106B0000CAE7000010000020704700002DE9F84F90
:106B10001D4616460F46044682464FF00008DFF831
:106B2000BC90DDF828B04BE0B8F1000F2FD1C8467B
:106B3000B8F80010A1EB5501A14226DBB8F802001D
:106B4000401BB84221DB3278802A20D80D2A0BD096
:106B5000182DCDF800B00CD3182339462046FFF786
:106B6000C9F80C34A4B20CE0781987B25446761CEC
:106B700007E02B4639462046FFF7BCF804EB5500EA
:106B800084B216F8010F0028D2D1BDE8F88FB9F809
:106B90000010491BA142F8DBB9F80200401BB842C3
:106BA000F3DB4FF00008202D0ED0182D5B46324647
:106BB000394620460FD0FAF76DF9601984B2B61C39
:106BC00030780028B0D1E0E75B46324639462046AF
:106BD000FAF734FAF1E7FAF7C5F9EEE704C701204E
:106BE0007047000030B593B030216846F9F741FB9B
:106BF00014210CA8F9F73DFB1D480025016841F060
:106C000080510160006800F08050119019480168BF
:106C100041F4804101600068022400F4804011903A
:106C200001200090000401908001CDE9064006207B
:106C30000890A820CDE9090404200B906846FCF7D1
:106C40000BF908B172B6FEE70CA90F2081E83100FC
:106C50004FF4A0500F904FF48050109005210CA8D5
:106C6000FBF7EEFF002801D072B6FEE713B030BD8F
:106C700040380240007000400248016841F4700151
:106C80000160704788ED00E00148FDF77CB9000025
:106C90003CC401200148FDF776B90000E012002055
:106CA000F0B50268274B284D284E294F294C4FF04C
:106CB000804C984209D0604507D0A84205D0B04228
:106CC00003D0B84201D0A04204D122F0700E4A682D
:106CD00042EA0E0298421BD0604519D0A84217D054
:106CE000B04215D0B84213D0A04211D01A4DA842DC
:106CF0000ED01A4DA8420BD0194DA84208D0194DFC
:106D0000A84205D0184DA84202D0184DA84203D180
:106D100022F44075CA682A434D6922F080022A4352
:106D20008D68C5620D688562984201D0A04201D18C
:106D300009690163016841F00401016001214161B9
:106D40000260F0BD00000140000400400008004067
:106D5000000C00400004014000400140004401409C
:106D60000048014000180040001C00400020004086
:106D700010B5846842EA032224F47F440A43224384
:106D8000826010BD826822F070020A4342F007015F
:106D90008160704710B5036A046A24F0010404623C
:106DA000846924F0F00444EA021423F00A020A433E
:106DB0008461026210BD10B5036A046A24F01004F5
:106DC0000462846923F0A00324F4704444EA02328C
:106DD00043EA01118261016210BD00002DE9FF4FFD
:106DE00083B00E46DDE910A94E4907464FF47840BE
:106DF000DDF8508008804CA01024CDE900404B4DB8
:106E00009346A0216B882A882820FFF718F848A00D
:106E1000CDE900406B882A88A0217820FFF70FF881
:106E200044A0CDE900406B882A88B4212820FFF7D0
:106E300006F841A0CDE900406B882A88B42178206B
:106E4000FEF7FDFF3DA0CDE900406B882A88C821F0
:106E50002820FEF7F4FF3AA0CDE900406B882A888D
:106E6000C8217820FEF7EBFF36A0CDE900406B8803
:106E70002A88DC212820FEF7E2FF33A0CDE900407C
:106E80006B882A88DC217820FEF7D9FF2FA0CDE976
:106E900000406B882A88F0212820FEF7D0FF0423C9
:106EA0003A46A02140200094FEF78EFF042332468C
:106EB000A02190200094FEF787FF04235A46B421B6
:106EC00040200094FEF780FF04230094B42190201A
:106ED000069AFEF779FF04235246C8214020009409
:106EE000FEF772FF04234A46C82190200094FEF763
:106EF0006BFF04230094DC214020129AFEF764FF0C
:106F000004230094DC219020139AFEF75DFF0323F5
:106F10004246F02160200094FEF756FF07B0BDE81E
:106F2000F08F00001600002078313A0004C70120DD
:106F300079313A0078323A0079323A0078333A00BF
:106F400079333A0078343A0079343A006661632044
:106F500069733A002DE9F04FDFF800B41F202DEDE2
:106F60000C8B89B04FF6FF77002425465E46ABF8C0
:106F70000000FB4807803846FEF7FAFB4FF47848DC
:106F8000A6F800803846FEF7F3FBF648A246A6F8BE
:106F900000A001684FF01009CDE900912821642379
:106FA000A0220846FEF74BFF14214246084600F097
:106FB000AFFAED4E86F820A09FEDEC0A4FF00108E5
:106FC00086ED090A9FEDEA8B9FEDEB9B9FEDECBBF5
:106FD000DFF8B4A371680120884796F82000B8EB69
:106FE000901F48D120F0400086F8200005A8B18904
:106FF00020F8241000EB8400641C0025F18AE4B220
:107000004180012C06D0022C11D0032C1FD0042C5F
:1070100031D13DE014213A46084600F079FABAF839
:1070200000004FF47842143880B2142121E0BAF8FD
:1070300000003A46143880B2142100F069FABAF818
:1070400002004FF47842143881B2142011E0BAF8EB
:1070500002003A46143881B2142000F059FABAF806
:1070600002004FF47842143881B2BAF800001438A4
:1070700080B200F04DFA0A20F9F717FE6D1CADB290
:10708000B5F57A7FA6D909B0BDEC0C8BBDE8F08FC1
:10709000BDF81400BDF81810411A00D54942BDF8DA
:1070A0001600BDF81A20801A00D5404249434043DB
:1070B0000844F9F779F941EC100B01F03BF951EC78
:1070C000100BF9F77EF984B2BDF81C00BDF8201052
:1070D000401A00D54042BDF81E10BDF82220891A82
:1070E00000D54942404301FB0100F9F75DF941EC4D
:1070F000100B01F01FF951EC100BF9F762F900EEDB
:10710000104A80B20090F8EE400A00EE100AB8EE85
:10711000401A80EE810A10EE100AF9F76BF941EC83
:107120001A0B53EC182BF9F779F97DD353EC192B83
:1071300051EC1A0BF9F78AF9F7D3002C74D00098A8
:107140000028FBD0BDF81400BDF81C10411A00D572
:107150004942BDF81600BDF81E20801A00D54042F5
:10716000494340430844F9F71FF941EC100B01F083
:10717000E1F851EC100BF9F724F984B2BDF81800CE
:10718000BDF82010401A00D54042BDF81A10BDF8D5
:107190002220891A00D54942404301FB0100F9F73A
:1071A00003F941EC100B01F0C5F851EC100BF9F7A5
:1071B00008F900EE104A80B2F8EE400A00EE100A1C
:1071C000B8EE401A80EE810A10EE100AF9F712F9B3
:1071D000B0EE48CAF0EE68CA41EC1A0B53EC1C2B17
:1071E000F9F71CF960D3B0EE49DAF0EE69DA53EC46
:1071F0001D2B51EC1A0BF9F729F955D3BDF81800DE
:10720000BDF81C10401A00D54042BDF81A10BDF858
:107210001E20891A00D54942404301FB0100F9F7BD
:10722000C3F841EC100B00E064E001F083F851EC8E
:10723000100BF9F7C6F884B2BDF81400BDF82010A1
:10724000411A00D54942BDF81600BDF82220801A27
:1072500000D54042494340430844F9F7A5F841ECC2
:10726000100B01F067F851EC100BF9F7AAF800EEDB
:10727000104A80B2F8EE400A00EE100AB8EE401A4A
:1072800080EE810A10EE100AF9F7B4F841EC1A0BFF
:1072900053EC1C2BF9F7C2F806D353EC1D2B51EC21
:1072A0001A0BF9F7D3F871D2BAF80210BAF8000045
:1072B00014391438002489B280B23A4600F028F913
:1072C00014214FF47842084600F022F953EC1B2BAE
:1072D00051EC1A0BF8F7F6FFF9F773F880B2BDF826
:1072E0002210BDF82030BDF81E20CDE90310CDE9F5
:1072F000012324E0BAF80210BAF800001439143857
:10730000002489B280B23A4600F002F914214FF409
:107310007842084600F0FCF853EC1B2B51EC1A0B9A
:10732000F8F7D0FFF9F74DF880B2BDF82220BDF88C
:107330002030BDF81E10CDE90320CDE90113BDF8C2
:107340001C000090BDF81A30BDF81820BDF81610CA
:10735000BDF81400FFF742FD3CE617E016000020E0
:1073600018000020BC010308B80D00200000000038
:10737000666666666666EE3FCDCCCCCCCCCCF03F84
:10738000000000000000594004C70120BDF818406B
:10739000BDF81430F6EE001AE01A00EE100ABAF842
:1073A00000005246B8EEC01AA0F1280100EE101AF3
:1073B000E118B8EEC00AC0EE010A00EE101AB8EEED
:1073C000401A00EE100AB8EE400AC6ED090A00EEB7
:1073D000C10AFDEEE00A20EE210ABDEEC00A10EE61
:1073E000101AB185BDF81E40BDF81630E11A00EE46
:1073F000101A51882344B8EEC01AA1F1280C00EEEF
:1074000010CAB8EEC02A82EE010A01EE103AB8EEB8
:10741000412A01EE101AB8EE411A86ED0A0A00EE72
:10742000421A21EE211ABDEEC11A11EE103AF3856F
:1074300010EE903A002B00DA5B42022B08DCBDEE26
:10744000C00A10EE103A002B00DA5B42022B2DDD51
:1074500014391438002489B280B23A4600F058F842
:1074600014214FF47842084600F052F81CA1CDE9EF
:107470000091BAF80230BAF800201A212820FEF74D
:10748000DEFC96F8300048B15FF0000086F830006E
:1074900030B1184890210170D02105E00120F5E7B6
:1074A0001448D02101709021417093E51F20ABF862
:1074B00000003846FEF75CF90FA1CDE90091BAF85B
:1074C0000230BAF800206E212320FEF7B8FC4FF4FA
:1074D0007A70F9F7EAFB3846FEF74AF9D3E500007F
:1074E0005450204E65656420726561646A757374DA
:1074F00021000000B40D0020546F756368205363B1
:107500007265656E2041646A757374204F4B21006B
:107510002DE9F041044619480D460B46028004F15E
:107520000D0082B2193880B2FEF7EEF905F10D00B8
:1075300083B2193881B222461046FEF7E5F96E1C77
:1075400004F10108B1B21FFA88F0FEF72BFAB1B2CC
:10755000661EB0B2FEF726FA6F1EB9B21FFA88F0A7
:10756000FEF720FAB9B2B0B2FEF71CFA294620465F
:10757000BDE8F0410622FEF723BA00001600002005
:10758000F8B5244D1E2495F83000000605D5F9F70E
:10759000ADFB214868600020F8BD1E491631A1F1FD
:1075A0000A0000F009F94FF6FF773846FEF7E0F8D9
:1075B0002BE069680020884795F82000000607D571
:1075C0003846FEF7D5F8FFF7C5FC00F046F91CE099
:1075D00012494FF4784001260880102310A266213A
:1075E00049200096FFF792FA102315A2842130203B
:1075F0000096FFF78BFA10231CA2982123200096F7
:10760000FFF784FA0A20F9F750FB2046641EE4B223
:10761000CFD2F8BDB80D0020790D0008160000206B
:10762000EFBFBDEFBFBDEFBFBDE8B4A5EFBFBDEF7E
:10763000BFBDEFBFBDEFBFBDEFBFBDEFBFBD000022
:10764000EFBFBDEFBFBDEFBFBDEFBFBDD2AAEFBF64
:10765000BDEFBFBDEFBFBDEFBFBDD0A3D7BCEFBF78
:10766000BDEFBFBDEFBFBDEFBFBD2100EFBFBDEFA1
:10767000BFBDEFBFBDEFBFBDEFBFBDEFBFBDC4BB63
:1076800021EFBFBDEFBFBDEFBFBDEFBFBDEFBFBDC2
:10769000EFBFBDC8B4EFBFBD210000002DE9F04130
:1076A00000252A4E07462C462A4602213046FAF784
:1076B00096FD002204213046FAF791FD00220821B0
:1076C0003046FAF78CFD384600F028F90620F9F725
:1076D000F7FA002202213046FAF781FD0120F9F77E
:1076E000EFFA012202213046FAF779FD0120F9F77D
:1076F000E7FA002202213046FAF771FDDFF85080E8
:107700004FF6FF7707EA4404002202213046FAF7D9
:1077100066FD0120F9F7D4FA012202213046FAF77A
:107720005EFD08214046FAF755FD08B1641CA4B27D
:107730006D1CEDB2102DE5D324090122082130463D
:10774000FAF74DFD2046BDE8F08100000008024038
:1077500000000240FEB5064600256C463046FFF7A5
:107760009DFF24F815006D1CADB2052DF6D3002049
:10777000431C99B20CE000BF34F8102034F81150CB
:10778000AA4203D924F8105024F81120491C89B2C8
:107790000529F1D398B20428EAD300215FF0010053
:1077A00034F81020401C114480B289B20428F7D369
:1077B0000320B1FBF0F0FEBD2DE9F041074C064679
:1077C0000D462078FFF7C6FF07466078FFF7C2FF37
:1077D000378028800120BDE8F0810000B40D002032
:1077E0007FB50C460546694602A8FFF7E5FF00286D
:1077F0002FD001A903A8FFF7DFFF002829D0BDF88B
:107800000C30BDF80820934203D803F132008242C5
:1078100005D39A421FD802F1320083421BD2BDF831
:107820000410BDF80000814203D801F13206B042D5
:1078300004D388420FD8323081420CD2D01840088D
:107840002880BDF80000BDF80410084440082080DE
:10785000012004B070BD0020FBE7704770B50546FD
:1078600001212C48FAF7B6FC2B4C40B194F82000CB
:10787000010643D520F0800084F8200045E026482A
:1078800000F116010C3015B1FFF7AAFF2AE0FFF74F
:10789000A7FF38B3B4F92C0094ED091A00EE100AD2
:1078A000A089F8EEC00A00EE100AB8EE400A41EED8
:1078B000000ABCEEE00A10EE100AA081B4F92E0016
:1078C00094ED0A1A00EE100AE08A00EE900AB8EE73
:1078D000C00AF8EE600A01EE200ABCEEC00A10EE03
:1078E000100AE08294F8200000060ED4C02084F82C
:1078F0002000A089A082E08AE08306E00020A08228
:10790000E0834FF6FF70A081E08294F8200000F041
:10791000800070BD00080240B80D002070B5104E08
:1079200005460024280601D5012200E0002204219A
:107930003046FAF754FC6806050E00220221304654
:10794000FAF74DFC0120F9F7BBF90122022130467C
:10795000FAF745FC641CE4B2082CE3D370BD0000C8
:10796000000802402DE9F0410024134E134D4FF45E
:10797000FA77A046285DC8B1FAF736FC56F824100D
:10798000401AB84212D3E0B208280DD2DFE800F066
:10799000070704040C0C0A0A00F036FC04E0F8F7B0
:1079A000A9FE01E0FEF7CCFE05F80480641C082C5B
:1079B000E0DBBDE8F08100002815002002C00120B6
:1079C00001EB410202EBC11210B51649C2B001EB46
:1079D000420494F8041100291DD16946FEF7FDFC0C
:1079E000002818D0684600F0B3FB9DF800000D4950
:1079F00000EB8000A03911F8200007280BD80A49B5
:107A0000085C50B120464FF482726946F8F709FCD1
:107A1000012084F8040142B010BD684600F006F869
:107A2000F9E7000010A0002002C00120F8B50028EE
:107A300057D00178082954D22A4B01EB810213F860
:107A40002250072D4DD8284E725D002A49D105EBF2
:107A50008512A3F5026303EB8204217041886180E3
:107A60004288011D201DF8F7DCFB01207055FAF754
:107A7000BBFB1E490027082D41F8250030D2DFE866
:107A800005F00A0A0404191928286288211D2846CD
:107A900000F008FC22E0284600F038F802462846AC
:107AA00000F026F8014660880090231D2846F8F76C
:107AB00081FE13E0284600F045F801466388221D48
:107AC0002846FDF729FE58B92846BDE8F84000F0E1
:107AD0000DB96288211D2846FEF7A6FF002800D0B8
:107AE0007755F8BD709F002002C0012028150020A6
:107AF000082801D300207047034900EB800001EB08
:107B00008000406870470000709F0020082801D363
:107B100000207047034900EB800001EB8000806883
:107B200070470000709F0020082801D30020704794
:107B3000034900EB800001EB8000C0687047000043
:107B4000709F0020082801D300207047034900EBF4
:107B5000800001EB8000008A70470000709F0020C9
:107B600070B51748FEF733FC1648FEF730FC164890
:107B7000FEF72DFC1548FEF72AFC0021144B154D8D
:107B8000FF24084601EB810203F8224003EB820246
:107B900050609060D06010826854491C0829F1DB65
:107BA0000B4A002112F1A00201EB410303EBC113C8
:107BB00002EB4303491C83F804010429F4DB70BD84
:107BC00048150020CA3500204C560020CE760020F3
:107BD000709F002002C0012010B5FEF79DFEF8F74F
:107BE000CFFDFFF7BFFE00F055F800210848FFF772
:107BF000E7FE01210748FFF7E3FE02210648FFF7F1
:107C0000DFFEBDE8104003210448FFF7D9BE0000A5
:107C100048150020CA3500204C560020CE760020A2
:107C2000082805D2034A00EB800002EB8000416087
:107C300070470000709F0020082805D2034A00EB1F
:107C4000800002EB8000816070470000709F002080
:107C5000082805D2034A00EB800002EB8000C160D7
:107C600070470000709F0020082805D2034A00EBEF
:107C7000800002EB8000018270470000709F0020AE
:107C8000082804D2024A00EB800002F82010704756
:107C9000709F00202DE9F047124F0024DFF8488044
:107CA000A14607F1A00600BF04EB440000EBC4109E
:107CB00006EB400595F8041179B116F8100000EBB9
:107CC000800017F82000072807D818F8000020B90E
:107CD0002846FFF7ABFE85F80491641C042CE3DB17
:107CE000BDE8F087709F002002C00120082802D262
:107CF000014A00211154704702C0012010B5806B69
:107D00000021C185FCF7F2FA10BD70B5846B2068C4
:107D1000406994F84110C0F3C0100025212904D116
:107D200018B1E584204600F0B4F82068406994F862
:107D30004210C0F38010222904D118B1E5852046F5
:107D400000F080F8606C40F0100060642046FCF7A2
:107D5000CDFA70BD10B50146806B096809684FF017
:107D60000002C9052ED4C28501680C3151E8003FDC
:107D700023F4807341E80034002CF5D101681431FC
:107D800051E8003F23F0010341E80034002CF5D115
:107D90000168143151E8003F23F0400341E800340A
:107DA000002CF5D1202180F84210016B012909D166
:107DB00001680C3151E8003F23F0100341E8003422
:107DC000002CF5D14263016B012902D0FCF7F4FCD1
:107DD00010BD818DFCF7ACF910BD10B5806B012191
:107DE0004163016B012902D0FCF712FD10BD818DAA
:107DF0004908FCF79DF910BD10B50146806B096874
:107E00000968C90516D40021C1840168143151E8FC
:107E1000002F22F0800241E80023002BF5D10168F9
:107E20000C3151E8002F42F0400241E80023002BC2
:107E3000F5D110BDFCF730FD10BD10B5806BFCF71F
:107E40003DFD10BD01680C3151E8002F22F4907205
:107E500041E80023002BF5D10168143151E8002FCF
:107E600022F0010241E80023002BF5D1016B01292A
:107E700009D101680C3151E8002F22F0100241E8CD
:107E80000023002BF5D1202180F84210002101634E
:107E9000704701680C3151E8002F22F0C00241E820
:107EA0000023002BF5D1202180F84110704708B540
:107EB00090F84210222901D0022008BD82684FF4B8
:107EC00080539A4201D1016921B1816A9A421BD043
:107ED0004AB10AE00268816A5268C2F308020A8065
:107EE000816A891C08E0026972B10268526802F076
:107EF0007F020A70816A491C8162C18D491E090492
:107F0000090CC18503D01BE002685268F1E70168E3
:107F1000CA6822F02002CA600168CA6822F480722E
:107F2000CA6001684A6922F001024A61202180F892
:107F3000421000214163026B012A03D0FCF73CFC94
:107F4000002008BD016301680C3151E8002F22F0C8
:107F5000100241E80023002BF5D101680A68D2061F
:107F600002D50A6849680091818DFCF7E1F8E7E7DE
:107F700070B5044600680169E26821F4405111437C
:107F800001612169A068E2690843616911430843FE
:107F90002168CA6849F20C639A430243CA602068A8
:107FA0004169A26921F4407111434161314920685E
:107FB000884202D03049884202D1FAF70BFF01E033
:107FC000FAF7F8FEE2690023192164253226B2F59A
:107FD000004F626828D0A0FB0101930F9200F8F7D0
:107FE000EFF80146B0FBF5F06FF01802504301EBDB
:107FF000800006EB0010B0FBF5F000F0F002B1FBE2
:10800000F5F002EB0012B1FBF5F06FF018035843E6
:1080100001EB800006EB0010B0FBF5F000F00F0064
:1080200021681044886070BDA0FB010192185B417B
:10803000F8F7C6F80146B0FBF5F00201B1FBF5F028
:108040006FF01803584301EB800006EBC000B0FB53
:10805000F5F000F0F80002EB4002B1FBF5F05843F8
:1080600001EB800006EBC000B0FBF5F000F007006C
:10807000D6E70000001001400014014038B58162CD
:1080800004468285002013466064222284F8422040
:10809000E56B1F4AEA63E56B1E4A2A64E56B1E4ADC
:1080A000EA64E26B10650A462168E06B091DF9F786
:1080B0009BFE30B110206064202084F84200012033
:1080C00038BD2068016840680090206948B1206888
:1080D0000C3050E8001F41F4807140E80012002A83
:1080E000F5D12068143050E8001F41F0010140E84C
:1080F0000012002AF5D12068143050E8001F41F02A
:10810000400140E80012002AF5D1002038BD0000EF
:10811000557D0008DB7D00080B7D000810B523F0BD
:10812000CDFB41F678610848F8F7A3F8074C00202A
:1081300020706070607121F033F90121E060A1705E
:10814000BDE8104013F0FCB928A40020F00D002079
:1081500010B5014672B60D4C0D4A207800EB801028
:1081600002EB80004FF48272F8F75BF820781E2152
:10817000401CB0FBF1F201FB1200207060781E2859
:1081800001D2401C607062B610BD0000F00D0020EE
:1081900028A400200148FCF7CFB80000D010002030
:1081A0000148FCF7C9B8000018110020F0B5C1B0B3
:1081B0001E4617460C0005461FD04FF482716846D4
:1081C000F8F757F80E492868884201D1022003E0E9
:1081D0000C49884211D103208DF80000FF2C01D9F1
:1081E0004FF48074ADF802402246394601A8F8F7F2
:1081F00018F869463046FEF70EF941B0F0BD0000B0
:108200000010014000440040022805D0032805D199
:10821000034800BFFCF700B80248FBE770470000C6
:1082200018110020D010002070B50D001ED00228BB
:1082300018D003281AD10E4C0E4E2046FCF71DF81C
:10824000286860606868A060A868E060E8682061ED
:108250002046FCF7B1F931462046BDE87040402287
:1082600000F032B8034E044C403EE6E770BD00001B
:108270001811002052C70120D010002010B5402254
:1082800005490648FBF72FFF03494022BDE810408F
:1082900040310348FBF727BF12C70120D010002050
:1082A0001811002021B11AB1022803D0032803D0ED
:1082B00001207047024800E00248FCF7ABBA00001A
:1082C000D01000201811002070B514460D46064647
:1082D000FBF758FF224629463046BDE87040FBF7C1
:1082E00002BFFEE70FB41CB50246002007AC002910
:1082F0000BD0491ECDE90021054B6A462146069860
:1083000001F0FCFC009A002111701CBC5DF814FB0C
:108310005FA100080907090E002804DB00F1E02036
:1083200080F80014704700F00F0000F1E02080F8A2
:10833000141D704700B52DED048BB0EE409AF0EEA1
:10834000609A83B051EC190BF8F714F941EC180B53
:1083500018EE100A18EE901A8DED008B002818BF49
:108360000120084320F00040C0F17F6000F1E040B0
:10837000C00F14D019EE101A19EE900A8DED009B63
:10838000002918BF0121084320F00040C0F17F60A0
:1083900000F1E040C00F04BF012000F017F8B0EE7C
:1083A000480A03B0F0EE680ABDEC048B00BD02E0A1
:1083B00008C8121F08C1002AFAD170477047002070
:1083C00001E001C1121F002AFBD17047014908607A
:1083D00070470000D40F002070B5044600256FF0F0
:1083E0002F0608E02068411C2160007805EB85011C
:1083F00006EB410145182068007800F004F80028D9
:10840000F0D1284670BD3038092801D801207047C6
:108410000020704710B54421074800F027FF0022D4
:108420001421064820F0CAFA054CA06002F03EFA7A
:108430000020207010BD0000C4CA012061A90008FE
:10844000D0C001202DE9F0470E468146174611465F
:10845000304600F01CF94FF0FF3A00287DD0002292
:108460003946304600F0BFF800284FF0000075D1C3
:10847000B6F90480B6F900305246A8EB0301491C56
:108480000AFA81F10FFA81FAB6F906C0B6F90210BC
:10849000ACEB010C0CF1010C02FA8CF2B7F802C043
:1084A00012B2ACEB010C0FFA8CFCBCF1000F0EDD2C
:1084B00063F30F0468F30F0501EB0C0061F31F4435
:1084C00060F31F45C9F800400120C9F80450B7F90E
:1084D00006107388CB1AD21A12B2002A13DDB6F92D
:1084E000063099420FDA338863F30F04B38861F3DF
:1084F0001F4463F30F05114461F31F4509EBC001ED
:10850000401C0C604D60B7F90220B6F902108A4297
:1085100000DD1146B7F90630B6F90620934200DABD
:108520001A463B88B6F900C0521AA3EB0C031BB2E3
:1085300012B2002B10DD002A0EDD634463F30F0539
:108540008B1863F31F456CF30F0409EBC00361F351
:108550001F441C605D60401C01E01AE017E0B7F9A1
:10856000043036889F1BAAEB070636B2002E0EDDBC
:1085700063F30F0461F31F44334463F30F051144A5
:1085800061F31F4509EBC001401C0C604D60BDE864
:10859000F0875046FBE770B5B1F90030B2F9004002
:1085A000A34200DC23460380B1F90250B2F9024035
:1085B000A54200DD2C464480B1F90460B2F90450B4
:1085C000AE4200DA35468580B1F90610B2F90620D0
:1085D000914200DB1146C1800120AB4201DC8C429C
:1085E00000DD002070BDF8B50D460446B0F900006E
:1085F000B1F900101646884247DBB4F90210B5F90C
:108600000220914241DBB4F90410B5F904209142F3
:108610003BDCB4F90610B5F90620914235DC96B37F
:10862000ADF800006088ADF8020032466946284681
:1086300000F099F8002827D0A088ADF800006088E5
:10864000ADF8020032466946284600F08CF8002852
:108650001AD02088ADF80000E088ADF8020032465C
:108660006946284600F07FF800280DD0A088ADF8B4
:108670000000E088ADF8020032466946284600F066
:1086800072F8002800D00120F8BD0020F8BDB0F934
:108690000020B1F904309A4213DCB0F90420B1F99A
:1086A00000309A420DDBB0F90220B1F906309A424F
:1086B00007DCB0F90600B1F90210884201DB0120A5
:1086C000704700207047F8B50D460446B0F9040025
:1086D000B1F900101646884243DBB4F90600B5F93B
:1086E000021088423DDBB4F90000B5F9041088425D
:1086F00037DCB4F90210B5F90620914231DC76B3CB
:10870000ADF800006088ADF80200324669462846A0
:1087100000F029F818BBA088ADF800006088ADF81B
:10872000020032466946284600F01DF8B8B9208894
:10873000ADF80000E088ADF80200324669462846F0
:1087400000F011F858B9A088ADF80000E088ADF845
:10875000020032466946284600F005F808B10020BC
:10876000F8BD0120F8BD2DE9FC4114460E46B1F9D3
:108770000020B0F9001005468A423ADBB5F9040042
:10878000824236DCB6F90270B5F90220974230DB3E
:10879000B5F906309F422CDC002C75DD401A9A1A80
:1087A000401C521C00B212B200EBD07002EBD2722D
:1087B00040105210904200DB1046844200DD044617
:1087C000ADF80010288800222044ADF80400688825
:1087D000ADF80200688831462044ADF806006846CE
:1087E000FFF7C1FF40B1BDF804002044ADF804001C
:1087F0003FE00020BDE8FC81E8880022001BADF8C6
:108800000200E888ADF8060031466846FFF7ABFF86
:1088100028B1BDF804002044ADF8040011E0A88898
:108820000022001BADF80000A888ADF80400314616
:108830006846FFF798FF50B1BDF80000001BADF887
:108840000000BDF80200001BADF8020016E06888C9
:10885000ADF80200688800222044ADF806003146D9
:108860006846FFF780FF70B1BDF80000001BADF84F
:108870000000BDF806002044ADF806003146684609
:108880001DF018FCB6E7FFE70120B3E710B5B1F91A
:108890000040B2F900309C4200DA23460380B1F96F
:1088A0000240B2F902309C4200DA23464380B1F91B
:1088B0000440B2F904309C4200DD23468380B1F9C4
:1088C0000610B2F90620914200DC1146C18010BDAD
:1088D0002DE9FC41054620F00DF800267D4C0746A9
:1088E00000960DB1E86801E012F0A8FD6060006933
:1088F0001DF0DCFA6068406908B11DF0D7FA6068C5
:10890000C0691DF0D3FA6068006A1DF0CFFA606894
:10891000016991B11DF082FC22F030FB22F056F883
:108920006068B0F85011E1B30068017CC9071ED03F
:10893000C0684068D8B1002514E0A0F85061BDE8D7
:10894000FC81411991F8301151B900F5AC7000F07B
:10895000E4FC616801EBC5010A6B0260496B416090
:108960006D1CADB26068B0F85011A942E9D86068DA
:108970004FF480713030F7F77CFC6068202100F5FF
:108980009870F7F776FC6068A0F8506138461FF0E1
:10899000ABFF009060680068436A13B122680099D9
:1089A000984718F04BFE00F0CFF800F0A1F84A4DC0
:1089B0006F69EFBB12F042FD12F06EFD17F0F0FC94
:1089C000074600227F211DF053F900221146104670
:1089D00011F0EDFF0190BDF80410002238461DF0A3
:1089E00036F9FF221146104611F0E1FF0190BDF863
:1089F0000410002238461DF0C2F900220321384637
:108A00001DF0AEF90022032138461DF09AF900222C
:108A1000032138461DF09AF90022032138461DF043
:108A20009AF90022032138461DF0A4F92BA100E099
:108A300009E0384618F03AFB00231A46062138466A
:108A400019F054FA6F6128681FF04EFFB0F5967F59
:108A50000DD2206841F2883188427FF670AF686895
:108A6000009908446860A868401CA86067E71FF088
:108A700041FF28606068406828B100684FF47A714F
:108A8000B1FBF0F000E03220696809B901216960AA
:108A9000A968E1B14FF47A7251436A68B1FBF2F40C
:108AA0006E60AE60844200D9044628692044286183
:108AB000E868401CE8601FF0B3FFC0F1640302B037
:108AC00022463846BDE8F04105A118F026BB044611
:108AD000E6E7000028C00120A0C300203F000000FE
:108AE0002575204650530A257525252043505500ED
:108AF00070B50A4D002400BFC4EBC40655F826002B
:108B000008B118F00FFE05EB86001C2118F04FFE8F
:108B1000641CE4B2042CEFD370BD0000A0CB012094
:108B2000084949680AE04A68824202D00A688242DB
:108B300003D10A7E42F001020A7649690029F2D186
:108B400070470000000F002070470000042101481A
:108B500000F08CBBB8CA01202021014800F086BB80
:108B6000D0CA01202DE9FF410446DDE90A671D0056
:108B70004FF0000002D1B6F5807F2BD0039001901A
:108B80000290ADF80C100090ADF80410ADF80A207A
:108B9000ADF80E203B463246294668461DF0EAF9FC
:108BA0003B463246294601A81DF0E4F93B463246D1
:108BB000294602A81DF0DEF93B463246294603A8A5
:108BC0001DF0D8F9BDF90000BDF90430984209DA6A
:108BD000054608E02080491E6080A180521EE28088
:108BE000BDE8FF811D46BDF90820BDF90C108A4281
:108BF00001DA164600E00E46B54203DA984206DB7B
:108C0000184604E08A4201DA104600E00846801E59
:108C10002080BDF90030BDF90420934201DD1D46DE
:108C200000E01546BDF90800BDF90C10884201DDD1
:108C3000064600E00E46B54205DD934201DD1946C9
:108C400004E0114602E0884200DD0146891CA18053
:108C5000BDF90230BDF90620934201DA1D4600E05D
:108C60001546BDF90A00BDF90E10884201DA064624
:108C700000E00E46B54205DA934201DA194604E0F7
:108C8000114602E0884200DA0146891E6180BDF982
:108C90000230BDF90620934201DD1D4600E0154675
:108CA000BDF90A00BDF90E10884201DD064600E05C
:108CB0000E46B54205DD934201DD194604E011463A
:108CC00002E0884200DD0146891CE18088E700005F
:108CD0002DE9F04115460E460746114C1FF00AFEDD
:108CE00080462B4632463946204616F099FD20B183
:108CF0000020A062E06950B110E020462C21F7F777
:108D0000B8FA4FF00040A0620020BDE8F081404674
:108D10001FF0EAFDE06108B90120E0612046F4E7B8
:108D2000F4CA012010B51421074800F09FFA16F08C
:108D30003DFD40B10549016005494160054981603B
:108D40000549C16010BDFEE7DCCA01208DF10108B4
:108D500009F50108CDF6010859F1010870B505467D
:108D60000C4608461021F7F784FA28680078012895
:108D700004D0022807D0042807D008E0A88A208061
:108D8000E88A608003E0E86800E00A206060286804
:108D90004268002A03D02146BDE87040104770BDEC
:108DA0002DE9FE430446808A10B9E08A002874D079
:108DB000D4F82C805FEA080010D120460BF0C1FEE9
:108DC0005FEA000869D020460EF056FA0022092119
:108DD000404615F023FC607880075ED44FF480791C
:108DE00000274E464546002128461BF015F9384419
:108DF00007B2002128461BF02DF9C11700EB1160C6
:108E0000001210FB06F006B228461AF001F9050020
:108E1000E9D10FB94E450CD0784201B24FF4803001
:108E200090FBF6F002B26B4604F1140000951DF0C1
:108E3000A1F8ADF80450ADF8085094F8400000F0E7
:108E40000F000328404616D01AF034FA0646404672
:108E50001AF0EAF803460C200090B4F916103246D6
:108E600040460BF015FAADF8080040461AF02EF90E
:108E7000C10713D018E01AF0B1F9064640461AF0BF
:108E80004DF9024603200090B4F9141033464046D1
:108E90000BF0FEF9ADF80400E7E736E0BDF9041089
:108EA000002901DDADF80450810705D4BDF9041097
:108EB000002901DAADF80450410705D4BDF90810C6
:108EC000002901DDADF80850000705D4BDF9080000
:108ED000002801DAADF8085002AA01A9204622F0C4
:108EE000EBFBBDF90820BDF90410404600F08AFAFA
:108EF0006078800709D4208BBDF8041008442083D3
:108F0000608BBDF8081008446083BDE8FE832DE93E
:108F1000FC5F0446C06A5FEA000B71D094F8400021
:108F200000076DD016F00EFF019000684021457ECD
:108F300058461BF0BBF94FF0000818B9A4F81E8082
:108F4000A4F81C8058461AF0A7F9824658461AF031
:108F5000AAF9064694F840004FF0640900F00F00AB
:108F60000C2802D003284CD09AE0A4F81C8056B1FB
:108F7000B4F91E50002716F0E5FE00684946407E11
:108F8000C0F1640022E0E08BC5F1640110FB01F147
:108F900091FBF9F0E08358461AF046F8054658462A
:108FA0001AF088F902460C200090B4F91E102B46E6
:108FB00058460BF06DF9E083024600231EE07A1953
:108FC00017B210FB05F292FBF1F215B2002DF6D1AB
:108FD000ADF80070A4F81E806A460021204622F0F9
:108FE0006BFB41F6FF72BDF90030514258460BF061
:108FF0003FFFBDF800100123084402B200214CE0FD
:109000009AE0A4F81E80BAF1000F0AD0B4F91C50FF
:10901000002716F097FE00684946407EC0F16400C4
:1090200022E0A08BC5F1640110FB01F191FBF9F086
:10903000A08358461AF072F8054658461AF0CEF842
:10904000034603200090B4F91C102A4658460BF042
:109050001FF9A083014600231EE07A1917B210FB06
:1090600005F292FBF1F215B2002DF6D1ADF80070C9
:10907000A4F81C8000226946204622F01DFB41F620
:10908000FF72BDF90030514258460BF069FEBDF841
:1090900000100123084401B2002258461CF044FA93
:1090A000A08B002848D1E08B002845D1C6B958468E
:1090B0001AF000F90546584619F0B6FF002D06DCF7
:1090C00000280DDD002D02DA01232A4604E00028E5
:1090D00006DA0123404202B2002158461CF024FA6D
:1090E000BAF1000F19D158461AF018F8054658463B
:1090F0001AF074F8002D07DC00280EDD002D03DACD
:1091000001230022294605E0002806DA0123002277
:10911000404201B258461CF007FA0A215846019A0B
:1091200015F07CFA6078800706D414F8400F20F020
:109130000F00207044F8148CBDE8FC9F7FB50E46EC
:10914000040003D112F07AF904002CD012F0EAF9ED
:10915000002828D094F82800400724D4002506B31E
:10916000ADF80050ADF80250204612F07FF9401ED5
:10917000ADF80400204612F0BFF9401EADF806001D
:109180006A46314602A8FFF706FA00280BD020688D
:10919000017C890708D5DDE90001C4E90C01012043
:1091A00029E0A4F850517FBD82690AB102A9904715
:1091B00000260AE004EBC601002202A83031FFF7C6
:1091C00012FA0028EFD1761CB6B2B4F85001B042C2
:1091D000F0D880B2202804D204EBC00002A93030BD
:1091E00004E0A4F8505104F1300069460FF055FE38
:1091F000B4F85001401CA4F8500160680028D2D097
:109200001FF0BCFC7FBD70B5054600F012F80446A7
:109210000CE02146284600F01EF806462146284666
:1092200000F0A2F8204618F07DFA3446002CF0D168
:1092300070BD002800D04068704700B5034600228A
:10924000FFF7F7FF03E01846521C00F004F8010096
:10925000F9D1104600BD0068091D405870470068EC
:1092600040587047002800D0806870470022426054
:10927000C91C21F0030182600160704770B504468B
:109280000068083018F0C2F9050013D0014600222A
:10929000204620F09BFF29462046626820F090FF80
:1092A000616819B12A46204620F090FF6560A068E9
:1092B00000B9A560284670BD2DE9F0410C460600B6
:1092C0000AD04CB1FFF7B5FFA04208D13046FFF7F6
:1092D000D5FF051E01D01EE00020BDE8F0813068FA
:1092E000083018F093F9051EF7D030682A46075960
:1092F0003046394620F064FF3A462946304620F091
:1093000065FF2A462146304620F060FF2246294666
:10931000304620F055FF2846DFE770B50446006868
:10932000083018F073F9050013D0014600222046DA
:1093300020F046FF29462046A26820F047FFA1689A
:1093400019B12A46204620F03BFFA560606800B9AD
:109350006560284670BD28B1416809B9806808B1C8
:10936000002070470120704770B504000DD0FFF752
:1093700060FF00228842204608D1FFF76CFF606042
:10938000011E01D000221EE0A26070BDFFF76AFF3F
:109390008842206808440AD10168A16029B12046AA
:1093A000BDE87040002220F00BBF626070BD056810
:1093B0002046FFF750FF064602462946204620F089
:1093C000FFFE2A4631462046BDE8704020F0FEBE32
:1093D00010B50446006882680AB1214690472068AB
:1093E0000068002801D02060F5E710BD80680028E3
:1093F00001D0B0F9160070478068002801D0807E47
:109400008009704770B5164605460C4651EA0600BD
:109410001AD0284618F0E4FEA86801233246018AD3
:1094200021440182A868418A31444182214628466C
:109430001BF0D2FA00220B21284615F0EFF8012884
:1094400003D128461BF021FA012070BD77B581B009
:109450000E46050017D062221AF00CFD040012D04F
:10946000206880B12846314663221AF003FD10F0CF
:10947000FF0208D023682046039998470090BDF862
:109480000000ADF80C00039804B070BD2DE9F04762
:10949000074692B0408C1A9E40F0080078849046AF
:1094A0003A8499468A46328938461AF0E3FC0546E2
:1094B000A7F820903289514638461AF0DBFC044662
:1094C000788CA54220F00800788403D12904B1EB00
:1094D000044F68D0A7F820803289514638461AF0E8
:1094E000C9FC05468046A7F82090514638460CF046
:1094F0001FFF318900682A461EF038F930890B2891
:1095000023D147F6FF794D4501D04C451DD1384652
:109510001AF083FE00EBD0704510384619F037FD85
:1095200000EBD0704010C84506D1691C431C99421D
:1095300000DA00E0194688464C4506D1691C421CF9
:10954000914201DA6C1C00E014461948FFF796FEC0
:1095500005002BD02F60C5E903843089A8806846B8
:10956000C5F808A00EF00CFF1248FF21CDE900500D
:10957000114802901148039000200890CDE909019C
:1095800030880B9070889DF8421040420C90F06833
:109590000790002060F300018DF8421030690690BA
:1095A00068460EF061FF12B0BDE8F087FEE70000EC
:1095B000E8CA012055E2020855E40208B1E30208B6
:1095C00014210148FFF752BEE8CA01202DE9F84FE7
:1095D00000259046894606462C460427E5E000BF54
:1095E000F16807EBC400085882017AD480B230EAEF
:1095F000090211D05FF0000230EA08000ED000200E
:1096000082426ED051F834A06A46102150461DF0B7
:109610000FFE002871D103E00122EDE70120EFE702
:109620006A46112150461DF003FE002865D16A46A6
:10963000122150461DF0FCFD00285ED16A46132120
:1096400050461DF0F5FD002857D16A4615215046B9
:109650001DF0EEFD002850D16A46142150461DF041
:10966000E7FDE8BB6A460A2150461DF0E1FDB8BBA4
:109670006A466B2150461DF0DBFD88BB6A466C21B3
:1096800050461DF0D5FD58BB6A46012150461DF0DD
:10969000CFFD28BB6A46042150461DF0C9FDF8B92C
:1096A0006A46022150461DF0C3FDC8B96A4603212F
:1096B00050461DF0BDFD98B96A46052150461DF083
:1096C000B7FD68B96A46062150461DF0B1FD38B9AC
:1096D0006A46322150461DF0ABFD08B96A4601E0EA
:1096E0000BE061E06E2150461DF0A2FD28B96A46EC
:1096F0006D2150461DF09CFD10B10320BDE8F88F90
:109700006A46692150461DF093FDE8BB6A466A210E
:1097100050461DF08DFDB8BB6A466E2150461DF0C7
:1097200087FD88BB6A466D2150461DF081FD58BB00
:109730006A46372150461DF07BFD28BB6A4638211A
:1097400050461DF075FDF8B96A46352150461DF0AA
:109750006FFDC8B96A46402150461DF069FD98B9B1
:109760006A46452150461DF063FD68B96A464121AD
:1097700050461DF05DFD38B96A46422150461DF045
:1097800057FD08B96A4600E00AE0432150461DF043
:109790004FFD28B96A46492150461DF049FD08B1E0
:1097A000022501E005B90125641C708CC0F3051089
:1097B000A0423FF615AF2846A0E7000001484068E8
:1097C0007047000028C00120044800214160016169
:1097D000C16081600160416170470000A0C300204A
:1097E000C0F30410072800D907207047A0F57F4177
:1097F000FF3905D0002804D0712803D208490AE0B7
:109800001F2070470749713880B2096829B1064A9C
:109810005268904201D2085C7047002070470000F7
:10982000E4800308F0C0012004C1012010B5182114
:109830000348FFF71BFD03490120087010BD00001D
:1098400094CA01200CC101202DE9F04190460C463C
:10985000050015D0F6F718FD0A4F06462146BA68EE
:10986000284690470446BA68281941469047014661
:10987000701A03E06218AA5C2A55641CA042F9D24F
:10988000BDE8F08120C101202DE9F041094D90464D
:109890000E466A681C46074619469047306020B15C
:1098A00020686A68384400219047C8F80000BDE885
:1098B000F081000020C101202DE9F04F87B08A46D9
:1098C000DDE910581F4693460446002105B1298062
:1098D0005CB12078002809D0BAF1000F05D000262D
:1098E00018F0060F15D0002004E0002007B0BDE8F6
:1098F000F08F401C215C0A2904D00D2902D00029D8
:10990000F7D100E0401C002DF0D04FF0FF3129804E
:10991000ECE75FEA887001D541F6FF778946084693
:109920008DF81410049127E00498CDF8189068B3CE
:109930004FF0000C05AA06ABCDF80CC0CDF80080A6
:10994000CDE9013220443B465A4651461FF05AFAAF
:1099500006997A1A314417B20EB288B104990144BB
:10996000049120780A280BD00D2809D0605C0A28C1
:109970000FD00D280DD00846205C08B1002FD3DC95
:10998000049848B105B12E800498AFE74FF0010C60
:10999000D0E7481C0490F3E7064A04A92046526821
:1099A0009047002DF0D001460022504614F04AFFA7
:1099B00006B2E8E720C101202DE9F04116468846AD
:1099C00007001ED0002E1CD0F6F75EFC0546304680
:1099D000F6F75AFC040014D00B4A2544414692681D
:1099E00038469047011903E02A1BBA5C7A556D1E70
:1099F000A942F9D9384431462246BDE8F041F6F78C
:109A000010BCBDE8F081000020C1012000230278D5
:109A1000232902D0012A0DD00FE02AB10021012A0A
:109A200004D0022A04D008E0012101E0017004E022
:109A3000017001E0202902D001231846704702215D
:109A4000F6E72DE9F0410E468046024600213346F6
:109A500008461FF015FC04460027401C17F0D6FDF1
:109A6000050008D02F5533464246611C1FF008FC04
:109A70002846BDE8F081FEE72DE9F0471E46144672
:109A80000D468246DDF8209015E000BF4FEA5408ED
:109A900008FB0657394650464A469047002808DDDD
:109AA00044F30000C0EB540407EB0605A4F10104E5
:109AB00001E005DA4446002CE8D12046BDE8F087F5
:109AC0003846FBE72DE9FC5F9B460CAB8A46814696
:109AD000DDE9116093E81210DDE90F575FEA807845
:109AE0004FF030031AD45EB15FEAC07808D000F0BE
:109AF0000C0858EA0C0803D0761E01E00B55641CD4
:109B0000BC4204D2202CF9D301E00B55641C5FEA5F
:109B1000C07803D0B44201D2202CF6D35FEAC068EB
:109B200025D55FEA40580AD44CB1BC4201D0B442BA
:109B300005D1641E03D0102D03D1641E04E0102D46
:109B400002D0022D0AD00EE0850603D4202C1ED2AE
:109B5000782506E0202C1AD2582502E0202C16D2B7
:109B600062250D55641C202C11D20B55641C202C31
:109B70000DD2BCF1000F01D02D2306E0430701D523
:109B80002B2302E0030702D520230B55641CCDE9EB
:109B900000BAC846154681468B46AA46800714D1AE
:109BA000274607E02A46DDE900316D1C2020C44627
:109BB000E0477F1CB742F5D307E02A466D1C641EC0
:109BC000DDE900311BF80400C047002CF5D15FEA45
:109BD000897006D409E02A46DDE900316D1C202099
:109BE000C047A5EB0A00B042F5D32846BDE8FC9F6C
:109BF0002DE9F04F8FB099468B46DDE91818DDE965
:109C00001C63DDE91A4792468646002209B923F013
:109C10001003580507AD00D5C9B1B1FBF4F004FB42
:109C20001010C0B20A2801D2303009E05FEA836C1C
:109C300002D54FF0410C01E04FF0610C60440A384E
:109C4000B1FBF4F1A854521C09B1202AE5D3CDF898
:109C50000880CDE90563CDE90052CDE903474B46C5
:109C6000524659467046FFF72DFF0FB0BDE8F08F02
:109C70002DE9FF4F8FB01CACDDE9239594E8030874
:109C800020AC94E8C004002450EA010201D125F080
:109C900010056A050DF11C0802D550EA010217D023
:109CA00032463B46F6F78CFAD2B20A2A01D230325B
:109CB00006E0AB0601D5412300E061231A440A3ACD
:109CC00008F80420641C50EA010201D0202CE7D3DC
:109CD000CDE90084CDF808B0CDE90595CDE9036A5A
:109CE0000FAF97E80F00FFF7EDFE13B0BDE8F08F60
:109CF0009A4200D288547047704700002DE9FF4F08
:109D00008DB00F460546002606E025280BD0DDE97C
:109D10000F1290476D1C761C28780028F5D111B0E1
:109D20003046BDE8F08F0024A246A1460122EC494E
:109D300000E0044315F8013F203B02FA03F008421B
:109D4000F7D128782A2810D06FF02F022878A0F1B8
:109D50003001092914D80AEB8A0102EB410144F0D1
:109D6000020400EB010A6D1CF0E701CF5FEA000A74
:109D700003D544F40054CAF1000A44F002046D1CF7
:109D800028782E2817D115F8010F44F004042A284A
:109D90000ED06FF02F022878A0F1300109290AD8DF
:109DA00009EB890102EB410100EB01096D1CF2E7AF
:109DB00057F8049B6D1C28786C280FD006DC4C28C3
:109DC00017D068280DD06A2814D104E0742810D068
:109DD0007A280FD10DE044F400140AE044F4801412
:109DE00001E044F440146978814202D104F5801402
:109DF0006D1C6D1C2A786E2A1FD00CDC632A31D0B2
:109E000004DC002A8BD0582A11D1A3E0642A68D040
:109E1000692A0CD165E0732A2ED004DC6F2A73D036
:109E2000702A04D19BE0752A6FD0782A6ED0104634
:109E3000DDE90F129047761C50E1C4F3025002286E
:109E400006D0032809D0042801CF09D0066045E1D7
:109E500001CFF117C0E9006140E101CF06803DE18B
:109E600006703BE117F8040B8DF8000000208DF818
:109E70000100EB46012003E057F804BB4FF0FF3030
:109E800061074FF0000102D40DE008F1010188469E
:109E900049450FDA8045F8DB1BF808100029F4D19A
:109EA00008E008F1010188468142FADB1BF808103E
:109EB0000029F6D1DDE90F23AAEB080081462146EF
:109EC00000F036F9304400EB080604E0DDE90F123B
:109ED0001BF8010B9047B8F10108F7D2214648461C
:109EE000F7E00A21C4F302534FF0000B0891022B54
:109EF00004D001CFC117032B09D00AE0FF1D27F0C2
:109F00000707F7E8020108E032E01FE020E000B2B6
:109F1000C117042B01D140B2C117031E71F1000318
:109F200007DA4FF0000CD0EB0C006CEB01012D2395
:109F300002E0230504D52B238DF82430012303E010
:109F4000E30701D02023F7E7984658E00A2110E004
:109F500010210EE010204FF0000B08900CE01021B3
:109F60004FF0000B44F004044FF00809089103E09F
:109F700008214FF0000B0891C4F30253022B04D0C8
:109F800001CF0021032B06D006E0FF1D27F00707B5
:109F9000F7E8020103E080B2042B00D1C0B24FF019
:109FA000000823072BD5702A07D0DDF820C08CF0DD
:109FB000100C5CEA0B0C05D00EE040238DF8243029
:109FC000012308E050EA010306D030238DF8243045
:109FD0008DF8252002239846DDF820C08CF0080C6F
:109FE0005CEA0B0C0BD150EA010301D1630706D5E3
:109FF00030238DF824304FF00108A9F10109582AC7
:10A0000004D038A20B9208AA0A920BE03AA2F9E710
:10A010005B46089AF6F7D4F80B9B9B5C0A9A521E93
:10A020000A92137050EA0102F2D10A98ADEB0000D7
:10A0300000F1200B600702D524F4803401E04FF0DA
:10A040000109D94502DDA9EB0B0000E0002000EB7F
:10A050000B0141440890AAEB010AE00306D4DDE9B4
:10A060000F232146504600F063F806444FF00009E4
:10A0700008E009A911F80900DDE90F12904709F17C
:10A080000109761CC145F4DBE0030CD5DDE90F23A3
:10A090002146504600F04CF8064404E0DDE90F127A
:10A0A00030209047761C0899481E08900029F5DC5E
:10A0B00008E00A980A990078491C0A91DDE90F1214
:10A0C0009047761CBBF10001ABF1010BF1DC21469E
:10A0D0005046DDE90F2300F019F806446D1C1BE61D
:10A0E000092801003031323334353637383961626E
:10A0F0006364656600000000303132333435363732
:10A100003839414243444546000000002DE9F04102
:10A11000044600251E461746880404D405E0394647
:10A120002020B0476D1C641EF9D52846BDE8F0819B
:10A130002DE9F041044600251E469046C80301D58E
:10A14000302700E02027880404D505E04146384642
:10A15000B0476D1C641EF9D52846BDE8F0814A68F9
:10A16000002A06D00A68531C0B6010704868401E15
:10A17000486070472DE9FF4F89B005460A980024D2
:10A180009246002800D1FE4D8FE1252804D02246BA
:10A19000641C53460A990BE2491C4FF0000808461C
:10A1A0000C9101782B2919D004DC202919D02329FE
:10A1B00004D119E02D290ED0302909D00026C8B2CB
:10A1C000FEF721F9B0B10CA8FEF706F906461FE02C
:10A1D00048F001010AE048F0020107E048F00401FC
:10A1E00004E048F0080101E048F01001401C8846F6
:10A1F0000C90D6E70C9908782A2809D1169840C8FF
:10A200001690002E02DA48F002087642491C0C91A2
:10A210000C984FF0000B01782E2919D1401C0C909E
:10A2200048F480680078FEF7EEF820B10CA8FEF73D
:10A23000D3F883460CE00C9A10782A2808D1169897
:10A2400002C81690002900DC0021521C8B460C929B
:10A250000C9801786C290AD004DC68290FD06A298F
:10A2600019D128E0742929D07A2914D126E0401C7C
:10A270000C90017848F480786C291CD00BE0401CCD
:10A280000C90017848F08008682904D148F040011A
:10A29000401C88460C9002460078692822D015DCC4
:10A2A00062281FD00DDC252871D050281AD05828DC
:10A2B0007FF46DAF16E048F40071E9E748F480716F
:10A2C000E6E7632878D06428F2D10BE0732874D0D5
:10A2D00004DC6F2806D07028EAD103E0752801D08D
:10A2E0007828E5D178280DD058280BD070280BD0CD
:10A2F000502809D06F2816D0622816D00A2128F0DD
:10A30000100016E0102107E05078102148F48878FA
:10A31000562804D1521C0C921078582807D0107877
:10A32000502804D006E0082109E0022107E048F0A7
:10A33000200080461078692803D0642801D028F0D6
:10A340000C085FEA485001D528F001081078692808
:10A350001ED064281CD0562864D05FEA885072D57D
:10A36000169804ABC01D002283E806080292CDE9CE
:10A37000076820F007005346F0E80212CDE900120A
:10A380001690224628460A99FFF772FC89E00AE1F6
:10A390005FEA885024D5169804AFC01D20F007034B
:10A3A000F3E802021693002387E80A08CDE907685C
:10A3B000002A03DA012102E080E0A6E00021002368
:10A3C000029119461B1A914101DA114603E000215E
:10A3D000404261EB020153462246CDE90001D1E73C
:10A3E0005FEAC85004D5169804C80FE0524215E041
:10A3F0005FEA486003D5169810F8042B06E05FEA80
:10A400000860F0D5169830F8042B12B21690CDE9FA
:10A41000021BCDE90468D00F002AE7DDCDE900205A
:10A4200053461EE01698AAEB040202C8169048682C
:10A43000006800900A980B6801192846FFF79AFEF9
:10A4400004442FE0FFE75FEAC8500CD5CDE9021BBA
:10A45000CDE9046816980021534604C8CDE90021CF
:10A460001690224619E05FEA486003D5169810F866
:10A47000042B08E05FEA0860169803D530F8042B37
:10A4800092B200E004C816900020CDE90020CDE98A
:10A49000021BCDE904685346224628460A99FFF775
:10A4A000A7FB04460C98401C0C900C9908780028D7
:10A4B0007FF46BAE54457DD222467DE001275FEAF2
:10A4C000887006D509E02246641C534620200A996C
:10A4D000A84738467F1CB042F5D316992246641C23
:10A4E00011F8040B169153460A99A8475FEA887041
:10A4F00006D4D7E72246641C534620200A99A84771
:10A5000038467F1CB042F5D3CCE7169850F8049B30
:10A5100016904B46BBF1000001D0014601E04FF020
:10A52000FF31484600E0401C02780AB1491EFAD2C9
:10A53000C71A5FEA485003D558465F4500D307461F
:10A540005FEA887006D512E02246641C534620203C
:10A550000A99A84738467F1CB042F5D307E000BFF0
:10A56000224609F10109641C53460A99A84799F843
:10A57000000040B15FEA4851F2D5BBF1010B01E0A8
:10A58000F99C0008ECD25FEA887006D48AE722467C
:10A59000641C534620200A99A84738467F1CB042C5
:10A5A000F5D37FE706E02246641C534625200A992E
:10A5B000A84777E7AAF10102534600200A99A84765
:10A5C0000DB02046BDE8F08F10B502004FF000003E
:10A5D0000CD04B1E194200D0FEE70A44521E9A438B
:10A5E000B2F5004F02D20C2A01D9104610BD0C2042
:10A5F00010BD08444A1E401E9043114200D0FEE7A1
:10A60000704700002DE9F0410F4601210025044666
:10A6100041862E460BE01B49F5F73DFE10B16D1C3F
:10A62000ADB202E0608E401C6086761CB6B257F870
:10A63000260010B101780029EDD1208EA8421ED04D
:10A64000A06A002610B117F06DF8A662E06A10B19A
:10A6500017F068F8E662E80016F0D8FFA06238B19B
:10A66000680016F0D3FFE06218B1A16A11B102E0F0
:10A67000FEE7FEE700256900F5F7FBFD2586BDE84E
:10A68000F08100009C9801082DE9F84F8146407A3E
:10A690000F4600F00700022819D010468046974266
:10A6A00000DD3A46164603202A4C2B4A00EB4600B2
:10A6B00020F00305A06811681035411A636805EBA6
:10A6C000010C9C4505D2416821F0004124E0084678
:10A6D000E4E79D4219D892464FF0FF3B4819616864
:10A6E000884210D9002269461C48CDF800B00DF010
:10A6F0009DF9002269461A480DF098F9A168DAF828
:10A700000000091AEAE7A068DDE7284616F07EFF98
:10A71000C0B1416841F0004188EA6702416089EABE
:10A7200002010160416801F04041491C31F0804163
:10A7300041608681A0F80E8005D500F1100181608E
:10A74000BDE8F88FFEE7A16801F11002294482609C
:10A75000A160F5E7100F0020ECC00120314B01088B
:10A76000A17C010870B586B000224F4C8DF80820FE
:10A770008DF80C208DF81020E2888A4201D0FF224B
:10A78000A270E18090F83C20142302F003024FF401
:10A79000B475012A24D0022A68D0A578AA4211D023
:10A7A00010F8265F05EB051505EB4505B5FBF3F540
:10A7B0002570407800EB001000EB4000B0FBF3F098
:10A7C0006070A27004AA03A8CDE9000201EB410069
:10A7D0004FF6FF7101EA400002AB627821781BE07E
:10A7E000A678B24210D0868C06EB46067602B6FBFF
:10A7F000F5F5A58090F8270000EB001000EB400075
:10A80000B0FBF3F06070A27004AA03A8CDE90002C7
:10A81000C9B202AB627844E009F08BFE9DF80C00EF
:10A82000BDF8003044099DF8082064F30203ADF838
:10A830000030D308BDF800209DF8101063F3C70264
:10A84000ADF80020CA08BDF8001062F30C21ADF885
:10A8500000108108BDF8000061F34F30ADF8000032
:10A8600080B20090BDF8000006B070BDA678B2427C
:10A8700010D0868C06EB46067602B6FBF5F5A58071
:10A8800090F8260000EB001000EB4000B0FBF3F066
:10A890002070A27004AA03A8CDE90002CAB22178F0
:10A8A00002ABA088B8E70000280F002010B5084CC4
:10A8B000012020700748FEF7BCFC0028A06803D0E8
:10A8C000BDE810401EF05AB9BDE810401EF04AB96C
:10A8D000D0C00120C4CA012010B5044690F842003F
:10A8E000A16B820709D4B4F840204AB1A2F57F4396
:10A8F000FF3B1BD0521EA4F84020B4F84020AAB958
:10A9000009B1820712D521461448FEF72DFDFFF745
:10A91000CDFFE16809B120468847216909B1204689
:10A9200088472046BDE8104016F0FCBEE26B52425C
:10A930002263002911D0820702D4626B5242226343
:10A940004210521C62F3410084F84200A26A206A5D
:10A950002262A062E06AE162A06310BDC4CA012065
:10A9600070B5304D68681DF0BFFF0646687880F00E
:10A970000100687047E00020287094F84200697870
:10A98000C0F380028A4242D061F3820084F8420020
:10A99000216B8A19030719D4002917DC002A15DB5B
:10A9A000C00709D1616939B120468847216A01444D
:10A9B0002162A16A0844A062A16809B120468847C3
:10A9C00094F8420040F0080084F84200206B80199F
:10A9D000206316D4E16A884200DD2163E1692046E4
:10A9E00088470146606A884204D0616262680AB1A1
:10A9F00020689047D4E90B01814202DB2046FFF733
:10AA00006BFF287818B10848FEF713FC03E02146D5
:10AA10000548FEF720FC0400ADD11DF06BFF686017
:10AA200070BD0000D0C00120C4CA012070B504462A
:10AA300040680D4608B1FFF7F9FF2268002A04D0EC
:10AA400029462046BDE87040104770BD89B20EF01F
:10AA500089B989B20EF0C2B92DE9FF4F99B0984675
:10AA6000DDE926B12D9816468A464FF000090428E4
:10AA700011D0052811D0062812D0142870D1012732
:10AA80000225002418FB06F00E901A98401E0D9027
:10AA9000701E069051E10027F2E701270325F0E739
:10AAA00001270225FEF78AFE0068D0F83890E8E713
:10AAB000289860430BEB2022299860430AEB202161
:10AAC00010124FEA212E7DD41A9B98427ADABEF1F9
:10AAD000000F77DBB64575DAD2B2CBB2802A05DA41
:10AAE000C2F17F024FF0FF31520003E0012152001A
:10AAF000A2F580720992802B05DAC3F17F034FF033
:10AB0000FF325B0003E001225B00A3F580730A9330
:10AB10000EFB080C199B0CFB05330793431811938C
:10AB200072D4DDF834C063456EDC1EEB02036BD4D7
:10AB3000DDF818C0634567DCDDF81CC011FB05C1FA
:10AB4000CDE915C112FB08F101FB05C10C91D7B38A
:10AB50002D99052905D014290BD0062955D066E07A
:10AB6000EFE01598807807900C9881781698807897
:10AB700010E0199A0E990EFB08FC02EB41010A182D
:10AB80000EFB08111CF802000790119803FB08F354
:10AB9000085C995C079A91420AD00A9A11FB02F26A
:10ABA0000A99C1F58073079911FB0321C1F30721AD
:10ABB000079A90420DD0099A10FB02F20998C0F54D
:10ABC000807301E02FE035E0079810FB0320C0F30D
:10ABD000072008442C994008085527D0159801787B
:10ABE000407801EB0020ADF80C000C98017840781B
:10ABF00001EB0020ADF8100016980178407801EBC9
:10AC00000020ADF8080023E04CE0159801881FFAF9
:10AC100089F0814207D00C990988814203D01699A6
:10AC20000988814203D12C990020085583E0FF2137
:10AC30000846CEE715980088ADF80C0016980088F5
:10AC4000ADF808000888ADF810002C98FF210155D8
:10AC5000BDF80C00BDF81010884209D1BDF80810ED
:10AC6000884205D12B98BDF80C1000EB440017E08A
:10AC70000A98C2B2DDE903100FF06EFF0490099844
:10AC8000C2B2DDE902010FF067FF7F220290049952
:10AC90000FF062FF00902B98BDF8001000EB44000D
:10ACA000018048E0079B93F800C05B780CEB03231E
:10ACB000DDF8ACC09BB22CF81430DDF8B4C0BCF1A8
:10ACC000050F06D0BCF1060F06D0BCF1140F09D158
:10ACD0000AE0079B9B780FE01FFA89FC634501D1CE
:10ACE000002309E0FF2307E0199B0EFB083C0E9BA5
:10ACF00000EB43031CF8033008B9002905DBDDF83D
:10AD000034C0604503D1002901DD09980AE0BEF195
:10AD1000000F01D1002A04DB06998E4508D1002AD4
:10AD200006DD0A98C0F1FF0010FB03F0010A00E005
:10AD300000212C980155641C24B22A988442FFF605
:10AD4000B7AE1DB0BDE8F08F10B5818F92B004464C
:10AD5000A9B168460DF014FB0B480121CDE9004074
:10AD6000A08F0B9000200890CDE9090107480790BB
:10AD70000748039068460DF077FB12B010BD12B083
:10AD8000BDE810401FF072BBE5A402083F84010833
:10AD9000E7A4020810B50446406882080AD0496852
:10ADA00021F00301091D08446060204600F042F8CC
:10ADB000204610BDFEE74068103120F003008842B5
:10ADC00001D301207047002070472DE9FC4705465C
:10ADD00048680C4620F0030001AA69461EF06AFE8E
:10ADE000DDE9007005EBC71101EB80098046D9F859
:10ADF000380060B164B1C4E9020504F10806C4601A
:10AE000030460421FFF7F5FB864202D0FEE7FEE75D
:10AE1000FEE7C9F838400120296900FA07F211431A
:10AE2000296105EB870100FA08F04A6902434A618B
:10AE3000BDE8FC8710B5044600F087F8046010BD3B
:10AE40002DE9FC4706464FF000000D000090074634
:10AE5000019042D00C46E9460DF10408802907D341
:10AE6000084623F0B9F9411F01208840401E0444E0
:10AE70004246494620461EF01DFE009C092C2CDA55
:10AE800006EB8400019A40694FF0FF3101FA02F2AB
:10AE900010400CD1641C3069A14008401DD023F043
:10AEA00093F90446009006EB8000406978B123F0E6
:10AEB0008BF9034606EBC411019001EB8000876B10
:10AEC0005FB1786820F00300A84201D2FEE7FEE7F8
:10AED00039463046009A20F09FF93846BDE8FC8795
:10AEE00010B50446FFF7A6FF416841F0020141603A
:10AEF000606840F00100606010BD10B5044600F0CD
:10AF000024F8416821F002014160606820F00100EE
:10AF1000606010BD70B506460D46084600F015F895
:10AF2000040010D02079C0070BD0686880080BD0CF
:10AF30002146304600F03CF821462846FFF72AFF1C
:10AF40000546284670BDFEE7FEE7426800F10801AD
:10AF500022F00300001F0844910800D1FEE770476B
:10AF600070B506460C004FF000001ED0F2B12079FB
:10AF70001546C0071BD011462046FFF71CFF78B1CD
:10AF80002946204600F025F805462046FFF752FFE7
:10AF90006868294640F0020068603046FFF715FFF8
:10AFA0002046FFF7AAFF04F1080070BDFEE7FEE7A8
:10AFB0007CB5054648680C4620F0030001AA6946A6
:10AFC0001EF078FDDDE900232146284620F024F913
:10AFD0007CBD2DE9F0410D46044600F10801281F13
:10AFE0000E18606806F1080720F00300401BA0F16E
:10AFF000040838460421FFF7FCFA874200D0FEE738
:10B00000606820F0030108EB0500001D814200D0BC
:10B01000FEE7307900F0030040EA0800706020F09D
:10B0200003000C2800D2FEE7207900F0030028433B
:10B0300060603046FFF754FF3046BDE8F08138B518
:10B04000044614F07FFE054614F0B1FE00282046A9
:10B0500005D0218FE18619F018FC012038BD13F0CE
:10B060009BF8002820461ED012F06AFF218FE08E48
:10B0700081420CD02087E08E00906A461C21204639
:10B0800013F0CCFA0128E9D1204619F0FEFB28463E
:10B0900014F099FE0428E0D1204617F073FF002138
:10B0A00013F0CBFFD9E713F0D3F8D6E770B513F060
:10B0B000B1FA054617F0ACFF044628460EF0B6FC80
:10B0C00001462046BDE8704000221CF02BBF000066
:10B0D0002DE9F74F82B00C46804672B63C4890F896
:10B0E00001B00078019062B640463AA2FDF7FAF846
:10B0F0004FF0000905464E465AE001981E21801B7C
:10B100001D3090FBF1F201FB1200C0B2344F00EB96
:10B11000801A049817F82A10814248D1B9F1000F1B
:10B1200007D0B9F1060F0FD3611B08EB05002DA264
:10B1300047E02749049890312CA251F8203021464D
:10B140004046FDF7CFF80546611B08EB05004B466E
:10B1500029A2FDF7C7F8054407EB8A000090B0F874
:10B1600002A0BAF1100F03D94FF0100A002701E036
:10B1700000270FE0A4F1080085420DDA0098611B5A
:10B1800038441FA2037908EB0500FDF7ABF87F1CDC
:10B190000544BFB25745EDD3611B08EB050015A26E
:10B1A000FDF7A0F8054409F1010000F0FF09761C45
:10B1B0005E45A2DBB9F1000F05D1611B08EB05006C
:10B1C00011A2FDF78FF805B04846BDE8F08F0000EA
:10B1D000F00D002046726F6D3A202D2D2D0A0000D3
:10B1E00028A400202E2E2E0A0000000046726F6D4B
:10B1F0003A2025730A0000005B25645D20000000F2
:10B200002530325820000000286E6F206D65737362
:10B2100061676573290A00002DE9F04F0C4687B07D
:10B220000546002117F0E2FD60B32146284600F0F4
:10B2300061FA2146284600F06FF80021284618F0F0
:10B2400005FD05900021284618F0AEFD0490002170
:10B25000284618F0C6FB012800D0002080460021B7
:10B26000284618F009FF07460021284618F034FC4C
:10B2700042F2D17906464F450BD1688C000508D4BF
:10B28000012707E007B02046BDE8F04F1C21F4F786
:10B29000F0BF0027284617F027FEDFF878A0834686
:10B2A00028460021BAF8042018F0E4FDD4F810C0B4
:10B2B000A3682168CDF800C0CDF80C80CDE901313C
:10B2C000C2B239465846059B0BF0A4F820834E4580
:10B2D00004D1688C400501D4012600E000262846F0
:10B2E00017F0E8FD074628460021BAF8082018F0B4
:10B2F000C1FDC2B2606900256368E1688DE82B007A
:10B3000031463846049B0BF085F8608307B0BDE8F2
:10B31000F08F00006C0F00202DE9F34F81B00C4638
:10B3200001980AF0F9FA0646019817F0DDFD824609
:10B33000304602F006F92061400016F095F92060D1
:10B340002069400016F090F9002541F69A79A06036
:10B350003AE036F91510DFF82081494533D100274E
:10B36000DFF818B11FE03946019817F03FFD594644
:10B37000009018F0A2FFA8B900980AF0DFFA01289F
:10B3800010D100980AF0D0FAA8420BD1009818F01A
:10B3900044FF4146404501DA084602E0009818F0B3
:10B3A0003CFF80467F1C019817F032FDB842DAD886
:10B3B000B8F1000F03DBA16821F8158003E0A16854
:10B3C000002021F815006D1C2069A842C1D8002575
:10B3D0002F46284641F69B784B4615E036F910106B
:10B3E000414504DB0D44A5F5F8559B3D0BE0994222
:10B3F00004D1A16831F81010394403E0A26822F8A2
:10B40000101039440FB2401C21698142E6D8002156
:10B41000019818F01BFC2169C1F1010200FB02A098
:10B42000C01B00B2002800DA002000224FF0FF33DA
:10B430001146C44611E000BF36F9117067450BDBB9
:10B44000A7F5F8579B3F3AB210FB02F3B3FBF5F3B5
:10B45000A76827F811300B46491C27698F42EBD8A3
:10B46000002B07DBA91A4143B1FBF5F1401AA16893
:10B4700021F81300BDE8FE8F01E0FFFF0100060088
:10B480002DE9F14F0022114600981AF09DF9002194
:10B49000009818F0DFFA04460021009818F09CFC90
:10B4A00020440FFA80F90021009818F087FB20440F
:10B4B0000FFA80F8009818F041FA00EB090101EB4F
:10B4C0000800DFF898A006B25446009817F0A0FCD8
:10B4D000074600252AE0009821498068006850F856
:10B4E0002500834618F0E9FEF8B9584619F026FA07
:10B4F00040BB0021584618F045FA18B3012821D066
:10B5000002281FD003281DD00021584618F0CCFD7A
:10B5100058B9BBF81A10BBF81600081A401C00B244
:10B520004844A04200DB044624B26D1CBD42D2D385
:10B53000544504D004EB080000B2B04200DC3046B1
:10B54000BDE8F88F0098BBF91A10B0F91600081A78
:10B55000411CA142E8DB0C46E6E7000001E0FFFFEA
:10B56000010004002DE9F84F0022804611461AF030
:10B5700015F90021404618F06DFA044600214046B6
:10B5800018F0D0FB20440FFA80FA0021404618F052
:10B590007BFB20440FFA80F9404618F0DDF900EB00
:10B5A000090101EB0A00DFF844B105B25C464046F0
:10B5B00017F02EFC07460021404618F000FA01283B
:10B5C0004FF0000644D078E0D8F8080048490068F9
:10B5D00050F82600009018F070FEC0BB009819F0DB
:10B5E000ADF950B10098B8F91810B0F91400091A63
:10B5F000481CA0422ADB4C1C28E00021009818F0CF
:10B60000C1F958B1032809D0062807D0082805D069
:10B610000021009818F042FD58B118E00098B8F9E0
:10B620001810B0F91400081A411CA1420EDB0C4698
:10B630000CE00098143000900DF0A9FC5044A0429A
:10B6400004DB00980DF0A3FC00EB0A0424B2761C86
:10B65000BE42B9D35C453BD004EB090033E000BFE8
:10B66000D8F808002249006850F82600009018F029
:10B6700024FE08BB009819F061F960BB0021009816
:10B6800018F080F938B3012825D0042823D00728E2
:10B6900021D00021009818F007FD68B900981430F7
:10B6A00000900DF074FC4844A04204DB00980DF0BB
:10B6B0006EFC00EB090424B2761CBE42D0D35C457C
:10B6C00006D004EB0A0000B2584501D0A84200DCC5
:10B6D0002846BDE8F88F0098B0F91810B8F91400A2
:10B6E000091A481CA042E6DB4C1CE4E701E0FFFF1E
:10B6F000010004002DE9F84F0C4683460AF010FDC6
:10B70000064601F01EFF6061400015F0ADFF60606D
:10B710006069400015F0A8FF002541F69A79E060C5
:10B720003AE036F91500DFF82881484533D1002783
:10B73000DFF820A11FE03946584617F057FB514665
:10B74000009018F0BAFDA8B900980AF075FD01281C
:10B7500010D100980AF066FDA8420BD1009817F0AE
:10B7600016FC4146404501DA084602E0009817F011
:10B770000EFC80467F1C584617F04AFBB842DAD8C8
:10B78000B8F1000F03DBE16821F8158003E0E16800
:10B79000002021F815006D1C6069A842C1D8002561
:10B7A0002F46284641F69B784B4615E036F9101097
:10B7B000414504DB0D44A5F5F8559B3D0BE099424E
:10B7C00004D1E16831F81010394403E0E26822F84E
:10B7D000101039440FB2401C61698142E6D8002143
:10B7E000584618F0E1FA8146584617F063FB0146C7
:10B7F0006069C0F1010209FB0210C01B00B2002801
:10B8000000DA002000224FF0FF331146C44610E05A
:10B8100036F9117067450BDBA7F5F8579B3F3AB235
:10B8200010FB02F3B3FBF5F3E76827F811300B4682
:10B83000491C67698F42EBD8002B07DBA91A4143EB
:10B84000B1FBF5F1401AE16821F81300BDE8F88F6B
:10B8500001E0FFFF010006001CB50B8804892344AA
:10B86000ADF800304B8844892344ADF802308B8812
:10B8700004892344ADF80430C98843891944ADF8DC
:10B8800006104369694698471CBD1EF01FBC0000A6
:10B890002DE9F05F864C8346606900287ED0A06F5A
:10B8A00000287BD02079834E082837D2DFE800F0CB
:10B8B000373704047E7EB0B01EF090F97D49D03950
:10B8C00001EB0017002522E056F8250012F032FCAB
:10B8D00035B1012D09D0022D0DD0032D16D110E068
:10B8E000754951F82000386010E07349403951F82B
:10B8F000200078600AE07049383951F82000B860BB
:10B9000004E06D49203151F82000F8606D1CA06FF3
:10B910008542D9DB39462079FCF786FCABE01EF086
:10B920005DF9644900EB4000B03901EBC007002528
:10B9300022E000BF56F8250012F0FCFB042D1AD2BD
:10B94000DFE805F002080E145B492C3151F82000A5
:10B95000786010E058493C3151F82000F8600AE066
:10B9600055497C3151F82000386104E052493039A2
:10B9700011F8200078756D1CA06F8542DADB4C4D04
:10B9800039468035A86838602079F4F7C1FE2079FF
:10B99000E16FFCF745F92079296800E085E0FCF7C4
:10B9A0004BF920796968FCF753F964E01EF016F949
:10B9B0004049DFF804818039A8F1280801EB4017DD
:10B9C000002508F1080908F1C40A15E056F8250019
:10B9D00012F0B0FB25B1012D06D0022D0BD107E0EE
:10B9E00058F82000386006E059F82000786002E03E
:10B9F0005AF82000B8606D1CA06F8542E6DB39461E
:10BA00002079F9F71DFE21892079FCF72DF932E024
:10BA10001EF0E4F82749403901EB4017002523E0E8
:10BA200056F8250012F086FB35B1012D0AD0022D03
:10BA30000ED0032D17D111E01F49183951F82000FD
:10BA4000B86010E01C49103951F82000F8600AE095
:10BA50001949083951F82000386104E01649B43119
:10BA600051F82000B8616D1CA06F8542D8DB3946C3
:10BA70002079FAF78BFEA06918B11CF0BFFF0020F7
:10BA8000A061584612F0C8FD05000ED00BA115F0BC
:10BA90000DFB2A464FF4FA610C481CF08FFFA061A1
:10BAA000BDE8F05F01211DF06CB8BDE8F09F00001B
:10BAB000F00D002070C300203C020308436F6E6647
:10BAC000696720536176656400000000EDBA0008E4
:10BAD00010B512F09FFD12F02DFB03490871BDE86F
:10BAE000104000F063BA0000F00D002010B5C068EF
:10BAF00010B105A115F0DAFA044CA0691CF07EFF24
:10BB00000020A06110BD000000000000F00D00202A
:10BB100070B50A4C0025206910B11CF06FFF25613B
:10BB2000A06910B11CF06AFFA561257101F0D8FA77
:10BB3000BDE8704003211EF015BB0000F00D002091
:10BB400000F066B910B512F065FD12F0F3FA0A497B
:10BB5000C0B20428887109D0052807D0062801D072
:10BB6000072807D1BDE81040FAF77CBEBDE81040B9
:10BB7000F9F786BD10BD0000F00D002010B512F0E1
:10BB800049FD002117F032F90346094800680428EE
:10BB90000BD040F2FF700649064A8039C96FBDE8F4
:10BBA0001040014004A020F06FB86FF06040F2E751
:10BBB000700E0020757B01084677642043414E20BB
:10BBC000494400002DE9FF4112F024FD12F0B2FAC1
:10BBD00000B104201E4D2968884236D0A5F18004AA
:10BBE00028606FF06046216AB714A9B1042807D015
:10BBF0003B46E06F03EA0003E36703D115A202E0CE
:10BC00003346F6E715A24FF010016846FCF76AFBD1
:10BC10006946206A15F04AFA606A002815D028683B
:10BC2000042800D03E46686806EA000633466E6087
:10BC300001D108A200E009A24FF010016846FCF70C
:10BC400051FB6946606A15F031FABDE8FF810000DA
:10BC5000700E002030782530386C58003078253050
:10BC6000336C580010B512F0D5FC002117F0BEF867
:10BC7000084903460868042809D040F2FF70496863
:10BC8000BDE810400140044A04A01FF0FDBF6FF062
:10BC90006040F4E7700E0020C97B010846776420FD
:10BCA0004D61736B0000000070B512F0B3FC0646E6
:10BCB000002117F09BF81E4C0546607998B1FF21D2
:10BCC000E078FBF7DDFF002060711AA1284615F02F
:10BCD000EDF91C480EF0ECFD01463046BDE8704021
:10BCE000002219F0B4BFA179E078FBF7C9FF012069
:10BCF000607115A1284615F0D9F917480EF0D8FD46
:10BD000001460022304619F0A2FFA079042809D08C
:10BD1000052807D0062801D0072807D1BDE87040C4
:10BD2000FAF7A0BDBDE87040F9F7AABC70BD0000ED
:10BD3000F00D0020537461727420466F7277617247
:10BD40006400000060340F0053746F7020466F72FF
:10BD500077617264000000006045E90010B512F0E0
:10BD600059FC002117F042F803460548034A0189AF
:10BD7000BDE8104003A01FF087BF00004D7C010804
:10BD8000F00D002054617267657420416464720094
:10BD900010B512F041FCBDE81040C0B21EF0B6B9BB
:10BDA00010B50D49ADF5167D8A78022A10D1C46808
:10BDB000002C0DD0CA784FF416716846FFF788F949
:10BDC0006946204615F072F90021204619F0BBFCA7
:10BDD0000DF5167D10BD0000F00D002010B512F01D
:10BDE00019FC002117F002F803460548034A816850
:10BDF000BDE8104003A01FF047BF0000197C0108F8
:10BE0000700E00205072657363616C6572000000F3
:10BE10002DE9F04341488DB0C16900297BD0002154
:10BE20008DF800103E4D80460279816F3D4C2868A8
:10BE30004FF47A76082A65D2DFE802F00F0F040487
:10BE40002D2D4141012966DB12F074F9082859D2E1
:10BE5000354936A251F8203050E003295BDB2F48EA
:10BE600080308768686812F065F98146A86812F02A
:10BE700061F909EB0005ED1CF6F79CFF6F43B0FB81
:10BE8000F7F0A04203D3B0FBF4F32BA236E0B0FBF3
:10BE9000F6F32EA232E001293DDB12F04BF9022825
:10BEA00030D22149283951F82000A04203D3B0FBF9
:10BEB000F4F32BA222E0B0FBF6F32DA21EE004293E
:10BEC00029DBE86812F036F9054608281AD2F6F799
:10BED00071FF2B49096811F4E05F00D0400012495E
:10BEE000D43151F82510B0FBF1F0A04203D3B0FBE0
:10BEF000F4F324A202E0B0FBF6F327A23021684657
:10BF0000FCF7F0F99DF80000002804D06946D8F845
:10BF10001C0015F0CBF80DB0BDE8F083F00D00204B
:10BF200070C3002040420F003C0203084261756468
:10BF30003A20256C750000004269742052617465D6
:10BF40003A20256C75204D627073000042697420A0
:10BF5000526174653A20256C75206B627073000025
:10BF6000436C6F636B3A20256C75204D487A000056
:10BF7000436C6F636B3A20256C75206B487A000028
:10BF80000838024053504920467265713A20256CAA
:10BF900075204D487A000000535049204672657163
:10BFA0003A20256C75206B487A0000002DE9F04F8F
:10BFB000FE4D8FB0686900287DD016F0E1FA0020B0
:10BFC0000446A8672879DFF8E8B3082874D2DFE8C8
:10BFD00000F08F8F0404FEFEFDFD1DF0FFFDF4490F
:10BFE000D03901EB001000260168069141680791E5
:10BFF00081680891C0680990686914F0D1F9074612
:10C0000036B1012E0BD0022E60D0032E5AD166E03D
:10C01000E8A1DFF8AC834FF0080AA86A07E0DFF870
:10C02000A083E86AE7A1A8F140084FF0020A814620
:10C03000384615F03BF8A01C02B20621384619F02C
:10C04000DBFC0EF047FE01460022384619F097FE51
:10C05000686911F0CDFF074622B26E2119F0CCFCC1
:10C060001C227321384619F009FD4946384612F062
:10C07000EEF906A8524650F82600414609F09EF80F
:10C0800081B2384612F055FAD1480EF011FC014643
:10C090000022384619F0DBFD0EF01CFE014600229E
:10C0A000384619F06CFE00231C22CA49384615F0A8
:10C0B0002FFEA96F01E094E365E34BF82170491C62
:10C0C0002434A967761C042E96DB5CE3DFF8F0824B
:10C0D000C1A1A8F138084FF0020A286BA7E7DFF8E2
:10C0E000E082C0A108F120084FF0030A686B9EE7C8
:10C0F0001DF074FDAE4900EB4000B03901EBC00605
:10C100002879FBF7F5FCE8672879FBF7FFFCDFF8F7
:10C110009C8208F180084746C8F800002879FBF7A0
:10C1200003FD78603068B86070680890F068099026
:10C1300030690A90707D00273E460B90686914F0C4
:10C140002FF90090A01C02B20621009819F054FCAF
:10C150000EF0C0FD01460022009819F010FE012EDD
:10C160000AD0AEB3B01E02287ED8022E7DD0032E98
:10C170007CD0042E7BD19EE09CA1009814F096FF09
:10C1800068690DF029F9814622B26E2119F034FC5C
:10C190001C227321484619F071FC97480EF088FB69
:10C1A00001460022484619F052FD0022042148466B
:10C1B00019F0DBFD002307229049484615F0A8FD41
:10C1C000484614F0EDF8C8F80C0002E064E2A3E180
:10C1D00016E08BA2102102A8D8F80830FCF782F8EC
:10C1E00002A9D8F80C0014F061FFD8F80C0016F082
:10C1F00009F90EF06FFD01460022D8F80C00A7E007
:10C200006F4880A12C30039004200290D5F838A00C
:10C2100000208146009814F049FF686911F0E8FE9B
:10C2200022B26E21009019F0E7FB1C2273210098C6
:10C2300019F024FC5146009812F009F908A951F8A8
:10C240002900DDE9022108F0B9FF81B2009812F05F
:10C2500070F95F480EF02CFB01460022009819F09F
:10C26000F6FC0EF037FD03E02FE010E019E072E07D
:10C2700001460022009819F082FD00231C22554936
:10C28000009815F045FD00984BF827003EE14C481A
:10C290005EA13C300390102002900120D5F83CA014
:10C2A000B7E747485CA17C30039008200290022049
:10C2B000D5F840A0ADE742485AA13038039002209B
:10C2C00002900320D5F844A0A3E7052E49D0062EFE
:10C2D0006AD058A1009814F0E9FE68690DF07CF866
:10C2E000814622B26E2119F087FB1C227321484639
:10C2F00019F0C4FB40480EF0DBFA01460022484624
:10C3000019F0A5FC00220421484619F02EFD002357
:10C3100007224B49484615F0FBFC484614F040F80C
:10C320006862D8F8001004293FD046A2102102A864
:10C33000D8F80430FBF7D6FF02A9686A14F0B6FEFD
:10C34000686A16F05FF80EF0C5FC01460022686AC4
:10C3500019F015FD2434761C082EFFF6EFAEAF67FA
:10C3600011E23AA1009814F0A1FE68690DF034F8CA
:10C37000814622B26E2119F03FFB1C2273214846F0
:10C3800019F07CFB1C480EF093FA01460022484647
:10C3900019F05DFC00220421484619F0E6FC002358
:10C3A00007222C49484657E076E0B3E0F00D002024
:10C3B00070C3002042617564205261746500000002
:10C3C0003C020308576F7264204C656E0000000049
:10C3D00060340F0041BB000853746F7020426974D1
:10C3E00073000000506172697479000050726573C7
:10C3F00063616C65720000005F3A1E00DDBD0008DD
:10C40000256C75004D6F64650000000054696D6512
:10C41000205365672031000054696D6520536567BE
:10C42000203200004175746F2052657472616E7322
:10C4300000000000467764204D61736B000000002F
:10C4400065BC000830782530336C5800467764208E
:10C45000494400007DBB000815F05AFC484613F023
:10C460009FFF2862D8F80000042813D0AFF22C02F6
:10C47000102102A8EB6FFBF735FF02A9286A14F020
:10C4800015FE286A15F0BEFF0EF024FC01460022BE
:10C49000286A5DE7D4A2EBE7D5A1009814F006FE68
:10C4A000686911F0A5FD814622B26E2119F0A4FA47
:10C4B0001C227321484619F0E1FA4846696E11F0D2
:10C4C000C6FFD8F80000042822D00021484612F008
:10C4D00030F8C9480EF0ECF901460022484619F040
:10C4E000B6FB0EF0F7FB01460022484619F047FC68
:10C4F00000231C22C149484615F00AFC00231C22D7
:10C50000BF49484615F004FC4BF827907F1C21E7F3
:10C510000121DBE7B4A209E71DF060FBB94901EB9B
:10C5200040162879FBF70EFB28813068069070686A
:10C530000790B06800273E460890686913F030FF06
:10C540000090A01C02B20621009819F055FA0EF0D6
:10C55000C1FB01460022009819F011FC022E57DCA5
:10C5600026B1012E09D0022E7CD148E0A6A1DFF829
:10C57000A4A24FF00209A86C07E0DFF898A2E86CCB
:10C58000A5A10AF1080A4FF002098046009814F0AC
:10C590008DFD686911F02CFD22B26E21009019F01A
:10C5A0002BFA1C227321009819F068FA4146009872
:10C5B00011F04DFF06A84A4650F82600514608F0F3
:10C5C000FDFD81B2009811F0B4FF8B480EF070F9B8
:10C5D00001460022009819F03AFB0EF07BFB014661
:10C5E0000022009819F0CBFB00231C2284490098FC
:10C5F00015F08EFB00984BF827007F1C46E0DFF813
:10C6000014A288A10AF1C40A4FF00609286DBCE7FC
:10C6100087A1009814F04AFD68690CF0DDFE8046A1
:10C6200022B26E2119F0E8F91C227321404619F05C
:10C6300025FA82480EF03CF901460022404619F0E6
:10C6400006FB00220421404619F08FFB002307223D
:10C650007B49404615F05CFB404613F0A1FE804646
:10C660002B8900E013E077A210210BA8FBF73AFE1C
:10C670000BA9404614F01AFD404615F0C3FE0EF01B
:10C6800029FB01460022404619F079FB2434761C30
:10C69000042EFFF652AF62E61DF0A0FA5949403170
:10C6A00001EB4010002681680691C168079101697D
:10C6B000089180690990686913F072FE074636B1E7
:10C6C000012E0DD0022E7AD0032E59D180E0DFF852
:10C6D00044A15EA10AF1100A4FF00208686D07E05C
:10C6E000DFF830A1A86D5CA10AF1180A4FF002082A
:10C6F0008146384614F0DAFCA01C02B20621384606
:10C7000019F07AF90EF0E6FA01460022384619F0DF
:10C7100036FB686911F06CFC074622B26E2119F0F5
:10C720006BF91C227321384619F0A8F9494638469E
:10C7300011F08DFE06A8424650F82600514608F03A
:10C740003DFD81B2384611F0F4FE2B480EF0B0F8F2
:10C7500001460022384619F07AFA0EF0BBFA01467B
:10C760000022384619F00BFB00231C2224493846CE
:10C7700015F0CEFAA86F4BF82070401C2434A8673F
:10C78000761C042E97DB686913F00AFE241D22B282
:10C790000621E86119F030F91022DC21E86919F06E
:10C7A0006DF94BF694000EF083F801460022E8691B
:10C7B00019F0E5FA0FB0BDE8F04FFFF729BBDFF83D
:10C7C00054A029A10AF1200A4FF00208E86D8FE772
:10C7D000DFF840A027A10AF1DC0A4FF00808286E14
:10C7E00086E70FB0BDE8F08F30782530386C580000
:10C7F000467764204944450060340F00C5BB0008FB
:10C8000041BB0008F0C20020436C6F636B20537083
:10C8100065656400140203084475747920437963E4
:10C820006C6500004F776E2041646472657373001D
:10C830005461726765742041646472005F3A1E003F
:10C840005DBD0008307825303258000044617461C5
:10C850002053697A65000000434C4B20506F6C6197
:10C860007269747900000000434C4B20506861737A
:10C870006500000042617564205072657363616CED
:10C88000657200002DE9FF4F89B0C8781A9CC00777
:10C890000D46002801D0F84800E0F848069001D085
:10C8A000F74800E0F748049001D1F54800E0F5486A
:10C8B0004FF010034FF00C0E4FF0080BCDF81400A2
:10C8C0006188A2884FF0000AA1EB0201504609B22C
:10C8D0005246D4F810C00FE002EB8207E66803EB83
:10C8E000870816F808805FEAC87809D00BEB87073D
:10C8F000F65B891B09B2521C9445EDD8002254E026
:10C900000EEB8707F65B304400B2F4E7E66802EB13
:10C91000820703EB870CB146CDF820C016F80C60F7
:10C92000F60741D1002872D091FBF0F80EEB870694
:10C93000079639F8066006FB08F60FFA86FCCDF874
:10C9400000C04FF0060C0CEB870C042639F90C8064
:10C9500006EB8706DDF800C039F90660E04500DC2B
:10C96000C446664504DC009EC446B04500DC66460D
:10C97000DDF800C00196664506D0DDF820C04FF016
:10C980000108C24649F80C80D4F80C80019E0BEBDC
:10C99000870728F80760D4F80CC0079F3CF8077099
:10C9A000C01B891B00B209B2521C26699642ADD841
:10C9B000BAF1000F84D10021099817F018F8012866
:10C9C00026D000270020ADF80800ADF80C0003A920
:10C9D00002A8CDE900012089B4F9022003B2287829
:10C9E00018991DF090FCE878384207D0099816F0A5
:10C9F0007BFABDF808100844ADF808000B990998B7
:10CA000016F0F4F906464FF4FA682AE1FFE7FEE76C
:10CA10000127D7E79C49304617F04FFC00286FD11B
:10CA20000021304617F042F8F0B34FF000094846B5
:10CA300021690FE0E26800EB800352F82320B24244
:10CA400007D1E16800EB80020BEB820031F9009026
:10CA500002E0401C8142EDD8E878C007708C04D019
:10CA600020F4806040F4006003E020F4006040F4B3
:10CA70008060708406F11400049982468847484516
:10CA800028D0304617F001FFB08AADF80000F08AD8
:10CA9000ADF80200308BADF80400708BADF80600E5
:10CAA00049465046069A00E010E090476A46292120
:10CAB000304611F0B3FD304616F0AAFA3246222174
:10CAC00011F0ACFD304617F0E0FE03E0708C20F46E
:10CAD00040607084002000906878012811D00228FE
:10CAE00017D1059906F114008847B4F90010491CC4
:10CAF00021F00101081A00EBD07040F34F0007E06D
:10CB0000A7E0059906F1140088472188081A00B2A9
:10CB10000090E878384208D0049906F1140088475C
:10CB2000BDF80810081AADF80800304600216B2245
:10CB300017F0A0F90FFA80F9304600216C2217F0A7
:10CB400099F90FFA80FA304617F067FB01903046EA
:10CB500016F01DFA0146C9F3413001280FD129F41E
:10CB6000C04040450BDCB0F57A7F01DDC0F57A703E
:10CB7000019A5043642290FBF2F00FFA80F9CAF355
:10CB8000413001280ED12AF4C04040450ADCB0F5FE
:10CB90007A7F01DDC0F57A704843642190FBF1F0A3
:10CBA0000FFA80FAB18A1698F28A411A01EB09004D
:10CBB000179900B28A1A02EB0A01EA7809B2D20781
:10CBC000002A02D0BDF9082000E0009A10440FFAB4
:10CBD00080FA01D0009801E0BDF9080008440FFA7E
:10CBE00080F95AEA09011BD0304617F04EFEB18A8F
:10CBF00001EB0A00B082318B01EB0A003083F18A2D
:10CC000001EB0900F082718B01EB09007083304663
:10CC100017F03BFE00234A465146304617F0DCFE33
:10CC2000E87838420CD1049906F114008847199924
:10CC30000844BDF80C100844BDF80810084406E08C
:10CC4000BDF80C1019980844BDF80810081AADF882
:10CC50000800E8780BAAC0F38001099809F026F9CA
:10CC60000646002E04D0DDE90B0188427FF4D2AEE7
:10CC70000DB0BDE8F08F0000179001080D9001087D
:10CC8000B38F01085B8F0108010006002DE9F04F0A
:10CC900091B00E0005463FD02E83286808B114F0ED
:10CCA00041FD06EB4600062101EB400014F0AEFC0E
:10CCB000286040B3022101EB46010144E9600421F0
:10CCC00001EB86010144C5E9010101210024012E87
:10CCD0001AD0F000083014F0C7FC814600EB860043
:10CCE00000F10408B00000B2A346ADF81000C0F196
:10CCF00001028010ADF812B00FFA82FA5C46CDF84E
:10CD000028B00690ABE0FEE7B4220270E868048029
:10CD1000E8684180A868048011B0BDE8F08F002762
:10CD2000BDF81220BAF1000F07DC032101EB42012C
:10CD30000AEB01000FFA80FA0CE0BDF81010052391
:10CD4000521A03EB420202EB0A00491E0FFA80FA64
:10CD5000ADF81010BDF81200401CADF8120004A888
:10CD600000F0E9F868B1BDF9100006A9821041F899
:10CD700027200AA900F0030041F827007F1C042F98
:10CD8000CEDB042F71D109990698884212D129F877
:10CD9000140028F814B0DDE90A010144DDE90C2093
:10CDA0001044084469680855696800010855641C06
:10CDB00024B252E00799884219D029F8140028F8C3
:10CDC00014B06A680A9810556A6800011055641C0E
:10CDD000069A20B2521E29F8102028F810B0DDE97A
:10CDE0000B120A440D99091D11446A682FE0089935
:10CDF00029F81400884228F814B0DDE90A025946DF
:10CE0000104412D06A6810556A6800011055641CFD
:10CE1000069A20B2521E29F8102028F81010DDE9D9
:10CE20000C12114408316A6811E00C9A10446A68C7
:10CE300010556A6800011055641C069A20B2521EF3
:10CE400029F8102028F810100D996A680C31115437
:10CE50006A6809011154401C04B20BF1010B04A8CB
:10CE600000F069F800287FF45AAF40F2D32016FB97
:10CE700000F109EB4402881232F9022C824205D1FA
:10CE800008EB440232F9022C82421AD0A1EB802135
:10CE9000B1F5007F03DC494341F3CF3106E0C1F532
:10CEA0008061494341F3CF31C1F10F0129F81400EA
:10CEB00028F8140068680155686809010155641C68
:10CEC00024B2A01E0EE000BF38F8102029F814206C
:10CED00039F8102028F8142069680A5C0A55641C87
:10CEE00024B2401E0028EFDAEA68002108461180CB
:10CEF0001BE0EA6822F81100AB6839F8102023F82B
:10CF000011200AE0AE6839F9102036F8113093424A
:10CF100000DA1A4626F81120401C38F910208A42FF
:10CF200001D1A042EEDB491C09B2A042E1DB484638
:10CF300014F0E6FBF0E6B0F90210B0F9000081420F
:10CF400001DC012070470020704717B581B0022A2C
:10CF500003D8BDF8080004B010BDBDF80830BDF816
:10CF60000400C3F3C401C0F3C40421441F2900D347
:10CF70001F2161F3C7005907890E01EB533100F0FF
:10CF8000070401EBC40101EB5031ADF804003F2967
:10CF900000D33F21CC0864F3020061F34F30C3F3A8
:10CFA0000421C0F304231944ADF804001F2900D361
:10CFB0001F2161F30C20ADF80400FF2A07D0DDE942
:10CFC00001010DF0A3FD0090BDF80000C3E780B2A1
:10CFD000C1E717B581B0022A03D8BDF8080004B034
:10CFE00010BDBDF80400BDF80810C0F3C403C1F3C0
:10CFF000C40413FB04F35B0963F3C700C0F3042309
:10D00000C1F3042413FB04F35B0963F30C2043070F
:10D010009B0E4C07A40E03EB503304EB513113FB72
:10D0200001F35B0A63F3020043079B0E03EB5033EB
:10D0300013FB01F1890961F34F30ADF80400FF2AB9
:10D0400007D0DDE901010DF061FD0090BDF80000A1
:10D05000C5E780B2C3E717B581B0022A03D8BDF88F
:10D06000080004B010BDBDF80830BDF80400C3F3DB
:10D07000C401C0F3C404091B002900DC002161F3D2
:10D08000C7005907890E01EB533100F0070401EB8B
:10D09000C40101EB5031ADF80400002900DC00218F
:10D0A000CC0864F3020061F34F30C3F30421C0F3F2
:10D0B0000423C91AADF80400002900DC002161F343
:10D0C0000C20ADF80400FF2A07D0DDE901010DF0C6
:10D0D0001DFD0090BDF80000C3E780B2C1E700006D
:10D0E00070B5002015F0F8FA054663480DF0E0FB36
:10D0F00001460022284618F0AAFD01225FA1284619
:10D100001CF0FEFC284613F04BF904465FA113F017
:10D11000CDFF2A220A21204618F06EFC0DF0DAFD20
:10D1200001460022204618F02AFE284610F060FF33
:10D1300004462822502118F05FFC1C228C21204636
:10D1400018F09CFC53A1204611F081F900212046E3
:10D1500011F0EFF95A480DF0ABFB014600222046D2
:10D1600018F075FD0DF0B6FD01460022204618F0BE
:10D1700006FE00231C225349204614F0C9FD284610
:10D1800015F0AAFA504C4B220521606118F034FCCE
:10D19000B422E621606918F071FC4C480DF088FB60
:10D1A00001460022606918F052FD002211466069B4
:10D1B00018F06FFD00220421606918F0D6FD0022EE
:10D1C0001146606918F0A6FD1021606914F0ECFDAD
:10D1D0000321606918F03EFC284613F0E1F804468C
:10D1E0004FF482720A2118F007FC0E22DC2120463F
:10D1F00018F044FC4BF694000DF05AFB0146002257
:10D20000204618F0BCFD28460CF0E6F8064623221E
:10D21000DC2118F033FC6FF00503002205213046B5
:10D2200014F064FE46F244600DF042FB0146002219
:10D23000304618F00CFD00220621304618F095FD0E
:10D24000234607222249304614F062FD304613F08F
:10D25000A7F804461FA113F029FF204615F0D2F8C5
:10D260000DF038FD01460022204618F088FDFEF73B
:10D270009DFE284670BD00002E1A1A00436F6E6690
:10D28000696775726174696F6E0000004D6F647537
:10D290006C653A0043414E310A43414E320A5553C0
:10D2A000415254310A5553415254320A494943318B
:10D2B0000A494943320A535049320A53504933000C
:10D2C00060340F00D1BA0008F00D00203E21160096
:10D2D00091B80008436F6E6669726D20436F6E6689
:10D2E00069670000F8B5044611F094F90646204637
:10D2F00011F052F90546304615F08AFE04462B2DF2
:10D3000034D00A2D31D112F01DFD10B10079012861
:10D310002BD06946304615F0E1FE94F82C0010F051
:10D320000C0F30462BD015F0DFFD054600212046BE
:10D3300016F051FB0128BDF9000005EBD5711BD09B
:10D3400000EB610090FBF5F001B2002900DA00214A
:10D35000608D4FF00102884220461BD01AF0E2FD9A
:10D3600000221C21204611F059F9F8BD618DBDE85D
:10D37000F84000221AF0D6BDC0EB6100E2E715F0DC
:10D3800099FDBDF9021000EBD07201EB620191FB37
:10D39000F0F0D9E71AF0C6FDF8BD00002DE9FF4F07
:10D3A00083B00446109FDDE913567800DDF84890FD
:10D3B00000B2DDF810A00290B9F1040F22D0B9F14B
:10D3C000060F1FD0B9F1050F5DD0B9F1140F57D179
:10D3D000B4F90000B4F90210029A07FB01030192AC
:10D3E000E2880AEB430B511A491C0FFA81FAA18813
:10D3F0004FF00009081A401C0FFA80F84FEA480065
:10D40000009081E020460BF0B4FD83460146FF22E8
:10D410003046F2F727FFB4F90000B4F90280A18882
:10D4200007FB0802081A401C00B2009040000AEBFB
:10D43000420A2F4601900DE038465146019AF2F714
:10D44000F0FE029808F10108824400980FFA88F86B
:10D4500007EB4007B4F906004045EDDAB9F1060FD5
:10D460000ED100224EF20700ADF80000114605E093
:10D4700035F81130834200D17254491C5945F7D315
:10D4800007B0BDE8F08FB4F90010B4F9023007FB23
:10D49000031000EB400202EB0A00A288511A491C5B
:10D4A0000AB2B91A01EB41010FB2E188C91A491C4D
:10D4B0000CB2002318E000210EE000BF90F802C07B
:10D4C00006F801C010F801CB10F8028B0CEB082C09
:10D4D00025F811C0491C09B29142EFDB5B1C05EB3A
:10D4E0004205164438441BB2A342E4DBC8E7284691
:10D4F0005946009AF2F795FE019805EB48058344DA
:10D5000009F101000FFA80F9D145F0DBDDE90401F2
:10D510004A00069902FB0100B4F90010B4F9022098
:10D5200007FB02110C18002508E030462146424650
:10D53000F2F777FE6D1C46443C442DB25545F4DBB2
:10D540009EE70146002041F6FF7200E0401C31F9E1
:10D5500010309342FAD170471CB5044690F854003D
:10D5600000F0010088422DD094F8540011B140F031
:10D57000010001E020F0010084F8540004F14801AA
:10D5800068460BF0DBFC606ABDF80010828A11442B
:10D59000ADF80010BDF80210C08A0844ADF80200D2
:10D5A000606ABDF80410808A0844ADF80400606A1F
:10D5B000BDF80610C08A0844ADF80600694620464A
:10D5C00017F086F91CBD08B5084611460DF03DF967
:10D5D0000090BDF8000008BD2DE9F04F0746C87A5D
:10D5E00089B015460E46022803D8012009B0BDE8CF
:10D5F000F08F18463269B168FBF76AFB041EF5D05C
:10D60000207D00F01F0011F064FD4FF4807808B118
:10D61000062011E0207D00F01F000E2806D01428FF
:10D620000AD011F046FD30B1052005E030884FF0FA
:10D630000E0930B902E00420814606E070884045BA
:10D6400003D000204FF00509A061226A22B12946CB
:10D6500038461EF0F2FAB7E0A069E0B3294602A806
:10D660000BF024FCB6F9003013B97088404529D07E
:10D67000A88829886A88401A401C01B2E88806F107
:10D68000040C801A401C02B27088CDE9000C02A87C
:10D69000FBF768FABDF8080029880844ADF80800CF
:10D6A000BDF80A1068880844ADF80A00BDF80C00FF
:10D6B00029880844ADF80C00BDF80E1068880844AD
:10D6C000ADF80E0002AA04A8B968FAF764FF0028B2
:10D6D0007AD004A800E00DE0D7F80880B860CDF853
:10D6E00000902A4631463846A3690EF067F9C7F81C
:10D6F000088069E02A4604A8B968FAF74CFFE0B34D
:10D70000BDF81400BDF81010401A401C0FFA80FB41
:10D710000BEB4B0013F0A8FF039004A901A8D7F866
:10D7200008A00BF0C3FB012101A80BF06FFCBDF9B1
:10D730001000B5F90010BDF91280401A0690B5F935
:10D740000200A8EB000536E001AA514607A8FAF747
:10D7500022FF70B30398009006985B4601B22AB28C
:10D76000204612F0BBF801280ED0204612F00BF82C
:10D77000039813F0C5FF204600E025E012F003F8FF
:10D780000020C7F808A031E707A8B860CDF80090DE
:10D7900001AA31463846039B0EF010F9BDF8060089
:10D7A000401CADF80600BDF80A00401CADF80A00A8
:10D7B0006D1C08F10108BDF916004045C4DAC7F830
:10D7C00008A0039813F09CFF204611F0DCFF0CE743
:10D7D0002DE9F041064617489046007828B388881E
:10D7E0000A88801A401C84B24A88C88897B2801A76
:10D7F000401C85B208882B4622463946F8F74AFA7B
:10D80000F8F7A6FB0C4F002220213846F4F7E7FC7E
:10D81000012210213846F4F7E2FC6C4361003246E5
:10D820004046BDE8F041F7F7FDBF3046BDE8F041A6
:10D830000DF0FEBDC40F00200010024070B505467B
:10D8400012F080FA0646286B1BF04EF83168898B7F
:10D85000884223D295F83C006C6A10F0030105D091
:10D860006420012906D0022909D106E0002060F3D6
:10D870000F0404E060F3174401E060F31F643046D6
:10D8800012F0B4FB214628460DF098FC30B100227E
:10D890001C21284610F0C2FE012803D11BF02AF8F3
:10D8A0002863012070BD00002DE9F04F99B00746B4
:10D8B00014468A4614A80DF05BFE4FF4A0213846AA
:10D8C00016F069F89DF85D1060F382018DF85D1027
:10D8D000A1882088091A491C09B201EBD1714E10A8
:10D8E0003044ADF86000608800213044ADF862003B
:10D8F000384616F021F98146514602A815F0B4F8D1
:10D9000014A80A904FF400300F902F480390002085
:10D91000049007F130008346FBF7A4FC4EE0207929
:10D92000032847D1208BADF85000208AADF8520073
:10D930006079FD2801D9484602E010FB09F0000A91
:10D940008DF85C002568B5F92030E88B184400900C
:10D95000D5E90512A06813F03BFE8046B5F92030EA
:10D96000E88B18440090D5E90512E06813F030FE0A
:10D970001FFA88F5ADF854501FFA80F8ADF85680BC
:10D98000608B02AA3044ADF8440018A80B901A210D
:10D990001394384610F042FECDE90058BDF84430EB
:10D9A00018AA14A950460DF0D3FD02AA1B2138462F
:10D9B00010F034FE21465846FBF751FC0400AED16E
:10D9C00019B0BDE8F08F0000900503082DE9F74F6E
:10D9D000C878A0B00C4602287DD9114601A80BF0EA
:10D9E00080FAB4F92000012829DD94F82200FD28EE
:10D9F00025D3208818B394F82300BDF804104008FC
:10DA0000C0F380021144ADF80410BDF80610C0F355
:10DA100040000844ADF8060094F82310BDF8080053
:10DA20004908C1F3C001401AADF8080094F823106A
:10DA3000BDF80A00C1F34001401AADF80A00209871
:10DA400001A9826805A8FAF7A6FD002843D0E07B6B
:10DA500010F0070619D0E088ADF80000BDF800000E
:10DA60006189884200D1002601A80EF0F7FC074624
:10DA70001C210EA8F2F7FDFBA0788DF85100BDF82F
:10DA80000000ADF840001FB105E060680090E5E7D8
:10DA9000208800B9EEB3E078FD2800D3FF2083464C
:10DAA000BDF80800BDF80410401A401C0FFA80FAB7
:10DAB000BDF80A00BDF80610401A401C01B28946A4
:10DAC0005046CA4500DB0846B4F90050B5EB600F7C
:10DAD00000DB451000E043E0BDF81810BDF814006D
:10DAE000081A401C0FFA80F84FF0FF301D900020FC
:10DAF0000790002D00DC87B1404613F0B5FD07907C
:10DB000000232A4601A916A80EF014FF002116A82A
:10DB100000E01CE00EF0C2FA1D90BDF81400ADF854
:10DB20000C00BDF81800ADF810000798119003A87C
:10DB30000E901390FF208DF850004A465146A01DCC
:10DB400011F0AAF8040018D0022E0CD015E001A89C
:10DB50000E90E0788DF850000EA920980FF0B0F9E3
:10DB600023B0BDE8F08FBDF91410A06800EB4100B0
:10DB7000BDF90410A0EB41000F90002F7DD0BDF93E
:10DB8000165027E02FB2ADF80E70ADF81270424675
:10DB90005946079813F006FEBDF9141043463A465D
:10DBA00007980EF01DFC8DF84800012802D10220D4
:10DBB0008DF84800012E08D1BDF90610A068691A39
:10DBC00000EB41000088ADF840000EA920980FF04E
:10DBD00077F96D1CBDF91A00A842D3DAB7E000BF8F
:10DBE000BDF80600BDF9161038440FFA80F9BDF8EB
:10DBF0000A00C01B0FFA80FA494503DDBDF91A106F
:10DC0000514544DB42465946079813F0CBFDBDF918
:10DC10000C1043464A4607980EF0E2FB8DF8480088
:10DC2000012802D102208DF84800BDF9161049459F
:10DC300013DCADF80E90ADF81290012E09D1BDF9AC
:10DC40000620A168A9EB020001EB40000088ADF8B6
:10DC500040000EA920980FF033F9BDF91A10514574
:10DC600015DBADF80EA0ADF812A0012E0BD1BDF959
:10DC70000600A268AAEB000000E009E002EB400009
:10DC80000088ADF840000EA920980FF019F97F1C0C
:10DC9000AF42A5DBBDF80400ADF87800BDF8080080
:10DCA000ADF87C00BDF806002844ADF87A00BDF858
:10DCB0000A00401BADF87E001EA80EF0CFFB074601
:10DCC00030430CD001208DF84800BDF90A008DF8D2
:10DCD00050B0A0EB0509BDF90600054435E0BDF8DC
:10DCE00006008DF850B02844ADF80E00BDF80A00CB
:10DCF0000EA9401BADF812000020119020980FF0E3
:10DD0000DFF824E06FB142465946079813F04AFD08
:10DD1000BDF9141043462AB207980EF061FB8DF846
:10DD20004800ADF80E50ADF81250012E08D1BDF9E3
:10DD30000600A168281A01EB40000088ADF84000F9
:10DD40000EA920980FF0BCF86D1C4D45DADD079840
:10DD500008B113F0D5FC1D98401C05D01D980EF09D
:10DD600095FE16A80EF05EFB002C3FF4F9AE20469F
:10DD700010F08CFFF4E62DE9F0410646086992B0F8
:10DD800015460C4600287DD0A07E02287AD9294667
:10DD90000EA8B268FAF7FFFB002873D00EA8D6F8D9
:10DDA0000880B060206911F083FF022806D0694620
:10DDB000206911F009FD012849D0C9E0002741F68A
:10DDC000FF70CDE900700297D4E904123B4610A819
:10DDD0001BF0B2F828460BF0E6F801462A88BDF998
:10DDE000400001EBD17102EB610100EBD072A1EBBD
:10DDF00062010844401EADF81000ADF80C10284632
:10DE00000BF0A5F801466A88BDF9420001EBD1711B
:10DE100002EB610100EBD072A1EB62010844401EED
:10DE2000ADF81200ADF80E1005A80EF083F8606989
:10DE30000590208BADF82000A07E8DF82E00009775
:10DE400003AA05A9304623690DF0DAFD80E005A894
:10DE50000DF0BCFDA0788DF82000208BADF81C00E3
:10DE6000E07E8DF81E00A07E8DF81F00207F4FF011
:10DE7000FF3740B100996888ADF8060007EB5151B3
:10DE800008445DE066E028460BF08DF8298800EB39
:10DE9000D07001EB60000099C1F38A21A0EB510022
:10DEA000ADF8040028460BF052F8698800EBD070FA
:10DEB00001EB60010098A1EB9051C0F38A22ADF80C
:10DEC0000610BDF80430521E1A4407EB5050ADF84E
:10DED00008200844ADF80A0001AA05A930462369C4
:10DEE0000DF040FD34E000992888C1F38A21ADF897
:10DEF0000400491E084410E001AA05A93046236920
:10DF00000DF030FD0098BDF80410C0F38A200144E4
:10DF1000ADF80410BDF808100844ADF80800BDF9CC
:10DF20000400B5F904108842E6DDBDF8061000983B
:10DF300001EB5051ADF80610BDF80A1001EB50503E
:10DF4000ADF80A00BDF90600B5F906108842CADD31
:10DF5000C6F8088012B0BDE8F081F0B5074691F828
:10DF6000220087B016460C4602286BD9208C002868
:10DF700068D094F8230010F03E0F63D0C00761D141
:10DF8000B08831887288401A401C01B2F088B4F918
:10DF90000050801A401C00B2814200DA0846B5EBFE
:10DFA000600F00DD4510314604A80AF09AFF94F88E
:10DFB0002300BDF91020C0F344014807B4F9200044
:10DFC00001D4284440421044ADF810000807BDF9C0
:10DFD0001420B4F9200001D428444042101AADF8AE
:10DFE000140094F82300BDF9121040088007B4F91A
:10DFF000200001D4284440420844ADF8120094F8AF
:10E000002300BDF916104008C007B4F9200001D163
:10E0100028444042081AADF81600208C281A00B295
:10E02000002800DA0020A27894F82210CDE902122C
:10E03000E18BADF8041000902B4604AA3146384617
:10E0400000F002F807B0F0BD2DE9FF4FA9B01D4662
:10E05000DDE93879DDF8D88016460C46FF2F00D36D
:10E06000FF2708460EF0FAF92690284350EA0800E8
:10E0700074D029982146826808A8FAF78CFA0028FB
:10E0800073D0BDF82400BDF82010401A401C00B227
:10E0900004901C210AA813F090FB049813F0E4FAF2
:10E0A0000D904FF0FF302490002D0ADD00232A460A
:10E0B000214615A80EF03EFC002115A80DF0EEFF3C
:10E0C00024900123424631461BA80EF033FC002168
:10E0D0001BA80DF0E3FF259001A80A900F90BDF852
:10E0E000DC008DF84070ADF830008DF84190B4F947
:10E0F00000002290B6F900304119994200DC19461F
:10E10000B4F904000FFA81F92190B6F90410421B0A
:10E110008A4200DB0A460FFA82F8B4F902E0B6F947
:10E1200002200EEB05009246504500DC1046B4F983
:10E1300006B007B2B6F90620ABEB0500904200DB53
:10E14000104600B20590A8EB0900401C00B22790D1
:10E15000D6450DDC01200CE000E006E000973246D9
:10E160002146379B299800F0B8F92DB0BDE8F08F13
:10E1700000208246934501DB012000E00020834619
:10E180002698D8B3BDF82000ADF80400BDF82400EF
:10E19000ADF80800BDF9224022E000BFBAF1000F3F
:10E1A00001D1A7421BDCBBF1000F02D10598A042B0
:10E1B0001ADB25B2ADF80650ADF80A5004990D9857
:10E1C00013F002FBBDF920102A46049B0D980EF0B7
:10E1D00007F98DF838000AA929980EF071FE641C21
:10E1E000BDF92600A042D9DA1BA80EF01BF925982C
:10E1F0000EF04CFC2498401C07D000E009E015A864
:10E200000EF010F924980EF041FC0D9813F078FAF6
:10E21000ABE72298984201DC012000E00020139037
:10E220002198884201DB012100E0002101200090BB
:10E2300013981291084000EA0A0010EA0B0F04D06C
:10E240002798322801DA00200090012000998DF8EB
:10E2500038001AEA010F0ED0ADF80490ADF808802E
:10E260006088ADF8060070880AA9401EADF80A0063
:10E2700029980EF025FE00991BEA010F0ED0ADF88B
:10E280000490ADF80880F0880AA9401CADF806009B
:10E29000E088ADF80A0029980EF012FE139878B1C4
:10E2A0002088ADF804003088ADF80670401EADF847
:10E2B00008000598ADF80A000AA929980EF000FE9A
:10E2C000129878B1B0880AA9401CADF80400A08863
:10E2D000ADF808000598ADF80670ADF80A00299869
:10E2E0000EF0EEFD0098C0B1BDF92400BDF920107C
:10E2F000A9F10102ADF80410904200DB1046ADF820
:10E300000800401A401C05B2002D70DD139850EA39
:10E310000A0066D0BDF9224061E0BDF82000ADF8EA
:10E320000400BDF82400ADF80800B6F90200B4F905
:10E330000210401AA84200DB05460FFA85F80025B6
:10E3400033E06088284406B2E088401B07B2BDF97C
:10E350002200B04203DDBDF92600B84224DB049957
:10E360000D9813F031FABDF904103246049B0D9854
:10E370000EF036F88DF83800BDF92200B04207DC07
:10E38000ADF80660ADF80A600AA929980EF098FD6C
:10E39000BDF92600B84207DBADF80670ADF80A708B
:10E3A0000AA929980EF08CFD6D1C4545C9DB8DE04E
:10E3B00026B2ADF80660ADF80A6029460D9813F054
:10E3C00003FABDF904102B4632460D980EF008F8FA
:10E3D0008DF838000AA929980EF072FD641CA74236
:10E3E000E6DC139850EA0B001DD0059C16E01AE0FD
:10E3F00026B2ADF80660ADF80A6029460D9813F014
:10E40000E3F9BDF904102B4632460D980DF0E8FFF4
:10E410008DF838000AA929980EF052FDBDF92600A2
:10E42000641CA042E4DABDF9200008F10101884231
:10E4300000DC0846BDF82410ADF80400081A401CA2
:10E4400005B2ADF80810002D40DD129850EA0A0020
:10E450001BD0BDF9224016E026B2ADF80660ADF83B
:10E460000A6029460D9813F0AFF9BDF904102B4648
:10E4700032460D980DF0B4FF8DF838000AA929989E
:10E480000EF01EFD641CA742E6DC129850EA0B0059
:10E490001CD0059C15E026B2ADF80660ADF80A6008
:10E4A00029460D9813F090F9BDF904102B46324619
:10E4B0000D980DF095FF8DF838000AA929980EF0F7
:10E4C000FFFCBDF92600641CA042E4DA1BA80DF095
:10E4D000A9FF25980EF0DAFA8FE62DE9FF478EB0F6
:10E4E0000C46824615461C2102A81A9E13F065F9B7
:10E4F000CDF808D0BDF84400ADF810008DF82060CC
:10E50000B4F90200B5F90210884201DC012700E0ED
:10E510000027B4F90600B5F90610884201DB012690
:10E5200000E00026B4F90000B5F90010884201DCD3
:10E53000012100E000218946B4F90410B5F9042056
:10E54000914201DB012100E00021ADF80000A0882C
:10E55000ADF804006088ADF8020068888846401E67
:10E56000ADF806001FB102A950460EF0A9FCE888DC
:10E57000401CADF80200E088ADF806001EB102A90B
:10E5800050460EF09DFC2088ADF800002888401E03
:10E59000ADF8040017B1B5F9020001E0B4F90200CA
:10E5A000ADF8020016B1B5F9060001E0B4F90600B5
:10E5B000ADF80600B9F1000F03D002A950460EF0E5
:10E5C0007FFCA888401CADF80000A088ADF80400CE
:10E5D000B8F1000F03D002A950460EF071FC12B042
:10E5E000BDE8F0872DE9F04F8B46A2F57F4195B04D
:10E5F00091460646FF3944D0746A208C8046984282
:10E6000004D02384608C40F0080060844FF4802A9A
:10E610005146204615F0BBFC07465146204615F0F2
:10E62000DDFC0546B7F90870304607F069FBB0F924
:10E6300016107A1909FB021105EBD570A1EB6000E9
:10E64000ADF8060038446D1E2844ADF80A00706A23
:10E65000818AADF80410008BADF8080006A80EF012
:10E6600039FA06AA5146204615F0B2FF01AA06A9BA
:10E6700058460EF01BFAA4F82080608C20F00800A9
:10E68000608415B0BDE8F08F2DE9F0430E46A2F589
:10E690007F4191B090460546FF3956D06C6A278C71
:10E6A0009F4204D02384608C40F00800608406A858
:10E6B0000DF040FC4FF4802906AA4946204615F08B
:10E6C000D9FE4946204615F089FCADF82A002846B7
:10E6D00007F016FB050038D00698B5F91620B0F9FA
:10E6E0000810BDF92A0000EB010C08FB0C2200EB1E
:10E6F000D073A2EB63021044491EADF80A2008440F
:10E70000ADF80E00A08AADF80800208BADF80C0023
:10E7100002AA0EA8B168F9F73EFF88B10EA8D6F894
:10E720000880B060284612F0D6F80346002000901A
:10E7300005F1140206A930460DF062F9C6F808800A
:10E740002784608C20F00800608411B0BDE8F0835D
:10E750002DE9F0412E4D074668680CF083FE044613
:10E760003868C66B716B09B13046884768680068C5
:10E770000188408811FB00F0E168884201D1012046
:10E7800000E00020216859B1616849B128B107E073
:10E7900068680068816A01B1884720690028F7D15C
:10E7A0000120206169680968C9688A69D20702D0B6
:10E7B0008969890700D400206061606908B101257A
:10E7C00000E000253868416971B1016911F0300F2E
:10E7D00006D0490704D5D6E9001000F01BF803E085
:10E7E000D6E90021FDF738F8206800280BD06168D1
:10E7F000002908D03A68127CAA43D20703D1A26844
:10E80000824202D1A160BDE8F081A060FBE7000078
:10E8100028C001202DE9F34F05468A4893B041688E
:10E820000E683069820701D542076ED4C0F301102B
:10E8300002281ED0012801D0032866D100200F90A5
:10E8400008460CF00FFE8346A988B5F90000EA8857
:10E85000091A491C0CB2B5F90210521A521C17B20F
:10E860004FF4A052B2FBF4F3BB420FDAB2FBF4F266
:10E870000DE029463046149A00F0F0F8149A15B0CD
:10E8800029463046BDE8F04FFCF7E6BF3A460C9209
:10E890000791317CC1F30111012905D06880611E07
:10E8A0000844E8800020BDE07188081A401EE88016
:10E8B000001B401C6880F5E70C99A7EB0A00884212
:10E8C00000DD084600B201900120CBF81000BAF13B
:10E8D000000F20D1A7421EDB0194307CC0F3011051
:10E8E000032810D000202146149A00F0EAF8307C6A
:10E8F000C0F30110012809D031880798081A401E7A
:10E90000A880001B56E00120EDE797E007982880DB
:10E910000798204466E00F9820B94FF4205012F079
:10E92000A3FE0F90307CC0F3011003281BD0002001
:10E930008646DDF850C001990F980A9014FB01F04B
:10E94000401E0D90601E48430E9000208146884274
:10E9500022DA0E9ABEF1000F02EB090001D00D9AE7
:10E96000101A002212E00120E2E70A9BBEF1000F1C
:10E9700003EB400863460CF1020C1B88A8F800303A
:10E9800001D0084400E0401A521C12B2A242ECDB53
:10E9900009F1010000B2D9E7307CC0F30110012871
:10E9A0001BD031880798091AA1EB0A00401EA880E5
:10E9B0000199401A401C288001990AEB0108B845CA
:10E9C00013DBDBF81800C0070FD0DBF81800800756
:10E9D0000BD50120CBF814000AE00798504428809A
:10E9E00001990844401EA880E6E70021CBF81410E6
:10E9F0000F9828B1024629463046FCF72DFF05E066
:10EA0000149AF8E7B16A09B130468847DBF810007C
:10EA10000028F7D101981499604301EB400014904D
:10EA20000FFA88F08246B842FFF646AF0F980028EA
:10EA300004D015B0BDE8F04F12F062BE15B0BDE8CD
:10EA4000F08F000028C0012030B504880D880580B3
:10EA500010880880188810801C8030BDF8B58B881D
:10EA60000C884D881B1BCC885B1C641B641C13FB2F
:10EA700004F300245B1E0DE002EB430602EB4407A7
:10EA80003588ADF80050B7F800C0A6F800C05B1E8E
:10EA90003D80641CA342EFD843884C88CA881B1B66
:10EAA0005B1ECB8043889A1A521E4A8003880C88CA
:10EAB0008A881B1B5B1E8B800088801A401E088082
:10EAC000F8BD2DE9F0470C4617468246002601EBBB
:10EAD000D47931E00025601C00EBD07827E0A01B42
:10EAE000401E01B2601B401E00B2BAF1000F0AD0F6
:10EAF00015FB041207EB420311FB040107EB410273
:10EB000010FB046009E010FB046207EB420311FBF9
:10EB1000040007EB400215FB041007EB400116FB55
:10EB2000045007EB4000FFF78FFF6D1C2DB2B5EBD3
:10EB3000680FD4DB761C36B2B6EB690FCADBBDE8D2
:10EB4000F08700002DE9F04FA3B005460FF062FDFD
:10EB5000044628460FF026FD8346606A11F0BBFE8E
:10EB6000054694F85400C00779D004A80DF0B2FF10
:10EB70004FF4E02A04AA5146204615F029FD04F17D
:10EB8000480101A80AF0DAF9606ABDF80410828A27
:10EB90001144ADF80410BDF80610C08A01AA08445B
:10EBA000ADF80600606ABDF80810808A0844ADF828
:10EBB0000800606ABDF80A10C08A0844ADF80A006F
:10EBC00004A958460DF072FF5146204614F060FF2C
:10EBD00006465146204615F099F8871951462046B9
:10EBE00015F042F94FF000090644CDF87890CDF8C1
:10EBF0007C901C49206D0DF1780805440968284671
:10EC00008847024629464046F1F70BFBBDF8040051
:10EC100055223844ADF80400BDF80600494630449A
:10EC2000ADF80600606A15F025F9054612A80DF04A
:10EC300081F912AA5146204615F01CFC9DF81300DC
:10EC4000022804D8BDF85400A9B2884207D01EABF0
:10EC500001AA12A95846CDF800900CF0D1FE23B0BD
:10EC6000BDE8F08F20C101202DE9F04FC3B005466B
:10EC700030300E461490FAF76EFB00287DD105F176
:10EC8000140240A8B168F9F786FC002875D040A8A6
:10EC9000D6F808A0B0603CA80DF0DDF94FF4E024F0
:10ECA0003CAA2146284615F035FC2CA80DF012FF91
:10ECB0009DF8F8008DF8B30047F6FF70ADF8B0008E
:10ECC0002146284615F0D2F900EBD07047102146B6
:10ECD000284615F0CBF900EBD0704FEA600B3146B7
:10ECE000684613F0C1FE29A8069017A8049064484E
:10ECF0000190052002900D941498FAF7B3FAB6E04B
:10ED000029A83CA90A22F1F78CFA17A82CA93822C5
:10ED1000F1F787FAE088ADF8A400E088ADF860006C
:10ED200025A809903FA80A90607BC00704D0B4F9D9
:10ED30000000B4F902100FE0B4F90410A1F5FE4090
:10ED4000FF3875D0A2883AAB2846A1680BF048FA84
:10ED5000BDF9E800BDF9EA10AA8A10440FFA80F85C
:10ED6000E88A08440FFA80F9C7B1BBF1000F15D04B
:10ED700001204290A8EB070000E07DE0ADF85400D0
:10ED800008EB0700ADF85800A9EB0B00ADF85600F2
:10ED900009EB0B00ADF85A0015A801E000204290E5
:10EDA0000390207B81072CD0C00702D0B5F9140056
:10EDB00000E04046ADF89400ADF89690217B4846BF
:10EDC000890702D5B5F9181000E04146ADF8FC10EE
:10EDD000ADF8FE006A461A2128460FF01FFC3FAB33
:10EDE00025AA29A930460DF029F9429820B115AA83
:10EDF00017A930460DF05AFE6A461B2128460FF02F
:10EE00000DFC217B11F00C0F2DD04046ADF8948005
:10EE1000490702D5B5F9161000E04946ADF896103D
:10EE2000ADF8FC00207B000703D5B5F91A0001E01E
:10EE300019E04846ADF8FE006A461A2128460FF050
:10EE4000EDFB3FAB25AA29A930460DF0F7F8429813
:10EE500020B115AA17A930460DF028FE6A461B21DD
:10EE600028460FF0DBFB21461498FAF7F8F9040066
:10EE70007FF446AFC6F808A043B0BDE8F08F0000AD
:10EE8000C80A03082DE9F04F9FB005460FF0C2FBFA
:10EE9000044628460FF086FB1C90204615F0BDF96D
:10EEA0000546204614F073F80146A08A05EBD5729A
:10EEB00000EB62000FFA80FBE08A01EBD17100EBFE
:10EEC00061000FFA80FA4FEA620806A80DF0C3F855
:10EED00006AA0021204615F01DFB4FF41D7018FBFB
:10EEE00000F042F2341190FBF1F0801CADF81A00F2
:10EEF00000263146204614F056FD054647F6FF79B8
:10EF000000234A4604F114010AA80DF013FD002164
:10EF10000AA80DF0C3F81B90A78AE28AADF80E206C
:10EF2000218BADF81010638B7819ADF80C00481BDD
:10EF3000ADF810005019ADF80E00581BADF81200D6
:10EF400001234A4603A910A80DF0F4FC002110A8E3
:10EF50000DF0A4F81D90BDF91A20A8EB05000027BC
:10EF6000A0EB0209904439462046FBF7FBFB0990D1
:10EF7000BDF82400ADF81800300A00B2054619F0BB
:10EF800017FF00FB08F00BEBE030ADF85800284607
:10EF900019F009FF00FB08F00AEBE030ADF85A0069
:10EFA000284619F005FF00FB09F00BEBE030ADF847
:10EFB0005C00284619F0F7FE00FB09F00AEBE03090
:10EFC000ADF85E0017AB16AA06A91C980DF036F82E
:10EFD000FF1CBFB206F58766B7F5807FC3D90AA8C4
:10EFE0000DF020FA10A80DF01DFA1B980DF04EFD43
:10EFF0001D980DF04BFD1FB0BDE8F08F2DE9F04FCF
:10F0000088468A68A7B0044600F1140124A8F9F7DD
:10F01000C2FA00287ED0D8F808001F9024A9C8F8AA
:10F0200008100021204614F021FD0546002120464D
:10F0300014F03CFE284400B220900021204614F039
:10F04000DDFE284405B2204613F04EFFB4F88410CC
:10F05000484340F30F201B90204613F02BFFB4F8D9
:10F060008610484340F30F201D9018A80CF0F3FFC2
:10F0700018AA0021204615F04DFA4146684613F0C3
:10F08000F3FC002618A80690701E0E90DFF8CCA1A5
:10F090000D96CDE901A609966A461A2120460A96E0
:10F0A0000FF0BCFA20463122314614F0E3FE00F0A6
:10F0B000FF090021204614F0D9FC83462046332264
:10F0C000314614F0D7FEC6B2204614F027F823903C
:10F0D000204614F0EFF8B4F87E10E9B3E18A294431
:10F0E000081A00B21E90A08AADF84C00208BADF833
:10F0F0005C000025B4F97E70B9F1020F40D9BBF174
:10F10000000F3DDDB00707D50021204614F076FE44
:10F1100010B900E09FE00125F00731D00021204622
:10F1200014F05EFD60BB7F1E3FB229E01D9810FB0E
:10F1300005F1B4F87E006A46401E91FBF0F01E997E
:10F140000844ADF84E00ADF85E000120CDE901A005
:10F1500013A8099017A800E014E00A901A210E9550
:10F1600020460FF05BFA17AB13AA18A940460CF023
:10F1700065FF6A461B2120460FF050FA6D1C2DB228
:10F18000BD42D3DBB4F88000F0B3A18A20980027F9
:10F1900001442398081A00B21C90E08AADF84E0092
:10F1A000608BADF85E00B4F98050B9F1020F13D94D
:10F1B000BBF1000F10DD700705D50021204614F0CB
:10F1C00075FD00B90127300706D50021204614F04F
:10F1D000BBFD08B96D1E2DB256460DF14C0B0DF15D
:10F1E0005C094FF0020A26E01B9810FB07F1B4F807
:10F1F00080006A46401E91FBF0F01C990844ADF86F
:10F200004C00ADF85C0000E017E00E97CDE9016A14
:10F21000CDE909B91A2120460FF000FA17AB13AA5D
:10F2200018A940460CF00AFF6A461B2120460FF041
:10F23000F5F97F1C3FB2AF42D6DB4FF0FF300E90A6
:10F24000002009900A906A461B2120460FF0E6F93B
:10F250001F98C8F8080027B0BDE8F08FC80A030857
:10F260002DE9F04F9BB083460FF096F906465846BD
:10F270000FF0D0F90446122E7ED0152E01D0182E94
:10F280007BD114F0CAFF0490204613F080FE039057
:10F2900020460021322214F0EDFD054620460021D3
:10F2A000122214F0E7FD28440FFA80F820460021CE
:10F2B000132214F0DFFD28440FFA80FA20460021C3
:10F2C000102214F0D7FD284407B220460021112255
:10F2D00014F0D0FD2844618E0FFA80F901EB08008C
:10F2E000ADF86000A08E3844ADF8620094F83900A3
:10F2F00000F0030001287DD018A9E08ECDE90001BF
:10F30000DDE90321B4F9303005A8F9F72BFCBDF88D
:10F310001410A08A0844ADF81400BDF81610E08A55
:10F320000844ADF81600BDF81810A08A0844ADF8DE
:10F330001800BDF81A10E08A0844ADF81A0000BFA2
:10F3400004F114010D4619A80C9109F0E5FD05A979
:10F35000284609F0E1FD5946D24813F031FD012855
:10F3600061D119A90C9809F0D7FD152E5BD1E08D5C
:10F37000002858D0A08D01E058E054E0002852D079
:10F38000E08E00284FD058460FF00CF9064603A82F
:10F390000C9909F0C1FD204610F0C0FB054694F819
:10F3A000390000F0030001287DD0BDF81800BDF839
:10F3B0001410401ABDF80C100844ADF81000BDF848
:10F3C0001A00BDF81610401ABDF80E1000EB01002F
:10F3D000BDF80C10ADF8120001EB0800ADF80C0000
:10F3E000BDF80E00BDF810103844ADF80E00A1EBCA
:10F3F0000A0000E07FE0ADF81000BDF81210A1EBAC
:10F400000900ADF8120094F8381001F0030001284B
:10F410006FD089076DD002286CD000231946304682
:10F420000C9A0CF09FFA1BB0BDE8F08F58460FF015
:10F43000EFF8054600780228F5D094F838004FF030
:10F440000106C14389074ED000F0030102294AD0CA
:10F45000C0F38400042801D0012844D120460021B3
:10F46000462214F007FDC0B2FF283CD1208ED0BB4D
:10F4700058460FF0CDF80746E08EB0F5807F34D0C7
:10F48000204613F084FD8046204614F0C6FE014657
:10F4900004F13202E08ECDE900020023424603A8C7
:10F4A000F9F760FB00E02BE0BDF80C00A18A002218
:10F4B0000844ADF80C00BDF80E00E18A0844ADF830
:10F4C0000E00BDF81000A18A0844ADF81000BDF888
:10F4D0001200E18A0844ADF8120003A93846F9F792
:10F4E00082F800289FD12E709DE7002204F11401BC
:10F4F000F4E730E0C5E005A9204613F00FFD1FE753
:10F50000B4F92C0029B2401ABDF80C10401C00EBD5
:10F51000D070A1EB6001ADF80C10BDF81010BDF873
:10F520000E20A1EB6000ADF81000B4F92E002914F4
:10F53000401A401C00EBD070A2EB6000ADF80E004A
:10F54000B4F92E00401ABDF81210401C00EBD07028
:10F55000A1EB60003CE70FA80CF038FA0FAA0021DD
:10F56000204614F034FFE08EADF83E00208EADF85A
:10F570003C00608EADF84000A08EADF8420094F8DB
:10F58000380016AAC0098DF85000BDF8141001EB20
:10F590000800ADF85800BDF81600BDF81810384442
:10F5A000ADF85A00A1EB0A00BDF81A10ADF85C00E6
:10F5B000A1EB0900ADF85E00B16810460F46F8F700
:10F5C000EAFF002890D016A8B060B4F92800B4F97A
:10F5D0002C1090FBF1F201FB1208B4F92A00B4F9E7
:10F5E0002E1090FBF1F201FB1200BDF90E10084441
:10F5F00000B2ADF80200884203DDE18D401AADF89B
:10F600000200E18D80B20844401E30E0BDF90C10CC
:10F6100001EB080000B2ADF80000884203DDA18DC7
:10F62000401AADF80000A18D80B20844401E0DE0E4
:10F630006A460FA93046636A0CF094F9BDF80000E1
:10F640002844ADF80000BDF804002844ADF80400DB
:10F65000BDF90000BDF910108842E9DBBDF80210C9
:10F6600028140144ADF80210BDF806100844ADF8A6
:10F670000600BDF90200BDF912108842C6DBB76072
:10F68000D1E60DA80CF056FC0DAA0021204614F07E
:10F69000F1FE00200090636A0DA930460C9A0CF030
:10F6A000AFF9C0E61C8203082DE9F04FD3B0054640
:10F6B0000EF0B0FF044628460EF074FF4F9010A9DC
:10F6C000204613F02BFC00216922204614F0D2FBC7
:10F6D000054600216A22204614F0CCFBBDF84010FC
:10F6E000BDF84420491BADF840102A44BDF8423013
:10F6F000ADF844201B1ABDF84650511A2844ADF805
:10F700004600C01A401C0FFA80FAADF84230D4E926
:10F710000A02491C0FFA81FBA2EB0008D34501DB6A
:10F72000012100E00021894600213E9194F85C10FF
:10F7300001F00301012908D1002806DA002A04DDBE
:10F74000216B814201D101203E900021204614F01E
:10F75000B9FA21900021204614F002FB36900021D6
:10F76000204614F057FB20900021204614F044FA64
:10F77000359004F1340010A9139009F0BBFBA18E61
:10F7800021980844A086218F3698081A2087E18E98
:10F7900020980144E186618F3598081A00B260878D
:10F7A000B9F1000F11D0E18E401A401C00B20428BC
:10F7B0001DDAE18A0AEBDA726FF0010000EB6200F9
:10F7C0000844E086001D608711E0218FA08E081A92
:10F7D000401C00B204280ADAA18A0BEBDB726FF03E
:10F7E000010000EB62000844A086001D2087218FE5
:10F7F000A08E081A401C00B21890618FE08E081A83
:10F80000401C00B22290B9F1000F05D004F1380578
:10F81000DC48189F139E04E004F13606DA48229F64
:10F82000351D3A90A36D581C14D0216DA06A626DED
:10F83000091A101A7943784391FBF8F190FBF8F01C
:10F8400009B200B2401A5843C21700EB126001EB34
:10F85000202005E0216BA06A081A784390FBF8F09D
:10F8600000B21690A26C501C14D0216CA06A636C7C
:10F87000091A181A7943784391FBF8F190FBF8F0D4
:10F8800009B200B2401A5043C21700EB126001EBFC
:10F89000202005E0D4E90910081A784390FBF8F01D
:10F8A00000B23F9020460021162214F0E3FAC0B2C5
:10F8B000B9F1000F28D001280AD130462E4605465E
:10F8C0003F98404200B23F901698404200B21690D6
:10F8D00031883F9808442880318816980844308041
:10F8E0003E9888B3A06A4042784390FBF8F000B29B
:10F8F000B9F1000F15D031880844B5F9001000B2F5
:10F9000081420BDD308039E029883F98081A401C7D
:10F91000308029881698081A2880E1E731802880ED
:10F920002CE02988081A401CB6F9001000B2814268
:10F9300001DD288001E029803080B5F90010B6F99A
:10F9400000008142EADB19E0FFE73A991398884703
:10F95000012813DC35A84F9913F086F84FF40030D6
:10F9600042908A483690002037901398389035AAF4
:10F970001A2120460EF052FE35AAFBE050A813993A
:10F9800009F0B8FA68460DF0A5F84FF400356A465C
:10F990002946204614F01CFE23A84F9913F064F862
:10F9A0004FF000087948CDE924083095CDF89CD077
:10F9B00013982690454623AA1A2120460EF02EFEC3
:10F9C00020460B22294614F055FA05B258465146F6
:10F9D000D34500DB0846B5EB600F00DD4510229AE9
:10F9E0001899BDF90000914200DB1146B0EB610FA0
:10F9F00000DD4810B9F1000F02D0228FA18E01E086
:10FA0000628FE18E511A491C09B2B1EB400F18DD2B
:10FA10009DF8220012909DF803709DF81A608DF8F1
:10FA200003808DF81A808DF822806946139A4F98CA
:10FA30000DF03CF812988DF803708DF81A608DF86F
:10FA40002200A18A219800230844ADF83401218BBB
:10FA500036982A46081AADF83801E18A20980844F9
:10FA6000ADF83601618B3598081AADF83A014DA909
:10FA700047A80CF05FFF002147A80CF00FFB179080
:10FA80009DF822608DF8228045468DF8368010A9B9
:10FA90000EA809F02FFABDF838102198084400B2DA
:10FAA000ADF83800BDF83A20209911440BB2ADF8FA
:10FAB0003A30BDF83C203699511A0AB2ADF83C20D4
:10FAC000BDF83E703599791A09B2ADF83E10B9F11A
:10FAD000000F12D0C81A401C00B204281FDAE18AB5
:10FAE0000AEBDA726FF0010000EB62000844ADF837
:10FAF0003A00001DADF83E0011E0101A401C00B2A3
:10FB000004280CDAA18A0BEBDB726FF0010000EB2A
:10FB100062000844ADF83800001DADF83C00BDF9A6
:10FB20000020002319A813990CF004FF002119A844
:10FB30000CF0B4FA07460EAA69464F980CF0B6FFCF
:10FB40008DF822608DF803508DF81A508DF83650DC
:10FB50006946139A4F980CF0A9FF19A80CF062FCA3
:10FB600047A80CF05FFC38460CF090FF17980CF09B
:10FB70008DFF23AA1B2120460EF050FD53B0BDE897
:10FB8000F08F0000BF8F0108678F010874810308A0
:10FB90002DE9F047BAB005460EF03CFD0446284674
:10FBA0000EF000FD82460021204613F026FF0128BA
:10FBB0000CD00027204607F0B8FD054694F85C00FD
:10FBC000002600F00300012802D008E00127F1E739
:10FBD000A06A002803DAE06A002800DD012620463A
:10FBE0008DB113F0D4F9804626B1606A002801DA9D
:10FBF000A08E05E017B1B4F9340001E0B4F9380083
:10FC0000ADF890000BE014F008FB804626B1606A66
:10FC1000002801DA608F00E0E08EADF8920012A8B3
:10FC20000CF058FF4FF4403612AA3146204614F02B
:10FC3000CFFC2B46424624A920461AF0A2FB04F131
:10FC4000680024A9814609F070F95146684612F00F
:10FC50000BFF2F48019000200290CDE90D6012AEFD
:10FC6000CDE90396204617F0D3F8022806D06A465D
:10FC70001A2120460EF0D2FC4A463CE02BA812A9DD
:10FC80003822F0F7CEFA6A461A2120460EF0C6FC5A
:10FC90004A4612A950460CF009FF6A461B2120462D
:10FCA0000EF0BCFC45B127B1B4F93800ADF89000B6
:10FCB00005E0B4F93400F9E7608FADF892002B4607
:10FCC000424624A920461AF05CFB04F1600024A9F6
:10FCD000054609F02AF912A82BA93822F0F7A1FA53
:10FCE00002A9012081E861000E906A461A2120468F
:10FCF0000EF094FC2A4612A950460CF0D7FE6A4634
:10FD00001B2120460EF08AFC3AB0BDE8F0870000C7
:10FD1000A88203082DE9F0438FB004460EF07AFC68
:10FD2000054613F075F9074603A80CF003F903AA7A
:10FD30000021384614F09EFB284610F0C7FD28B17C
:10FD40009DF8290040F001008DF8290020460EF0B2
:10FD500029FC816804460E4607F114020DA8F8F745
:10FD60001AFC002850D00DA8A0600BA9384606F058
:10FD70006DFAA88AADF80400E88AADF80600288B71
:10FD8000ADF80800BDF82E00ADF80A0001AA104633
:10FD9000A168F8F700FC4FF000090DF1040878B1F4
:10FDA000A7682846C4F8088010F095FD034605F1C1
:10FDB000140203A92046CDF800900BF021FEA760A5
:10FDC000A88AADF80400BDF83200ADF80600288B13
:10FDD000ADF80800688BADF80A0001AA1046A168CA
:10FDE000F8F7D9FB78B1A7682846C4F8088010F066
:10FDF00072FD034605F1140203A92046CDF80090D8
:10FE00000BF0FEFDA760A6600FB0BDE8F083000018
:10FE10002DE9FF4FA1B0987B8A7E00F00F04DDF83A
:10FE2000B8E00E46032C18D0012C1DD0022C21D096
:10FE3000042C13D0082C7DD1A24D4FF0FF0A610194
:10FE4000FD2A2FD2A04F3878904202D17868A04284
:10FE500025D00020DFF874821FE00424994D4FF074
:10FE6000F00A103D1021EBE7964D4FF0800A163D49
:10FE70000221E5E7934D4FF0C00A143D0421DFE76E
:10FE800015F800C0BCF1FF0F1DD01CFB02FC4FEAAF
:10FE90001C2C00BF08F800C0401C8842F0D38B4DDA
:10FEA0003A707C602399B3F8068018890690B1F9FE
:10FEB0000020219908FB04F08968B1F900309A42CA
:10FEC00003DB002302E09446E4E79B1A9B46B1F96A
:10FED000043002EB08079F4201DC424601E09A1A17
:10FEE000521C9146239AB1F90230B2F902209A428B
:10FEF00001DB002300E09B1A0B93069BB1F906106F
:10FF000013448B4201DC069901E0891A491C0A91CD
:10FF10000B9941430BFB04100EEBD00100F00707D7
:10FF20002E9117A81C21F0F7A4F9B089ADF8640050
:10FF3000B07E00E0C2E08DF87400B07FC0F3C20074
:10FF40008DF87500F9F73AFC0BF090FA069A08FB69
:10FF500002F1814200DC08461E9011F085FB0690FC
:10FF60001A9023980026018801EB0B02ADF80C20B3
:10FF70000188A9F1010001442398ADF810104388CD
:10FF80000B98ADF8441018448B1AADF80E00ADF87C
:10FF900040200A99ADF81200ADF842005B1C0844FD
:10FFA0001BB2ADF84600129310A80CF057FA1F9040
:10FFB00003A817901C90C4F1080008EB0B010790F0
:10FFC000A1EB0900604315900B9860E033462AFAD4
:10FFD00007F059464FF0000C1FE02E9ADDF81C8008
:10FFE0001278A8EB0708024032FA08F205D015F89B
:10FFF0000280069A02F8068002E0069A02F806C01D
:020000040801F1
:10000000079A974202D22744E04004E02E9A002744
:10001000521C50462E92491C761C4945DDDB1F9828
:1000200080B10698BDF912201844BDF90C10804625
:10003000129B0CF0D5F98DF86C0018B94046129956
:10004000F0F717F9A9EB0B0081191E98814205D230
:10005000BDF81200401CADF812000EE002208DF831
:100060006C0017A921980CF02BFFBDF81200401C62
:10007000ADF80E00ADF81200002615982E99384400
:1000800001EBD00100F0070716982E91401C0A9949
:10009000169088429ADBBDF90E10BDF9120081421C
:1000A00009D0401EADF8120002208DF86C0017A98F
:1000B00021980CF005FF069811F022FB25B0BDE851
:1000C000F08F00006A0303081C0F002092C9012072
:1000D0002DE9F04F8346B1F902000C46401E411055
:1000E00000F001004618B2F90050B3F9000089B0E1
:1000F000854200DA2846ADF80000B2F90000B3F9F5
:100100000030984200DC1846401EADF804005088CC
:10011000801BADF8020050880844ADF8060069461F
:100120000846DBF80820F8F736FA00281FD0E088E8
:1001300018B1A08808B1012700E000270125684612
:100140000CF08CF900B907B100251C2102A811F0B0
:1001500032FBCDF808D02088ADF81000207A6E462A
:100160008DF8200035B102A958460CF0A9FE09B05F
:10017000BDE8F08FBDF80410BDF90000BDF90680A0
:10018000091A491C0DB2BDF80210ADF806104FF067
:10019000000A47B1B4F90610B4F90420114490FBE9
:1001A000F1F201FB120A284611F05EFA079605905B
:1001B0008146BDF902603EE02946484611F001FB48
:1001C000BDF900102B4632B248460CF009F98DF803
:1001D00018000FB300B3002150460B4617E000BFD4
:1001E000B4F90420824205DB121A1144104409B20A
:1001F00000B208E0B4F906C06244824201DC00208B
:1002000001E009F80130491C401C09B200B2A942C2
:10021000E6DB02208DF8180002A958460CF050FECB
:10022000BDF80200401CADF80200BDF80600401CFD
:10023000ADF80600761C4645BEDD484611F060FA72
:1002400095E700002DE9FF4FB2F90240B3F90250E3
:10025000C5B0AC4208DA128864F31F4062F30F00A5
:1002600065F31F411A8807E01B8865F31F40128859
:1002700064F31F4163F30F0062F30F010FFA81F97A
:1002800004B20514A9EB04064FEA214AAAEB0507BC
:100290000391002E01DD314600E07142002F01DDA7
:1002A000384600E07842814201DD012000E0002074
:1002B00015904698B0F90210159858B1002F01DD3D
:1002C000384600E078424201002E01DD30460CE065
:1002D00070420AE0002E01DD304600E0704242012B
:1002E000002F01DD384600E0784292FBF0F0AB4A87
:1002F000105C10FB01F03F30C0114FEA600800F0C5
:10030000010202EB080B49464C4500DA2146A1EBFD
:100310000001ADF8581001DD214600E049460144D6
:10032000ADF85C105146554500DA2946A1EB0001B5
:10033000ADF85A1001DD294600E051460844ADF8F9
:100340005E00459816A982680846F8F724F9002847
:100350007ED01598002100287BD0002E16DDAAEB58
:10036000080000B2CDE90001A5EB080002B24B463F
:10037000214620A80CF016F90AEB0B00012100B26F
:10038000CDE900014B4605EB0B0015E00AEB0B0035
:1003900000B2CDE9000105EB0B0002B24B4621464D
:1003A00020A80CF0FFF8AAEB0800012100B2CDE96B
:1003B00000014B46A5EB080002B221460AA80CF04A
:1003C000F1F8002120A80BF069FE189000210AA87E
:1003D0000BF064FE159046984FF0FF39C846407AFE
:1003E000C00623D4A819032100B2CDE90001E01B07
:1003F00003B22A4621462BA80CF0D4F80399022018
:100400000A14911909B2CDE90010039801B2C81B72
:1004100003B236A80CF0C6F800212BA80BF03EFE64
:100420008146002136A80BF039FE8046BDF85C00FD
:10043000BDF85810401A401C04B2F9F7BFF90BF090
:1004400015F8054616A808F094FDA84206D201E06A
:10045000A1E027E016A808F08CFD0546AA4628462C
:1004600011F002F98346BDF95E70BDF85A00ADF88F
:100470005E0000255146584611F0A3F91C2119A829
:1004800011F099F916A9199146980088ADF86C00F9
:100490004698BDF95A60007A8DF87C00CDF870B0AE
:1004A0001E9145E009EB0B00CDE900A103B204EB7E
:1004B0000B0001B22A4620A80CF074F80121A9EB28
:1004C0000800CDE900A103B2A4EB080001B22A465E
:1004D00074E700BFBDF958100BEB0500234632B29C
:1004E00007900BF07DFF8DF8740018B9214607982E
:1004F00011F061F925442919514505D2BDF85E0076
:10050000401CADF85E0012E002208DF8740019A9BD
:1005100045980CF0D5FCBDF85E000025401CADF8F8
:100520005A00ADF85E005146584611F04AF9761C63
:10053000BE42CFDDBDF95A10BDF95E00814209D03F
:10054000401EADF85E0002208DF8740019A9459890
:100550000CF0B6FC584611F0D3F820A80BF062FF5F
:100560000AA80BF05FFFB9F1FF3F02D02BA80BF0F8
:1005700059FFB8F1FF3F02D036A80BF053FF18988F
:100580000CF084FA15980CF081FA48460CF07EFACB
:1005900040460CF07BFA49B0BDE8F08F6A040308CE
:1005A0002DE9F04F8346B1F902000C46401E411080
:1005B00000F00100158889B00844281AADF8000041
:1005C00010880844ADF80400B2F90210B3F9020033
:1005D000814200DA0846ADF80200B2F90200B3F930
:1005E0000210884200DC0846401EADF8060069464D
:1005F0000846DBF80820F7F7CEFF00281FD0E08878
:1006000018B1A08808B1012600E00026012768463D
:100610000BF024FF00B906B100271C2102A811F03D
:10062000CAF8CDF808D02088ADF81000207A6D46C1
:100630008DF8200037B102A958460CF041FC09B0F2
:10064000BDE8F08FBDF80400BDF80010BDF90670DC
:10065000401A401C0FFA80F9BDF80200ADF8060000
:10066000484611F001F8824605900795002056B1E2
:10067000B4F90600B4F904100844BDF9021091FB66
:10068000F0F200FB12108046BDF9025031E04946FD
:10069000504611F096F8BDF900104B462AB250466C
:1006A0000BF09EFE8DF81800A6B178B1B4F90410D5
:1006B000414502DA00208DF81800B4F90600B4F9BB
:1006C00004100144414501DC4FF0000808F101002D
:1006D0000FFA80F802A958460CF0F2FBBDF80200B0
:1006E000401CADF80200BDF80600401CADF8060045
:1006F0006D1CBD42CBDD504611F002F89FE77CB582
:1007000005460DF087FF446A28460DF04BFF626AEC
:100710000546816868461432F7F73DFF002835D05A
:10072000AE68C5F808D094F83C00800621D5628FE9
:10073000E08E824208D1212329462046FDF752FF50
:100740002046628F21231DE0202329462046FDF705
:1007500049FF2046628F20232946FDF795FF20465A
:10076000E28E01232946FDF73DFF2046E28E01235C
:1007700008E02046628F20232946FDF733FF628F71
:10078000204620232946FDF77FFFAE607CBD000098
:100790002DE9F04FD5B005460DF03CFF0446008E24
:1007A00000287DD028460DF0FDFE4F90608C40F073
:1007B0000801618420464BA912F0B0FB0025278C6C
:1007C0002584608CA94640F008012E46C846618405
:1007D00035A80CF07FF943A80BF0ACFB4FF4A02A2E
:1007E00035AA5146204613F0F3FE43AA514620464F
:1007F00013F040FE608C002120F008006084204649
:10080000278413F00DFB53900021204613F0FAF9D2
:1008100052900021204613F05BFA519000212046AF
:1008200013F0A4FA509012A84F9912F01DF9B54890
:10083000CDF87CA0CDE9130824A816900AA817903B
:1008400054E1761CB6B2606AAFA150F82600EFF70B
:1008500022FD0028F5D0E06A30F81500C0F3001141
:10086000002974D18846C0F3002109B14FF0010876
:10087000C0F3801010B148F0800014E0A08EA842B0
:1008800012D1B80601D548F02008B80701D548F0C4
:100890000208780701D548F00408380704D500E0BD
:1008A0002CE148F008008046A06A00EBC50103A8CF
:1008B00008F029FBBDF80C10BDF82C01B8F1000FB1
:1008C0000144ADF80C10BDF80E20BDF82E110A44FD
:1008D000ADF80E20BDF810201044ADF81000BDF8A2
:1008E00012000844ADF8120026D0A4F82080608CD5
:1008F00040F00801618424A80CF0ECF80AA80BF081
:1009000019FB24AA5146204613F062FE0AAA51465A
:10091000204613F0AFFD2784608C20F0080161842D
:10092000E06A30F81500C0F3C02000289DF84500AB
:100930000ED040F001000DE024A835A93822EFF7D1
:1009400070FC0AA843A92022EFF76BFCE8E7C9E096
:1009500020F001008DF8450003A8159012AA1A2175
:10096000209520460DF05AFE9DF8B3004108C906B7
:100970003CD520F03E001E308DF8B300B4F91430A1
:100980005199BDF90C2019448A4203D120F0080086
:100990008DF8B300B4F918205098BDF91010101A52
:1009A000814205D19DF8B30020F010008DF8B3000E
:1009B000B4F916205398BDF90E101044814205D1A8
:1009C0009DF8B30020F004008DF8B300B4F91A20AC
:1009D0005298BDF91210101A814207D19DF8B30048
:1009E0008108490061F345008DF8B300BDF812108D
:1009F000BDF90E00091A491C0FFA81FB5FEA8861F4
:100A000008D5E16A31F81510490503D5A0EB0B00B4
:100A1000ADF80E0003AA24A94F980CF047F8606ABD
:100A2000BDF82CC1BDF93C3050F826000890BDF847
:100A30003001BDF93A10A0EB0C00401C0A9A00B23C
:100A4000CDE900109DF845C0CDF808C054A808991C
:100A500018F072FABDF81010BDF80C00BDF950C1C5
:100A6000091A491C09B2A1EB0C0101EBD17100EB91
:100A70006100ADF80C00BDF81210BDF80E30BDF9E4
:100A80005221C91A491C09B2891A01EBD17103EB31
:100A9000610109B26044ADF81000881802B2ADF8E7
:100AA0000E10ADF812205FEA88600ED5E06A30F8CB
:100AB0001500400509D50BEBDB70A1EB6001A2EB43
:100AC0006000ADF80E10ADF81200CDF8009003AA4A
:100AD0000AA9089B4F980AF093FF12AA1B212046EF
:100AE0000DF09CFD6D1C761CADB2B6B2208EA842F6
:100AF0003FF6A9AE608C20F00800608455B0BDE8D8
:100B0000F08F0000AC8103080A0000002DE9F04FCF
:100B1000A7B005460DF07EFD044628460DF042FDC7
:100B200022900021204612F0A7FF05460021122244
:100B3000204613F09FF928440FFA80FB002113226E
:100B4000204613F097F928440FFA80FA0021204636
:100B500013F072F928440FFA80F918A80BF0EAF99B
:100B600018AA4FF40031204613F084FCA06A08B1A3
:100B7000179009E0802010F077FD0546014680229D
:100B800020460DF0D9FA179594F83C00002700F0A4
:100B90000F00012800D1012720460021162213F062
:100BA00069F9C0B2012800D10127E06A002868D0A5
:100BB0000FF07EF8804602280DD002A9E06A0EF000
:100BC00003FE01281BD04FF0FF363546E7B1A18A5E
:100BD00001EB0B001CE0BDF972009DF87D2041F691
:100BE000FF718DE80700BDF97430189A15A8E16A05
:100BF00018F0A2F9BDF95460BDF95650E6E7029825
:100C0000C0F38A26450DE1E7218BA1EB0A00801B8A
:100C1000711EADF814000844ADF81800B8F1020FC9
:100C20005DD0204612F0B3F9401BE18A00EBD07092
:100C300001EB6000ADF81600691E0844ADF81A001B
:100C400011A80AF0C3FE4FF4003811AA414620460D
:100C500013F0BDFB06EBD6704010ADF8480005EB75
:100C6000D5704010ADF84A0020466E22414613F080
:100C700001F9ADF8440005AA11A9E36A22980AF027
:100C800071FE09A80BF056F909AA0021204613F0BD
:100C9000F1FBBDF936009DF8412041F6FF718DE86A
:100CA0000700BDF9383007A8099A179918F044F9D8
:100CB000E18A01EB0900BDF81E10ADF80E000844F2
:100CC000ADF81200E06AE0B13FB3218BA1EB0A005E
:100CD000BDF81C10B0EB0100ADF80C0024E0E18A77
:100CE0006D1E01EB0900ADF816002844ADF81A009E
:100CF0000020009005AA18A9E36A22980AF080FE55
:100D0000BFE7204613F089FABDF91C10A28A401AE9
:100D100000EBD07002EB6000DEE7A18A01EB0B0074
:100D2000BDF81C10ADF80C000844ADF81000002010
:100D3000009003AA09A9179B22980AF061FEA06AF5
:100D4000002802D1179810F0DBFC27B0BDE8F08F27
:100D50002DE9F04798B005460DF05CFC04462846A6
:100D60000DF020FC064609A9204612F075F894F80B
:100D700048000025C10600D50125800601D545F0B3
:100D800002050021204613F083F9A0F51C51D1394A
:100D900004D1608C000501D445F004050BA80BF0CC
:100DA000C9F8B4F84400ADF84200B4F84600ADF814
:100DB00044008DF849500BAA0021204613F05AFB3D
:100DC0009DF848004FF0010808B98DF84880E06BA5
:100DD0000C90206C0D900C994FF6FF7081421ED044
:100DE0000D9981421BD04FF4802927465522494650
:100DF000204613F03FF8024649463846F8F726FBEE
:100E00000090BDF80000ADF83A0020462022494687
:100E100013F030F80090BDF80000ADF83C0094F8F5
:100E2000480041F6FF7A00F00700022801D00328AD
:100E30001ED19DF84800022801D0032818D1BDF921
:100E40003E10CDE9001A0295BDF940300B9A16A864
:100E5000616A18F071F8BDF82800BDF82410401A36
:100E6000401CBDF9581000B2884201DA8DF8488064
:100E700094F8480004F1300700F00700032809D077
:100E8000BDF82A00BDF82610401A401C00B2B0F58B
:100E9000806F00DA002709A914A8B268F7F77BFB76
:100EA00000287DD094F8480040070BD1204612F06E
:100EB00001FA404202B2002109A808F093F8608BC1
:100EC000ADF82A0094F848000DF1500900F0070031
:100ED000022813D0032811D0009709AA0BA9304685
:100EE000636A0AF08DFDB068C6F80890804694F8F1
:100EF000480000F0070003280FD05FE0D6F8088014
:100F0000C6F80890009709AA0BA93046636A0AF050
:100F100077FD4046C6F80880E6E7BDF93E10CDE90A
:100F2000001A0295BDF940300B9A06A8616A18F0C4
:100F300003F8BDF82800BDF82410401A401CBDF984
:100F4000181000B2884219DA202211460B980DF0D1
:100F500079FCB4F84410BDF8182000EB40001144AF
:100F60000844ADF84200B4F84600ADF844000097DC
:100F700009AA0BA93046636A0AF042FDBDF82A00AF
:100F8000BDF82610401A401C01B2BDF91A0081427A
:100F900014DAB4F84410ADF842100B99098900E056
:100FA0000EE0B4F84620009710440844ADF8440021
:100FB00009AA0BA93046636A0AF022FDC6F8088028
:100FC00018B0BDE8F0872DE9F04397B007460DF063
:100FD000E3FA054638460DF01DFB04464FF4802623
:100FE000152D7ED0182D7DD138460DF0DBFA054643
:100FF00007A80AF09FFF07AA3146204613F03AFAE5
:1010000013A9204605F022F913AA15A8A968F7F735
:10101000C2FA002866D0204604F079FE81460FF01F
:1010200055FC28B19DF8390040F001008DF83900D9
:10103000204613F0F2F8064648460FF04CFC0146F5
:10104000BDF92E000222CDE900060292BDF9303032
:1010500005A8079A17F070FF204611F098FFB4F921
:10106000161000EBD076B9F9160001EB6601471AAD
:10107000484611F08CFFB90391FBF0F700212046A0
:1010800012F08BFF0799B0F90800B1F90810081A9F
:1010900000EBD070BDF816104010091A09B2ADF877
:1010A0001610E28A794302EB660202EBA1310F1AB5
:1010B0000021204612F0E6FC804620460021122244
:1010C00012F0D8FE064620460021132212F0D2FE6E
:1010D000A28A06EB08011144ADF84010ADF8427049
:1010E00001E023E01FE0218B081AA0EB0800ADF817
:1010F0004400BDF816003844ADF846009DF83900AC
:1011000040F002008DF8390015A8AC68A860484688
:101110000FF0E1FB03460020009010AA07A9284623
:101120000AF06EFCAC6017B0BDE8F08338460DF0F5
:1011300039FA054610A9204605F088F868460BF0F4
:10114000C9FC6A463146204613F042FA10AA6946A5
:1011500028460BF0ABFCE6E72DE9F043ABB00546C3
:101160000DF058FA044628460DF01CFA814600217D
:10117000204612F0BFFD07460021204612F008FE6F
:1011800006460021204612F063FE05460021204657
:1011900012F04AFDA18AE28AADF88A20238BADF8CD
:1011A0008C30B4F81AC03944ADF88810991BADF8EA
:1011B0008C10ACEB00005119ADF88E00ADF88A1020
:1011C00006A80BF087FC06AA4FF40031204613F066
:1011D000FFF922AA06A948460BF068FC204611F048
:1011E000D6FE0546208BA18A411A491C481B06B22F
:1011F000606A411C06D07043C11700EB116040F3D8
:101200000F2708E0204612F0B5FB10F0010F01D0C7
:10121000374600E0002720460021162212F02AFE61
:10122000C0B2012801D1F01B07B2A08A3844ADF842
:1012300000002844ADF80400E08AADF80200608B9D
:10124000ADF806004FF440373946204612F052FD03
:1012500006463946204612F09BFD80463946204618
:1012600012F0F6FD05463946204612F0DDFCBDF8C9
:101270000010BDF80420891BADF8001002EB080136
:10128000ADF80410BDF80210491BADF80210BDF80E
:1012900006100844ADF8060014A80BF01BFC14AAB5
:1012A0003946204613F094F96A4614A948460BF0D3
:1012B000FDFB2BB0BDE8F0832DE9F04FE1B0054612
:1012C0000DF0A8F9044628460DF06CF982468268B4
:1012D00004F114011DA8F7F75EF900287DD0DAF8B3
:1012E000080012901DA9CAF80810204600213222D9
:1012F00012F0C0FD00B257900021204612F0AEFD62
:101300005B900021204612F095FC5D900021204664
:1013100012F0F6FC5A900021204612F03FFD599041
:10132000208C002611902684608C40F00801618496
:1013300027A80BF0CFFB4FF4A02527AA294620466B
:1013400013F046F914A80AF0F5FD14AA2946204620
:1013500013F090F811982084608C002720F0080189
:101360002046618411F0B4FFE28A5B991144091AA6
:1013700057980844401EADF81600204611F0A1FF12
:1013800058900021204612F03EFB012800D000209A
:101390008346514635A811F067FB4FF4A0204290D8
:1013A000EA4836900020379047A839901FA83A9015
:1013B000002089E0E06A30F91910BDF8160010919C
:1013C000401C00B2491E0144ADF81610BDF97A1058
:1013D000ADF8120088427CDC00E07DE0BBF1000F3C
:1013E0000AD0218B5998091A5898091A5798081A3F
:1013F000401EADF8100009E0A18A5A98014458989F
:10140000091A57980844401EADF81400002555E00D
:1014100000205590A06A50F8270008B10078559038
:10142000BBF1000F0CD0BDF81000401EADF8140049
:10143000216B31F81510401A401CADF810000BE07C
:10144000BDF81400401CADF81000216B31F81510E8
:101450000844401EADF8140000261DE0A16AB8192A
:1014600051F82000E8B10078C0071AD0226BA81903
:10147000022101EB4000105EBBF1000F05D0BDF86A
:101480001010081AADF8100004E0BDF8141008445C
:10149000ADF81400761CB6B2A08C7119401E8142C2
:1014A000DCDBBDF91600BDF97610884217DAB819F1
:1014B000401C87B2A81980B2401C85B2A08CA842FB
:1014C000A6D809F1010080B2E18C814649453FF67A
:1014D00071AF1298CAF8080061B0BDE8F08FBDF98D
:1014E0001410ADF83010ADF8320086469DF8BF00FC
:1014F000BDF91020ADF82C20BDF91280C0F34400D6
:10150000ADF82E8043070DD5B4F914C05A9B63443F
:101510009A4207DDBDF9BC3003EBD373A2EB630243
:10152000ADF82C2082070DD5B4F916305B9A1A4419
:10153000904507DDBDF9BC2002EBD272A8EB620238
:10154000ADF82E20020711D5B4F91830599A9A1A1D
:10155000521E91420ADABDF9BC2002F0010302EBEF
:10156000D27203EB62021144ADF83010C00712D002
:10157000B4F91A005D9A801A401E86450BDABDF94F
:10158000BC0000F0010100EBD07001EB600101EB49
:101590000E00ADF83200E08E002148457ED1A08ECD
:1015A000A8427BD1208C420602D4820600D520219D
:1015B000820701D541F00201420701D541F0040143
:1015C000000701D541F00801002967D02184608C13
:1015D00040F00801618447A80BF07CFA1FA80AF0CC
:1015E000A9FC4FF4A02847AA4146204612F0F0FF7C
:1015F0001FAA4146204612F03DFF11982084608CBE
:1016000020F0080161840BA83890A08C35AA09FB52
:10161000005043901A2120460DF000F80BAA47A96C
:1016200050460BF043FAA06A50F8270000287DD0FE
:101630004FF4A0284146204612F062FB0890414634
:10164000204612F0ABFB02904146204612F006FC09
:1016500013904146204612F0EDFABDF81030089A7A
:1016600001461A440FFA82F8BDF81430029AADF818
:1016700038809A1A13B2BDF812C0139AADF83C30F4
:101680006244ADF83A20BDF816200020511AADF89A
:101690003E105599C1F340015E9100E017E001B1A1
:1016A0000220A3EB0801491CBDF98E2009B200926B
:1016B000CDE90110A06ABDF99030149A50F82710B6
:1016C0005CA8083117F038FC5E9858B11FE047A8B5
:1016D00027A93822EEF7A5FD1FA814A92022EEF7AE
:1016E000A0FD90E71099BDF81220BDF9720101EB41
:1016F000D17102EB610300EBD070A3EB60034910E2
:1017000001EB60001044ADF83A30ADF83E0004AA99
:101710001DA95FA8F6F73FFF40B15FA90020CAF8F6
:1017200008100090A06A50F8273000E008E00EAAE8
:101730001FA9504608330AF063F91DA8CAF808002B
:1017400035AA1B2120460CF069FFB0E6E0820308B1
:101750002DE9F74F8046044690881188A8B0401ABA
:10176000401C00B200EBD07046108819ADF85C0048
:1017700050883044ADF85E0020A80AF06CFC4FF4AD
:10178000A02520AA2946404612F0C4FE1AA80AF055
:101790001DF91AAA2946404612F019FE00214046BA
:1017A00012F0CAF9834602A8299911F05DF963483D
:1017B00003904FF4003017AF0F900B9704F13000F7
:1017C0002490F7F74FFDB2E02568139420790128A3
:1017D00001D0A0B3A7E0B5F92030E88B1844009001
:1017E000D5E90512E0680FF0F3FEA98B628A00B21A
:1017F00011448D19814617F0DBFA10FB05F147F60D
:10180000FF7A91FBFAF0BDF85E100844ADF89A003B
:10181000484617F0C4FA10FB05F191FBFAF0BDF849
:101820005C100844ADF89800A08AADF88000208ACA
:10183000ADF882006079FD2802D9584603E017E030
:1018400010FB0BF0000A8DF888000120049020A8FE
:10185000089026A8CDE90B7002AA1A2140460CF088
:10186000DDFE26AB20A90B9A29980AF0E7FB55E08C
:101870002069E0B3B5F92030E88B18440090D5E931
:101880000512E0680FF0A4FE054625A920690DF0B9
:101890009BFFBDF85C00A18A421AADF85420BDF848
:1018A0005E00E18A401A2599ADF85600C1F38A23FB
:1018B0005B1E1A44ADF858204FF0FF3202EB515135
:1018C0000844ADF85A006079FD2801D9584602E075
:1018D00010FB0BF0000A8DF87300A08AADF86C00C5
:1018E000E08AADF86E0005EB8500400000E01AE0EC
:1018F000B0F5616F01DDA0F56160ADF86800022010
:1019000004901AA8099002AA1A2140460CF086FEFB
:1019100015AA1AA9236929980AF024F802AA1B21FA
:1019200040460CF07BFE21462498F7F798FC040013
:101930007FF44AAF2BB0BDE8F08F0000900503089C
:1019400030B5054691F82A0089B00C4602285FD9C7
:10195000E08C00285CD0114604A807F0C2FA208D64
:10196000BDF81010401E091AADF81010BDF8121085
:10197000091AADF81210BDF814100144ADF8141096
:10198000BDF816100844ADF8160004A906A807F023
:10199000A8FABDF81810E08CBDF81220091AADF8AD
:1019A0001810BDF81C100844ADF81C00BDF81A0052
:1019B000E18C401AADF81A00BDF81E00E18C084415
:1019C000ADF81E00BDF81400BDF81010401ABDF8A7
:1019D0001610401C891A491C00B209B2B4F9002043
:1019E000884200DA0146B2EB610F00DD4A10E08C5C
:1019F000A178104403B294F82A00CDE90201A08C2A
:101A0000ADF80400009204AA06A92846FCF71CFBC6
:101A100009B030BDF8B504460CF0FCFD0646204682
:101A20000CF0F6FD0446406BB0F5A02F51D1A06B31
:101A30000025072805D22069C570206980F822504A
:101A400012E081B24022304607F0F2FF60B1206917
:101A5000C570206980F82250122014F073FA0090AB
:101A60006069BDF800108181208F4FF4004281B27F
:101A7000304607F0DDFF98B121696620C870304616
:101A800016F01AFF00902069BDF8001081803046E2
:101A900007F0CCFFA16B884202D12169B220C87047
:101AA000208F4FF4804281B2304607F0C1FF0028FA
:101AB0000FD02169FF2081F82200304616F0FCFE8D
:101AC00000902069BDF80010C1832169088C401C7A
:101AD0000884F8BD2DE9F0418CB005460CF09AFD64
:101AE000044628460CF05EFD8046606A0EF0F3FE68
:101AF000007800283BD1A06A002838D00078002860
:101B000035D001A80AF016FA01AA4FF400212046A8
:101B100012F0B0FC94F86000000705D59DF8210094
:101B200040F002008DF821000021204612F0EEF86E
:101B300007460021204612F097F90646002120466C
:101B400011F0A6FF054604F1140109A807F0F6F903
:101B5000701902B2781901B209A807F043FA0020FF
:101B6000009009AA01A94046A36A09F049FF0CB0F8
:101B7000BDE8F0817CB50446806961896D46866860
:101B8000A08961B1002865D0814203D12289E38810
:101B90009A427CD302297BD003297AD0AFE010BBD4
:101BA000E088218988421ED2B4F9060017F000F9B6
:101BB000B4F90410B4F90E20891A48432168498801
:101BC00001EBE030ADF80200E0885A3000B217F0C7
:101BD000EFF8A18810FB01F02168098801EBE030E3
:101BE000ADF8040040E020680088ADF800002068EF
:101BF000A18840880844ADF80600B4F9060017F043
:101C0000D7F8B4F90410B4F90E20891A48432168B2
:101C1000498801EBE030ADF80200E0885A3000B2AC
:101C200017F0C6F8A18810FB01F021683246098838
:101C300001EBE030ADF8040069460846F6F7ABFC6E
:101C400030B1A0698560D4E9052021690AF02EFF32
:101C5000A08970BB2068A18800880844ADF8040002
:101C600020684088ADF80200B4F9080017F0A0F829
:101C7000A18810FB01F02168498801EBE030ADF844
:101C8000060020895A3000B217F092F802E015E001
:101C900012E00FE0B4F90410B4F90E20891A484399
:101CA00021683246098801EBE030ADF80000694652
:101CB0001AE024E0022801D0012820D12068324611
:101CC0000088ADF8000020684088ADF80200206868
:101CD000A18800880844ADF804002068A1884088E5
:101CE0000844ADF8060029460846F6F754FC30B122
:101CF000A0698560D4E9052021690AF0D7FEA069B2
:101D000086607CBD7CB50446806961896D468668C5
:101D1000A08901290CD0012867D0814203D12289F2
:101D2000E3889A427ED300297DD003297CD0B5E098
:101D3000012822D1E088218988421ED2B4F9060008
:101D400017F036F8A18810FB01F02168498801EBF3
:101D5000E030ADF80600E0885A3000B217F028F8FD
:101D6000B4F90410B4F90E20891A4843216809888F
:101D700001EBE030ADF8040042E02068A188008863
:101D8000401AADF8000020684088ADF80200B4F9B0
:101D9000060017F00DF8A18810FB01F021684988B2
:101DA00001EBE030ADF80600E0885A3000B216F0E2
:101DB000FFFFB4F90410B4F90E20891A48432168D2
:101DC0003246098801EBE030ADF804006946084668
:101DD000F6F7E1FB30B1A0698560D4E905202169FF
:101DE0000AF064FEA089012858D120680088401EAE
:101DF000ADF804002068A18840880844ADF80600CA
:101E0000B4F9080016F0D4FFB4F90410B4F90E20A8
:101E1000891A48432168498801EBE030ADF8020097
:101E2000208902E018E010E014E05A3000B216F009
:101E3000BFFFA18810FB01F021683246098801EB41
:101E4000E030ADF8000069461DE0022804D0032808
:101E500002D023E0022821D12068A18832460088E0
:101E6000401AADF8000020684088ADF802002068F4
:101E70000088401EADF804002068A188408808440E
:101E8000ADF8060029460846F6F785FB30B1A06993
:101E90008560D4E9052021690AF008FEA069866002
:101EA0007CBD7CB50446806961896D468668A089E1
:101EB00002290CD002287ED0814203D12289E388F6
:101EC0009A4279D3002978D0012977D0D4E002282A
:101ED0003FD1E088218988423BD25A3000B216F0C7
:101EE00067FFA18810FB01F02168098801EBE03051
:101EF000ADF80000B4F9060016F05AFFB4F904106A
:101F0000B4F90E20891A48432168498801EBE03072
:101F1000ADF80600B4F9080016F04AFFA18810FBDE
:101F200001F02168498801EBE030ADF8020020891A
:101F30005A3000B216F03CFFB4F90410B4F90E2088
:101F4000891A48432168098801EBE030ADF80400A4
:101F500066E020680088401EADF804002068A18873
:101F60004088401AADF80200E0885A3000B216F0FE
:101F70001FFFA18810FB01F02168098801EBE03008
:101F8000ADF80000B4F9060016F012FFB4F9041021
:101F9000B4F90E20891A484321683246498801EB7A
:101FA000E030ADF8060069460846F6F7F4FA58B195
:101FB000A069856003E00AE03BE034E036E0D4E964
:101FC000052021690AF072FDA089022854D12068F9
:101FD000A1880088401AADF8000020684088401EA3
:101FE000ADF8060020895A3000B216F0E1FEB4F9CF
:101FF0000410B4F90E20891A48432168098801EBBE
:10200000E030ADF80400B4F9080016F0D1FEA18864
:1020100010FB01F02168498801EBE030ADF80200C7
:10202000324669461DE0032803D025E0032800D08E
:1020300010BB2068A18832460088401AADF8000025
:102040002068A1884088401AADF80200206829461F
:102050000088401EADF8040020684088401EADF89E
:1020600006000846F6F797FA30B1A0698560D4E912
:10207000052021690AF01AFDA06986607CBD7CB547
:102080000446806961896D468668A08903290ED05F
:10209000032867D0814203D12289E3889A427ED304
:1020A00002297DD001297CD002297BD0B1E0032810
:1020B0001FD1E088218988421BD25A3000B216F025
:1020C00077FEB4F90410B4F90E20891A4843216848
:1020D000098801EBE030ADF80000B4F9060016F015
:1020E00067FEA18810FB01F02168498801EBE03010
:1020F00040E02068A18800880844ADF8040020680A
:102100004088401EADF80600E0885A3000B216F054
:102110004FFEB4F90410B4F90E20891A484321681F
:10212000098801EBE030ADF80000B4F9060016F0C4
:102130003FFEA18810FB01F021683246498801EB7F
:10214000E030ADF8020069460846F6F724FA30B1EF
:10215000A0698560D4E9052021690AF0A7FCA0895F
:10216000032856D120680088ADF800002068A188B7
:102170004088401AADF8020020895A3000B216F0AB
:1021800017FEA18810FB01F02168098801EBE030FF
:10219000ADF80400B4F9080016F00AFE03E016E0FA
:1021A00010E013E00FE0B4F90410B4F90E20891A1E
:1021B000484321683246498801EBE030ADF806001B
:1021C00069461BE018B1012801D022E008BB206855
:1021D00032460088ADF800002068A1884088401A87
:1021E000ADF802002068A18800880844ADF804001A
:1021F000206829464088401EADF806000846F6F7DC
:10220000CAF930B1A0698560D4E9052021690AF0D6
:102210004DFCA06986607CBD70B5A4B00C46054637
:1022200020AA22A911F05BF822A806F0A2FE20B98C
:1022300020A806F09EFE00283ED012A9284619F0DC
:10224000BEFA012838D12146684610F00DFC1B4823
:1022500001900220029012A804904FF480300D905B
:1022600022A806F086FE80B122A803906A461A21B1
:1022700028460CF0D3F922AA12A920460AF016FC2F
:102280006A461B2128460CF0C9F920A806F071FE09
:10229000002811D020AE6A461A21284603960CF079
:1022A000BDF920AA12A9204603960AF0FFFB6A4650
:1022B0001B2128460CF0B2F924B070BD300303088E
:1022C0002DE9F04F88468A68B5B0044600F1140144
:1022D00025A8F6F760F900287ED0D8F808003090DD
:1022E00025A9C8F808100021204611F0DFFC064699
:1022F0000021204611F082FD2990204610F0F4FDC7
:10230000B4F88410484340F30F2B204610F0D2FD60
:10231000B4F88610484340F30F20289004F12400BD
:102320002790F6F78AFF05460021204611F088FC29
:10233000B4F884104FF4A0294843B4F88210021274
:10234000C1F1010303FB02B090FBF1F00FFA80FA38
:102350004946204611F074FCB4F88410C5F101021E
:1023600048430012219002FB00A0B0FBF5F007B239
:10237000012F00DA01270021204611F077FB0546E6
:10238000204610F0CBFE301A284400B2319020468F
:1023900010F090FF2999081A284400B2329012A830
:1023A0000AF098FB12AA4D464946204612F010F951
:1023B0009DF8570020F007008DF85700FF208DF89A
:1023C0004B00608BBDF848100844ADF8AE004146A4
:1023D000684610F049FB00E08AE04748019004207D
:1023E0000D95002602907BE0ABEB0A017143401E85
:1023F00091FBF0F131980144A08A0E9608440FFA3F
:1024000080F92798F6F72EFF66E0287BC0075FD19A
:102410002946204607F0BEFF7A1E4A4412B2ADF8A4
:10242000AC20219B01B23B444846ADF8A890034440
:102430000FFA83F9BDF994309A4249DBBDF998202F
:1024400090424BDC2889ADF84C008819B4F8821012
:10245000DDF8A0C090FBF1F201FB12002A7B696855
:10246000C2F3001304EB430200B232F96C3F31F9BE
:102470001010B2F90420C91A01FB0CF1D21A91FB19
:10248000F2F1ACEB01023299E38A11441944ADF840
:10249000AA10696831F91010A1F5FE42FF3A17D071
:1024A0002AA9039112A91195049169686A4631F924
:1024B000100010901A2120460CF0B0F82AAA12A998
:1024C00040460AF0F3FA6A461B2120460CF0A6F8B3
:1024D00029462798F6F7C3FE050096D1761CB6B2BA
:1024E000B4F88200B0423FF67FAF3098C8F80800D9
:1024F00035B0BDE8F08F0000C80A03082DE9F04FA1
:1025000089468A6800F11401C1B005460F463CA80F
:10251000F6F741F800287DD03CA9D9F808A0C9F801
:102520000810B5F88200022874D30021284611F063
:102530009DFA04460021284611F0B8FB0619002137
:10254000284611F05BFC0444284610F0CDFCB5F899
:102550008410484340F30F200F90284610F0AAFC47
:10256000B5F88610484340F30F200990284610F034
:10257000D5FD0146A88A3044401A00B23990284659
:1025800010F098FEE98A2144081A00B23A903946C0
:102590003EA8D9F80820F5F7FEFF00283AD027A872
:1025A00009F059FD27AA4FF4A021284611F0B2FFE7
:1025B0002AA80AF08FFA4FF400342AAA21462846A6
:1025C00012F006F82146284611F050FD00EBD070BD
:1025D00047102146284611F079FA00EBD0704110DF
:1025E0008B46BDF99E005F4501DA3A4600E00A4697
:1025F00000EBD071B2EB610F05DD9DF8A51041F045
:1026000010018DF8A510012807D19DF8A50040F014
:10261000100000E086E18DF8A500B5F882100F9853
:10262000814201DB012000E000203B9005F1240005
:102630003890F6F717FE70E1207BC0077ED1208925
:10264000ADF89C002089ADF8AC002146284607F083
:10265000A1FE00B20C903998ADF81800ADF8080052
:102660000C98059013906168099B31F91000217B4B
:10267000C1F3001205EB420131F96C2FB1F90410DE
:10268000801A5843891A90FBF1F0191A3A980844B5
:10269000ADF80A00494614A810F0E6F9A3481590D1
:1026A000032016904FF4A020219027A81A902AA862
:1026B00025941890BDF90A00039000260790E9E0E0
:1026C000BDF90810ADF81810BDF80A00ADF81A00F1
:1026D000BAF90420781C104481427BDC0F98B5F8CD
:1026E00082207043531E90FBF3F33998184400B2D4
:1026F000ADF808000C9B334493FBF2FC02FB1C3248
:1027000012B205926368DDF824C033F91220237BEE
:10271000C3F3001305EB4303B3F96C80B3F97030D6
:10272000A2EB080202FB0CF2A3EB080392FBF3F20C
:10273000ACEB02033A9A1A4412B200E0E9E0ADF8B9
:102740000A209046BAF90020D21B521E90423FDB6D
:10275000002E3DD03B9AE2B36368139A33F912C05E
:1027600047F6FF72944533D0DDF814C033F91C30BE
:1027700093422DD0079B984501DA1A4600E0424665
:10278000039B0792984501DD1A4600E042460392FA
:1027900081427BD0401EADF81800ADF808000798C4
:1027A000ADF81A20ADF80A00824202D1401CADF803
:1027B0000A0002AB06AA27A9484609F03FFCBDF86B
:1027C0000800CDF80C80401CADF80800CDF81C8046
:1027D0005CE000E063E0BDF81800C11B3844ADF8D0
:1027E0003800BDF81A00ADF83410A0EB0B015844C6
:1027F000ADF83A00701E2290ADF83610616813985B
:1028000031F9101047F6FF70814201D006A900E0AF
:1028100000211D9162680599804632F911104145E9
:1028200001D002A800E000201E900DA8179061685A
:10283000139814AA31F9100024901A2128460BF09D
:10284000EDFE6068139930F9112042450AD00599D0
:1028500030F91110414505D002AB06AA27A9484618
:1028600009F0ECFB6FB1BBF1000F0AD0616813985F
:1028700031F91010414504D00DAA2AA948460AF0A2
:1028800015F914AA1B2128460BF0C8FE0598761CE2
:10289000B6B21390B5F88200B0423FF611AF3B9844
:1028A000B8BBB5F88200B04233D16168059831F900
:1028B0001010A1F5FE40FF382BD0BDF80800761EA1
:1028C000C11B3844ADF83010ADF83400BDF80A0033
:1028D00014AAA0EB0B015844ADF8360000201D905F
:1028E0001E900CA81790ADF83210229661680598DA
:1028F00031F9100024901A2128460BF08FFE0CAA03
:102900002AA948460AF0D2F814AA1B2128460BF03F
:1029100085FE21463898F6F7A2FC04007FF48CAEC1
:10292000C9F808A041B0BDE8F08F0000C80A03084C
:102930002DE9F04F8A468A68B9B0054600F11401C6
:1029400037A8F5F728FE00287BD0DAF80800349085
:1029500037A9CAF808100021284611F087F8044664
:102960000021284611F0A2F906460021284611F060
:1029700045FA0746284610F0B7FAB5F884104843E0
:1029800040F30F203390284610F094FAB5F88610E3
:10299000484340F30F202490284610F0BFFBA98A3B
:1029A00032191144081A00B22590284610F082FC12
:1029B0000146E88A3A191044401A00B228902CA81F
:1029C00009F049FB2CAA4FF4A021284611F0A2FDE2
:1029D00016A80AF07FF84FF4003416AA21462846BC
:1029E00011F0F6FD2146284611F040FB00EBD070B7
:1029F0004FEA60092146284611F068F800EBD070D4
:102A000043109846BDF9B2004A46C14500DB1A465C
:102A100000EBD071B2EB610F05DD9DF8B91041F00C
:102A200010018DF8B910012805D19DF8B90040F0CA
:102A300010008DF8B90005F124002A90F6F712FC79
:102A40003EE143E1207BC0077ED12089ADF8B00094
:102A50002089ADF85C002146284607F09BFC06B2B1
:102A60002598ADF8D8002996ADF89C006068B3466B
:102A700030F816000A282CD03398009020680023E4
:102A800030F91670207BC0F3C00105EB4100B0F9AE
:102A90007820B0F9741038460EF09AFD259900237D
:102AA0000844ADF89C0024980090606830F91670D6
:102AB000207BC0F3001105EB4100B0F97020B0F9A4
:102AC0006C1038460EF084FD2499081A28990844A1
:102AD00002E08048ADF89C00ADF89E00514602A887
:102AE0000FF0C2FF4FF4A0200F907B48039003200B
:102AF00004902CA8089016A80027139406909FE035
:102B0000BDF89C00ADF8D800BDF89E00ADF8DA0025
:102B10002998B5F88220C11991FBF2F002FB101040
:102B200006B2606830F91600A0F5FE41FF3969D0A1
:102B300024990091217BC1F3001205EB4201B1F908
:102B40007020B1F96C1000E0B6E000230EF040FDFB
:102B500024990023081A28990844ADF89E00339858
:102B60000090217B2068C1F3C00105EB410130F9E1
:102B70001600B1F97820B1F974100EF029FD2599ED
:102B80000844ADF89C00EFB3BDF8D800A0EB0901F4
:102B9000ADF8BC104844BDF8DA10ADF8C000A1EBA8
:102BA0000800ADF8BE0001EB0800ADF8C200781EC9
:102BB0001090616831F91B10A1F5FE40FF3801D07B
:102BC00036A900E000210B91616831F91610A1F5DA
:102BD000FE40FF3801D027A800E000200C902FA86D
:102BE0000590616802AA31F91B0012901A2128464B
:102BF0000BF014FD616847F6FF7031F91B2082422B
:102C000016D000E019E031F91610814210D027AB40
:102C100036AA2CA9504609F011FAB9F1000F07D0D5
:102C2000B8F1000F04D02FAA16A9504609F03EFFB4
:102C300002AA1B2128460BF0F1FC7F1CB346BFB251
:102C4000B5F88200B8423FF65BAFB5F88200B842F3
:102C500032D1606830F91610A1F5FE40FF382BD054
:102C6000BDF89C007F1EA0EB09014844ADF8C000F0
:102C7000BDF89E00ADF8BC10A0EB08014044ADF8D3
:102C8000C2000020ADF8BE100B900C902FA810973A
:102C90000590606802AA1A2130F9160012902846A1
:102CA0000BF0BCFC2FAA16A9504609F0FFFE02AAA1
:102CB0001B2128460BF0B2FC21462A98F6F7CFFAE2
:102CC00004007FF4BFAE3499CAF8081039B0BDE8EB
:102CD000F08F000001E0FFFFC80A03082DE9F74F5D
:102CE000B1F92E00AAB014460E46002872D096F80C
:102CF000361002296ED9012808D1B6F9340000280F
:102D000004DC308E10B9708E0028EFD02088318E10
:102D10004218B08E151AADF82850A28811440B182D
:102D2000ADF82C306088718E0844B18E421AADF82F
:102D30002A20E088718E0844B18E0144ADF82E102F
:102D4000B6F92E0000EBD070A5EB60056D1EADF856
:102D50004C50012505EB60001844ADF85000B6F961
:102D60002E0000EBD070A2EB6000401EADF84E00CC
:102D7000B6F92E0000EBD07005EB60000844ADF80A
:102D8000520096F836002990FD2801D9FF2029909D
:102D90002A9813A9826827A8F5F7FDFB0028A5D07B
:102DA00021461DA806F09DF84FF0FF3841464246E7
:102DB0001DA806F00AF9B6F900901DA806F0F3F870
:102DC00004461DA806F0C3F884421DA803DA06F0E5
:102DD000EAF802E0FEE306F0BAF8B9EB600F01DDB5
:102DE0004FEA6009B6F900400AA806F0DCF805468B
:102DF0000AA806F0ACF885420AA802DA06F0D3F871
:102E000001E006F0A4F8B4EB600F00DD4410B6F961
:102E10002E00051905FB05F040000EF025FC109072
:102E20000146B6F92E2023460AA818F047FE13A83B
:102E300009F014FB012720B9F078FF2801D3B078FE
:102E400060B1002701234A461DA920A809F072FDA0
:102E5000002120A809F022F9269001E0CDF8988001
:102E600013A806F0A0F80EF0FFFB83461C2115A85E
:102E70000EF0A3FCCDF854D0CDF860B0CDF868D0FA
:102E8000B08DADF85C0096F836008DF86C00B07827
:102E90008DF86D00BDF85000BDF84C20ADF8040071
:102EA000811A491C09B201EBD17102EB61010FFAE1
:102EB00081FABDF85220BDF84E10401B521A521C28
:102EC00012B202EBD27201EB6202401C14B200B2E9
:102ED0006A1EADF80000ADF80210114409B2099263
:102EE000ADF806105246504500DC1046ADF8000023
:102EF000A14200DB21462A98ADF806106946826897
:102F000006A8F5F748FBD0B34A461DA906A8F5F771
:102F10006AFBA0BBBDF81C00BDF91810BDF91A2052
:102F2000401A401C00B20890BDF94E301098D21AD9
:102F300002FB0500BDF95020521B891A0844401EAF
:102F4000059047B14A461DA906A8F5F7BCFB10B18C
:102F500001200F9000E00F970898002827DDBDF8AA
:102F60001800ADF80000BDF81C00ADF80400022008
:102F7000CDF860B08DF86400BDF91A8013E016E05A
:102F8000ADF802800F98ADF8068070B305981890E0
:102F900015A92A9809F094FF05982844059008F18E
:102FA00001000FFA80F8BDF91E104145E8DABDF8BE
:102FB0005000ADF80400401B401C00B2ADF800000A
:102FC000BDF85220ADF80620511B491C09B2ADF8DE
:102FD00002105246504500DC1046ADF80000601C5F
:102FE0001190814216DD084615E0FFE72A46584653
:102FF00005990EF0D3FBBDF9181042465846089BC0
:1030000009F0EEF98DF864000128C1D102208DF895
:103010006400BDE7601CADF802002A98694682682A
:1030200006A8F5F7B8FAD0B34A461DA906A8F5F7E1
:10303000DAFAA0BBBDF81C00BDF91810BDF90620D6
:10304000401A401C00B20890BDF91E301098D21AE8
:1030500002FB0500BDF95020521B891A0844401E8E
:10306000059047B14A461DA906A8F5F72CFB10B1FB
:1030700001200F9000E00F970898002827DDBDF889
:103080001800ADF80000BDF81C00ADF804000220E7
:10309000CDF860B08DF86400BDF91E8013E016E035
:1030A000ADF802800F98ADF80680B0B3059818907F
:1030B00015A92A9809F004FF059828440590A8F15D
:1030C00001000FFA80F8BDF91A104145E8DDBDF89E
:1030D0004C0009992844ADF80000BDF85000401B91
:1030E000ADF80400BDF84E00ADF80200084400B28F
:1030F000ADF80600A04200DB2046ADF806002A9895
:103100006946826806A8F5F746FAB0B34A461DA993
:1031100006A8F5F768FAA8B17CE0FFE72A4658460A
:1031200005990EF03BFBBDF9181042465846089B26
:1031300009F056F98DF864000128B9D102208DF804
:103140006400B5E7BDF81C00BDF81810BDF90220F9
:10315000401A401C00B20890BDF91A101098891A44
:1031600001FB050005904FB14A461DA906A8F5F7D9
:10317000AAFA18B101200F9001E04BE00F970898D0
:10318000002847DD0F9860B100201890BDF81800A6
:10319000ADF80000BDF81C00ADF80400BDF91A0040
:1031A00033E0CDF860B0F1E7ADF802800F98ADF8EC
:1031B000068060B12998FF280598007804D096F819
:1031C000361010FB01F0000A8DF86C0013E0059832
:1031D000089A017858460EF0E5FABDF918104246F3
:1031E0005846089B09F0FCF88DF86400012802D1CC
:1031F00002208DF8640015A92A9809F061FE05984F
:103200002844059008F1010000B2BDF91E10804667
:103210004145C9DA96F836008DF86C00BDF84C00CF
:103220002844ADF80000BDF85000BDF85210401B16
:10323000ADF80400481B401CADF8061000B211990F
:10324000ADF80200884200DC601CADF802002A984C
:103250006946826806A8F5F79EF978B34A461DA923
:1032600006A8F5F7C0F948BBBDF81C00BDF818105A
:10327000BDF91E20401A401C00B20890BDF906108E
:103280001098891A01FB050005900898002851DD67
:103290003FB14A461DA906A8F5F715FA0020189077
:1032A00001E0CDF860B0BDF81800ADF80000BDF841
:1032B0001C00ADF80400BDF91E0036E03AE000BF86
:1032C000ADF80280ADF806808FB14A461DA906A868
:1032D000F5F7F9F92998FF280598007804D096F8B1
:1032E000361010FB01F0000A8DF86C0013E0059811
:1032F000089A017858460EF055FABDF91810424662
:103300005846089B09F06CF88DF86400012802D13A
:1033100002208DF8640015A92A9809F0D1FD0598BE
:1033200028440590A8F1010000B2BDF91A108046AA
:103330004145C5DD96F836008DF86C00BDF85000AB
:10334000ADF80400411BBDF84E00491C0AB22844E8
:10335000ADF8002000B2ADF80200BDF85210119B8C
:10336000491B09B2ADF80610984200DB601CADF8AD
:103370000200A14200DC2146ADF80610504652453D
:1033800000DC02462A98ADF800206946826806A84B
:10339000F5F701F9B8B34A464E461DA906A8F5F758
:1033A00022F980BBBDF81C00BDF91810099A401A1B
:1033B000401C00B20890109802FB0500BDF9502097
:1033C000521B891A0844401E0590EFB132461DA9D0
:1033D00006A8F5F778F910B14FF0010800E0B846FB
:1033E000059818900898002836DDBDF81800ADF84B
:1033F0000000BDF81C00ADF8040002208DF8640048
:10340000BDF91A6024E027E0B8465846E9E700BF56
:10341000ADF80260ADF80660B8F1000F12D1584661
:10342000089A05990EF0BAF9BDF9181032465846B7
:10343000089B08F0D5FF8DF86400012802D1022016
:103440008DF8640015A92A9809F03AFD761C36B269
:10345000BDF91E00B042DBDA0022109817E000BF71
:1034600000EB050EAEF10101002305EBD57608E077
:1034700090F800C091F8008000F8018B01F801C9B4
:103480005B1CB3EB660FF3DB521C704612B2AA4210
:10349000E6DBBDF84C000999ADF80000084401B224
:1034A000BDF84E00119B284400B2ADF80200BDF8F3
:1034B0005220ADF80410521B12B2ADF8062098420B
:1034C00000DB601CADF80200A24200DC2246AAF13B
:1034D0000100ADF806200C90814200DB01462A98DD
:1034E000ADF804106946826806A8F5F754F8A8B349
:1034F0004A464E461DA906A8F5F775F870BBBDF8FB
:103500001C00BDF91810099A401A401C00B208901E
:10351000109802FB0500BDF90020891A08440590A7
:10352000EFB132461DA906A8F5F7CDF810B14FF05E
:10353000010800E0B846059818900898002835DD85
:10354000BDF81800ADF80000BDF81C00ADF804008F
:1035500002208DF86400BDF91A6023E026E0B84629
:103560005846E9E7ADF80260ADF80660B8F1000F23
:1035700012D15846089A05990EF010F9BDF91810A5
:1035800032465846089B08F02BFF8DF8640001284E
:1035900002D102208DF8640015A92A9809F090FC48
:1035A000761C36B2BDF91E00B042DBDABDF84C0025
:1035B0000999ADF800000844BDF84E10099AADF81D
:1035C0000210114400B2ADF8040009B2ADF80610C3
:1035D0000C9A00E05AE1904201DBAAF10100ADF83B
:1035E0000400A14200DB21462A98ADF80610694686
:1035F000826806A8F4F7CFFFC0B34A461DA906A803
:10360000F4F7F1FF90BBBDF81C00BDF91810BDF92F
:103610001A20401A401C00B20890BDF902301098E0
:10362000D21A02FB0500BDF90020891A01EB00083F
:1036300047B14A461DA906A8F5F745F810B1012083
:103640000F9000E00F970898CDF860B0002822DDB9
:10365000BDF81800ADF80000BDF81C00ADF804007E
:1036600002208DF86400BDF91A6010E013E000BF7D
:10367000ADF802600F98ADF80660C8B3CDF8608071
:1036800015A92A9809F01CFC761CA84436B2BDF98D
:103690001E00B042ECDABDF84C00ADF8000009990C
:1036A000BDF85220084401B2501BADF80410401C74
:1036B000ADF8062000B2119AADF80200904200DC8D
:1036C000601CADF802000C98814201DBAAF10101F7
:1036D0002A98ADF804106946826806A8F4F75BFFE3
:1036E000C8B34A461DA906A8F4F77DFFA8B15AE061
:1036F000FFE72A46414658460EF050F8BDF918102B
:1037000032465846089B08F06BFE8DF8640001288D
:10371000B6D102208DF86400B2E7BDF81C00BDF9F7
:103720001810BDF90620401A401C0FFA80FABDF9A6
:103730001E301098D21A02FB0500BDF90020891A2C
:103740000E184FB14A461DA906A8F4F7BCFF18B1E0
:103750004FF0010801E026E0B846CDF860B0BAF1BC
:10376000000F20DDBDF81800ADF80000BDF81C000A
:10377000ADF8040002208DF86400BDF91E400EE093
:10378000ADF80240ADF80640B8F1000F2FD0189602
:1037900015A92A9809F094FB641E2E4424B2BDF9A1
:1037A0001A00A042ECDDBDF84C0069462844ADF893
:1037B0000000BDF85000401BADF80400BDF84E00FD
:1037C000CDF860B02844ADF80200BDF85200401BAF
:1037D000ADF806002A98826806A8F4F7DCFEE8B384
:1037E0004A461DA906A8F4F7FEFEA0B141E02A460C
:1037F000314658460DF0D2FFBDF918105346224607
:10380000584608F0EDFD8DF864000128C0D1022073
:103810008DF86400BCE7BDF91C10BDF918000A1A48
:10382000521C15B2002D24DDADF80410ADF80000D7
:10383000BDF91A4019E000BFADF80240ADF80640EE
:10384000294658460DF0C0FFBDF918102B462246F8
:10385000584608F0C5FD8DF8640000E009E015A9A0
:103860002A9809F02DFB641C24B2BDF91E00A04269
:10387000E2DA2FB920A808F0D5FD269809F006F95C
:1038800010980DF03DFF58460DF03AFF2DB0BDE801
:10389000F08F00002DE9F74FD8B0589846909088E7
:1038A000B2F90030D488C01A401C01B2508801EB34
:1038B000D171201A401C00B24D1000EBD070B5EB56
:1038C000600F00DB45105819ADF8100050882844EF
:1038D000ADF8120026A808F0BEFB4FF4C02426AABB
:1038E0002146589810F016FE9DF8A10040F01000F7
:1038F0008DF8A10029A808F01DFB29AA2146589897
:1039000010F0B8FD06A859990FF0AEF8DE48079000
:103910000320089026A80C904698139424303D90DC
:10392000F5F7A0FCA9E11794A189A088691ABDF850
:103930001020281A0FFA81FB111AADF81C11BDF8DE
:10394000121002440B1AADF820210844ADF81E31C4
:10395000ADF8220147F6FF760123324647A937A882
:1039600008F0E8FFBDF81000BDF81220A0EB0B0135
:10397000ADF82411A2EB0B01ADF82611ABF101015A
:103980000844ADF828015018ADF82A010123324649
:1039900049A940A808F0CEFFBDF81010BDF81220CC
:1039A000481BADF82C01501BADF82E01681E0144D8
:1039B000ADF830111044ADF83201002332464BA966
:1039C00031A808F0B7FF002131A808F067FB1D906F
:1039D000608908B1401E01E04FF6FF708046002765
:1039E00037E100BF608908F101084FF0000A404547
:1039F00002D1D0464FF0010AA069009062880021F0
:103A00003846521E63690DF0E3FD81461690BAF107
:103A1000000F04D0A06820904F90E08903E0206858
:103A200020904F90E08800B250901F904698303020
:103A30001890F5F717FC4EE03079022847D1B168AD
:103A4000494544DCF2684A4541DB338A1F981844F3
:103A500000B21F90738AB08A834203D1708AADF896
:103A6000800034E0B07D4FF00003C0074FF0FF004E
:103A70000090484601D1D4E905120DF0A9FDB18AA4
:103A8000728AADF8002089B20A0242EA1121BDF81B
:103A90000020C0B2130243EA1222001D92B2C308F2
:103AA00042EA0240794A89B241EA0141104011409C
:103AB000091A594300EB5110104040EA104080B2FF
:103AC000010241EA1020ADF8000080B2209031469A
:103AD0001898F5F7C4FB0600AED1E08B07EB870121
:103AE000490048436188BDF91020491E90FBF1F060
:103AF000B4F92010822D01EB810100EB4106BDF8E5
:103B00008000ADF898001F98ADF89A00284601DAB9
:103B1000822100E0014648191044ADF84401BDF887
:103B20001200ADF8460104AB4FF48072314651A843
:103B300012F020FA04A80F9051A8109029A8149709
:103B40000B90BAF1000F60D01D9808F09FFF218AFA
:103B5000BDF81000ABEB01010844ADF86800BDF8FA
:103B60001200ADF86A0004AB4FF4807231461AA817
:103B700012F000FA1EA829A92022ECF752FB1EA879
:103B80000B904B4642A2102153A813F04BF953A8B7
:103B9000119006AA1A2158980AF040FD41F6FF70CC
:103BA000BDF98A10CDE9001000260296BDF98C30CF
:103BB00052A81E9A119915F0BFF9BDF94801BDF838
:103BC000682000EBD071A2EB6102BDF94A11BDF88B
:103BD0006A3001EBD17C1044A3EB6C03ADF86400B8
:103BE0005818ADF86020ADF86230ADF86600009668
:103BF00018AA119B0B99599807F002FF002131A8D0
:103C000008F04CFA1D9040A808E000200B9011909D
:103C100006AA1A2158980AF001FD37A8002108F0D9
:103C20003DFA064604AB51AA26A9599808F006FAAF
:103C3000304608F02BFF06AA162158980AF0EEFC31
:103C4000BDF83C01ADF8980050987F1CADF89A0083
:103C5000BFB26088B8423FF6C5AE37A808F0E2FBB5
:103C600040A808F0DFFB31A808F0DCFB1D9808F045
:103C70000DFF21463D98F5F7F2FA04007FF453AEAC
:103C80005BB0BDE8F08F0000900503081FF8E00767
:103C9000256400002DE9F74FB4B092460546114661
:103CA00002F034FB04468068C0F30E07012F7DD973
:103CB000000404D4208810B96088002876D0606899
:103CC0007F1EC0F30E40474370D0002128460FF0FE
:103CD000EDFF0646002128460FF0C8FE06442846A0
:103CE0000FF002F9B5F88410484340F30F2806A8F6
:103CF00008F020F906AA4FF4C021284610F0BAFBBC
:103D000028460FF00BFAA98A3144081A0FFA80F9F5
:103D10002089BAF1020F4FEA004007D000284BDAA1
:103D20004FF4C021284610F069F846E0002805DA73
:103D30004FF4C02128460FF053FF00E000208346D7
:103D4000688B401C06B235988068B0F90610B14205
:103D50002CDB0699B4F90020B0F90200B1F9081083
:103D6000114406EB0B02114481421FDB28A808F026
:103D700072F928AA4FF4C021284610F0CBFB00208E
:103D8000ADF8A600ADF8A4000FA835990EF06CFEB2
:103D90008E4810900620119002201D904FF4C020F4
:103DA0001C9006A8149028A8159000E00AE1BAF12A
:103DB000020F07D0012006E000208346E88A401E5B
:103DC00006B2D3E70020269095F8880000F007009F
:103DD000022819D1002128460FF032FFB5F88410CF
:103DE000B5F882204843001208EB000191FBF2F184
:103DF00009B2081A00EBD07209EB6201A8EB0000CF
:103E00000FFA81F90FFA80F8ADF886600026D6E047
:103E100060684FF0000AC0F30E40B6FBF0F100FB03
:103E2000116008B94FF0010ABDF9A210A8EB01001A
:103E30007043B0FBF7F101EB0900ADF88400ADF879
:103E40000C00BDF98610269848B1BAF1000F02D0D7
:103E5000B4F9000001E0B4F90200081A08E0BAF170
:103E6000000F02D0B4F9000001E0B4F902000844E8
:103E7000ADF80E0021A8189003A8199095F88800B5
:103E800000F00700032848D06068C0F30E40B6FB7E
:103E9000F0F31F93BAF1000F68D02089000465D5B4
:103EA0004BA2102130A812F0BDFF06A8149030A834
:103EB0001A9010201B900FAA1A2128460AF0AEFB78
:103EC000BDF92A104FF0000A41F6FF728DE8060492
:103ED000BDF92C3025A8069A1A9915F02DF8BDF9D0
:103EE0009410BDF80C0001EBD172A0EB620100EB65
:103EF000620002B209B2BDF80E302698ADF88C10FF
:103F0000ADF89020C0B1A3EB0B00BDF89630ADF832
:103F10009200C01AADF88E0017E026983A4605EBDD
:103F20004001B1F978000090B1F9743000213046B9
:103F30000DF04EFB0346ACE703EB0B00BDF89630EB
:103F4000ADF88E001844ADF89200B5F91400824225
:103F500015DBB5F91800814211DCCDF800A023AAC9
:103F600006A91A9B359807F04BFD08E00020149035
:103F70001A901B900FAA1A2128460AF04FFBBDF990
:103F8000A200BDF9841000EBD07001EB6002B5F91E
:103F900014108A420DDBBDF90C10A1EB6000B5F9DD
:103FA0001810884205DC03AB21AA28A9359808F02F
:103FB00045F80FAA1B2128460AF030FB761CBE42AA
:103FC0007FF626AF37B0BDE8F08F0000C80A0308BF
:103FD000256400002DE9F74FB8B09046044611461D
:103FE00002F094F905468068010404D4298811B9C7
:103FF000698800296FD0C0F30E06012E6BD968685E
:10400000761EC0F30E40464365D05FEA080000D03C
:1040100001201D90002120460FF028FD814600213F
:1040200020460FF0EBFE074620460EF043FFB4F8A3
:104030008610484340F30F202D9020460FF03AF9A8
:10404000024607EB0900E38A4FF4C0271844801AA0
:1040500000B23290B8F1000F394620460DD00FF073
:1040600073FE2190B4F91800B5F900A0B5F90290DB
:104070008346B8F1010F06D00DE00FF017FE219036
:10408000B4F91400F0E7CAF100000FFA80FAC9F1A0
:1040900000000FFA80F919A807F0DDFF19AA3946C8
:1040A000204610F037FA23A807F044FF23AA394628
:1040B000204610F0DFF903A839990EF0D5FC7248BC
:1040C00004900620059019A8CDE91078099023A83E
:1040D00008900027D2E0D4E0BDF966102D98401A70
:1040E0007843B0FBF6F13298B8F1000F0844ADF810
:1040F0005600ADF85E005846ADF854B069D0401C8B
:10410000ADF85400002002906868C0F30E40B7FB81
:10411000F0F100FB1170002874D0BDF85410A1EB31
:10412000090000BFADF85C0015A80C9017A81D99F8
:104130000D9004EB41003246B0F970100091B0F9D7
:104140006C30F01B00210DF043FA034613900298E7
:10415000F0B32889000468D54CA2102133A812F0CE
:1041600061FE23A8089033A80E9010200F9003AA98
:104170001A2120460AF052FABDF99E00002241F6AB
:10418000FF718DE80700BDF9A0302BA8239A0E9986
:1041900014F0D2FEBDF9AE10BDF85E0001EBD17196
:1041A000A0EB610200EB61001D9912B2002900B280
:1041B000BDF85C10ADF87E20ADF8820029D0219BBF
:1041C0000B44ADF87C30BDF8AC300B44219901E0D4
:1041D0002BE015E001EB0301ADF88010B4F91610E7
:1041E00088422BDBB4F91A00824227DC00200090C1
:1041F0001FAA23A90E9B399807F002FC1EE001E0DC
:10420000401E7DE70120BDF854100290A1EB0A008A
:1042100088E7BDF8AC30A1EB030C219BACEB0303AA
:10422000ADF87C30219BC91AD6E7002008900E908B
:104230000F9003AA1A2120460AF0F0F9BDF9660092
:10424000BDF9561000EBD07001EB6002B4F9161006
:104250008A420DDBBDF95E10A1EB6001B4F91A00D2
:10426000814205DC17AB15AA19A9399807F0E6FEBB
:1042700003AA1B2120460AF0D1F97F1CB7427FF622
:104280002BAF3BB0BDE8F08FC80A030825640000DF
:104290002DE9FF5F0C46934680462021DDF838A0CB
:1042A00010F004F8002878D0BAF1030F40461DD072
:1042B0000EF0F9FF81460BF055FD002705463E46FE
:1042C000BAF1030F3946404613D00FF07FFD824606
:1042D000002140460FF06CFC4946B9F1010F5DD05A
:1042E000022963D0B9F1030F66D13BE00EF0D4FF91
:1042F000E0E70FF0C3FC8246002140460FF00CFDC2
:104300004946B9F1010F1ED0022924D0B9F1030F9B
:1043100052D1B8F81820B8F81410521A521C13B21F
:10432000A3EB0A02101A00EBD0720AEB62000844F9
:1043300007B2298BA88A091A491C09B201EBD1716D
:1043400000EB610027E0B8F81410B5F9146001EB38
:104350000A0007B230E0B8F81810B5F91860081A6A
:1043600007B229E0B8F81A20B8F81610521A521CF1
:1043700013B2A3EB0A02101A00EBD0720AEB620030
:10438000084407B2688BE98A401A401C00B200EB6F
:10439000D07001EB600006B20EE02FE0B8F8161006
:1043A000B5F9166001EB0A0007B205E0B8F81A107B
:1043B000B5F91A60081A07B2A01E039900B20029C5
:1043C00010DAB9F1000F15D0BE4221DC12E0002C4A
:1043D00001DDA41C24B2E01704EB9070801004B03F
:1043E000BDE8F09FBBF1000F12DAB9F1000F01D068
:1043F000BE420DDB002CEADA0446E8E70398E0420F
:1044000002D50398404204B2BBEB040000D55C46E1
:104410002046E4E770B504460BF094FC48B1006810
:1044200082680AB1217A9047207E810742D4C00772
:104430007BD1002160680EF095FD002518E0017A1F
:10444000CA0910D0802904D0227A21F0800191423B
:1044500009D14168E160016820468847207E8107D4
:1044600028D4C00761D16D1C294660680EF07AFD22
:1044700018B101680029F6D0E1E7214600200EF0CE
:104480009FFC050053D0002160680EF06BFD0026F4
:1044900019E0016891B1017A0A060FD411B1227AAC
:1044A00091420BD14168E160016820468847207E37
:1044B000810701D5012070BDC00736D1761C314679
:1044C00060680EF04FFD10B1012DE2D02FE0012DFC
:1044D0002DD16068416851B3217E490727D4217AE4
:1044E000232919D0242917D0A9030FF0DFFEF0B13A
:1044F000207A11381C280FD2DFE800F01919191999
:10450000191919191919190E0E190E0E1919191947
:104510000E0E0E0E19190E19606840686060204674
:10452000FFF778FF0546012801D0002070BD28461E
:1045300070BDF0B5DDE9054539B3060AB70702D508
:104540001F462B463D46770702D527462C463D465B
:1045500016F0060F4FEAC6771BD017B11F46234649
:104560003C462270CC43E4B212FB04F4240A2C70C3
:10457000C0B2F40710D011FB00F06FEA1020C0B2F7
:1045800012FB00F0000A1870F0BD2A7022701A7039
:10459000F0BD002FE2D0E4E720B14042C0B210FBF2
:1045A00001F0EAE70802E8E72DE9FF4F8A880B8867
:1045B00089B0D21A521C17B2CA8849880446511AC7
:1045C000DDE916B8491C19980FFA81F9012813D0B2
:1045D000022813D0032843D1434E00BF5FEA0800EE
:1045E0000ED0002006902088ADF8140098F8000046
:1045F000FD2838D35A4639E03C4EEFE73C4EEDE714
:104600002088ADF80000ADF808005A4600990C98D3
:10461000B0470590002020E0002517E0BDF8080015
:1046200034F8151088420BD004EB45005A46008838
:10463000ADF81400ADF8080005990C98B047059046
:1046400004EB4500BDF8141001806D1CBD42E5DB94
:104650000B9804EB400408F1010080464845DBDB81
:104660000DB0BDE8F08F00FB0BF0020A05990C9825
:10467000B0470890002033E0002528E018F8050036
:1046800020B30699884205D1BDF8141034F81520DE
:10469000914216D0FD2801D35A4602E000FB0BF0F0
:1046A000020A04EB45000088ADF8180006990C9842
:1046B000B047089018F80500069034F81500ADF8DA
:1046C000140004EB4500BDF8201001806D1CBD42B4
:1046D000D4DB0B98189904EB400488440AF10100DC
:1046E00082464845C8DBBBE7D3CF00084BCF000864
:1046F00057D000082DE9FF4F044688880A8883B008
:10470000801A401C05B2C8884988DDE910A6401A05
:10471000401C0FFA80F976B1BDF81800BAF1FD0F10
:1047200000EB004000907CD3A5F104084FF0000B93
:10473000BDF818A049E1BAF1FD0F0FD3002608E03B
:104740002A462046069906F08DF80598761C04EB5B
:1047500040044E45F4DB07B0BDE8F08FBDF8001013
:10476000002060F3020189B260F3C70189B260F3EF
:104770000C2189B260F34F31ADF8001088B200907F
:10478000BDF80000009001465246069806F0BEF9BA
:1047900001900AF104000699C008C00689B2000E13
:1047A000C1F3C40212FB00F262F30F064A07920E35
:1047B00002EB513212FB00F262F31F46C1F30421F7
:1047C00011FB00F161F30F07BA46C0F1FF020023AD
:1047D0005AE0002052E000BFBDF8007034F810101D
:1047E0008F4245D004EB40010988ADF80810BDF8B0
:1047F0000870ADF80010B1B2C7F3C40C1CFB021175
:1048000001EBC11C0CEBC131C1F3C45CBDF8041059
:104810006CF3C7014FEA477C4FEA9C6C0CEB573CAA
:1048200000E0D9E04FEA16481CFB028C0CEBCC18D8
:1048300008EBCC384FEA986868F302010CEBCC180F
:1048400008EBCC3CCCF3C25C6CF34F311FFA8AFC12
:10485000C7F3042717FB02C707EBC71C0CEBC737CE
:10486000C7F3C45767F30C21ADF8041089B2019166
:1048700004EB4007BDF804103980401CA842ABDBB4
:1048800005985B1C04EB40044B45A2DB63E7002763
:1048900010E03278FF2A12D02088ADF80400019988
:1048A000069806F033F90190BDF804002080A41C9E
:1048B000761C7F1CAF425DDAB007EAD15AE0A4F85B
:1048C00000A0F4E73068411C43D0E8B33278FF2AF7
:1048D00053D02088ADF804000199069806F016F927
:1048E0000190BDF80400208016F8012FA41CFF2AB7
:1048F00046D02088ADF804000199069806F006F924
:104900000190BDF80400208016F8012FA41CFF2A96
:1049100039D02088ADF804000199069806F0F6F821
:104920000190BDF80400208016F8012FA41CFF2A76
:104930002CD02088ADF804000199069806F0E6F81E
:104940000190BDF8040000E011E02080A41C761C5A
:104950000FE0A00707D0A4F800A0022000990151A1
:10496000A4F806A003E00098206000986060083476
:10497000361D3F1D4745A5DD1CE0A4F800A0B3E7A8
:10498000A4F800A0C0E7A4F800A0CDE7A4F800A018
:10499000DCE73278FF2A1CD02088ADF804000199AA
:1049A000069806F0B3F80190BDF804002080A41C1E
:1049B000761C7F1CAF42ECDB05980BF1010B401B12
:1049C00004EB40041298401B0644CB45FFF65FAF52
:1049D000C1E6A4F800A0EAE700222188ADF80010A3
:1049E0009346104633E0002727E0307818B3904212
:1049F00005D0FF282FD000FB0AF31B0A9B469042EC
:104A000003D134F81700814210D0BBF1FF0F24D03E
:104A100004EB47005A460088ADF80000009906985C
:104A200006F074F80090327834F8171004EB470061
:104A3000BDF800300380761C7F1CAF42D5DB0598A3
:104A400004EB40041298401B064408F10100804624
:104A50004845C8DB7FE65346D0E70698E2E700000A
:104A60002DE9FF4F83B00C46DDF84480F4F7A6FE35
:104A7000BDF818A08146B8F1000F0CD0A08821889D
:104A8000401A401C07B2E0886188401A401C0FFAA7
:104A900080FB002641E0B4F9026017E0B4F9005051
:104AA0000FFA86F80DE010980290ADF804A0CDF84A
:104AB0000080D9F800002BB2059AC7690399B8475E
:104AC0006D1CB4F90400A842EDDA761CB4F90600B6
:104AD000B042E3DA07B0BDE8F08F002518E000BF70
:104AE00018F8050098B11099ADF804A04843000AE1
:104AF000029060880399304400B200902088059AA3
:104B0000284403B2D9F80000D0F81CC0E0476D1C5F
:104B1000BD42E5DB1298761C80445E45DDDBD9E7BB
:104B200000680968884201D1012070470020704761
:104B300040680A6820F04040904200D2086000209F
:104B400070472DE9F04F4FF0000991B00446CB4675
:104B50000BF0F8F80068CA46007E0290D4F8248072
:104B6000CDF81CA0208BA18A08442083608BE18AA9
:104B700008446083DDE000274FF4807546460A97BD
:104B80000FE0002130460FF047FA384407B2002109
:104B900030460FF05FFA45432D1230460EF038FADA
:104BA0000646002EEDD1A069019017B9B5F5807FBA
:104BB00009D0784201B24FF4803090FBF5F20AAB95
:104BC00001A811F0D7F9BDF90410002900DC494211
:104BD000BDF90600002800DC404281424FF0010090
:104BE00001DD824600E00790102140460FF05EFB99
:104BF00000287ED0079D57462E464046CDF800A09F
:104C00000EF064FAC10700D10027810701D400210A
:104C10000091410700D40025000700D4002640463B
:104C20000EF048FB0F9040460EF0FEF90E90404605
:104C30000EF074FA0D9040460EF0D0FA0F9900294C
:104C400002DC0E9900290FDD25B1BDF9062002997D
:104C50008A4206DA46B10299BDF9062049428A42E3
:104C600002DCC1464FF00C0B0D99002901DC002835
:104C700010DD27B1BDF9042002998A4207DA0099B4
:104C800041B10299BDF9042049428A4202DCC14681
:104C90004FF0030B0F99002900DC00250E99002925
:104CA00000DC00260D99002900DC0027002801DC2B
:104CB0000020009027B1BDF904100298814214DA57
:104CC000009828B10298BDF90410404281420CDDE1
:104CD00025B1BDF906100298814206DA4EB102985C
:104CE000BDF90610404281420EDCBAF1000F03D03C
:104CF00000E009E0032100E00C2194F8400061F39A
:104D0000030084F8400018E04FF4807140460FF033
:104D1000CDFA3AEA000010D14FF4007140460FF08E
:104D2000C5FA01460798884307D140460EF070F94E
:104D30008046B8F1000F7FF41EAFB9F1000F0AD022
:104D400094F8401000206BF3030184F84010C4F87D
:104D50002C902083608311B04846BDE8F08F00009E
:104D60002DE9FF4F83B08B4682460EF095FA060080
:104D700012D041F6FF784446002150460EF07EFFE7
:104D80000090002150460EF0C7FF019050460EF0F3
:104D90003FF8074600255FE0002007B0BDE8F08F30
:104DA000DAF808003149006850F8250081460FF014
:104DB00084FAE8BB4FF4805148460FF077FAB8B355
:104DC000012E04D0022E08D0032E44D11AE0B9F9E6
:104DD0001400BAF81420009932E0BAF818200199AA
:104DE000B9F91800511A069A09B2104400B2584590
:104DF00031DB059A90422EDC401A00B2002821DDFA
:104E0000014620E0B9F81820B9F81410BAF81830A3
:104E1000501A401C00B200EBD070BAF8142001EB1D
:104E20006000991A491C0BB2009900B25B1A00E0AD
:104E300011E00199591A01EBD173009901EB63015B
:104E40001144D0E74142002C01DD224600E06242DD
:104E5000914200DA04466D1CBD42A1D3444501D104
:104E6000002000E0604200B297E70000010004006B
:104E70002DE9FF4F83B08B4682460EF014FA0600F0
:104E800012D041F6FF784446002150460EF09EFFB6
:104E90000090002150460EF08BFE019050460DF020
:104EA000B7FF074600255FE0002007B0BDE8F08FA0
:104EB000DAF808003149006850F8250081460FF003
:104EC000FCF9E8BB4FF4805148460FF0EFF9B8B356
:104ED000012E04D0022E08D0032E44D11AE0B9F9D5
:104EE0001600BAF81620009932E0BAF81A20019993
:104EF000B9F91A00511A069A09B2104400B258457D
:104F000031DB059A90422EDC401A00B2002821DDE8
:104F1000014620E0B9F81A20B9F81610BAF81A308C
:104F2000501A401C00B200EBD070BAF8162001EB0A
:104F30006000991A491C0BB2009900B25B1A00E09C
:104F400011E00199591A01EBD173009901EB63014A
:104F50001144D0E74142002C01DD224600E06242CC
:104F6000914200DA04466D1CBD42A1D3444501D1F3
:104F7000002000E0604200B297E70000010004005A
:104F80002DE9FF4F83B00E46DDE910B4174600212E
:104F900003980FF077F80546002103980EF0A2FD64
:104FA0000146F07882070BD5C30742F2D17202D0D6
:104FB000954202D006E0914206D120F00200F07046
:104FC000C00701D07A4800E07A488146F078C007EF
:104FD00012D078484FF0000AA4F802A0A4F804A068
:104FE000C4F810A0A4F800A0C4F808A0C4F80CA04D
:104FF000804639460197A7E06D48EBE70198B84233
:1050000006D04FF4000128460FF050F900286FD168
:10501000694928460FF051F900286AD10021284635
:105020000EF044FD0290E8B32169491C2161A28879
:1050300002EB0B00A080207DC0076BD001EB81004C
:1050400080000CF011FB0090D8B1E16849B12269F1
:10505000521E02EB82029200EBF7E3F8E0680CF0DC
:105060004FFB206900EB8001009800EB81004FF0BE
:10507000000140F8145CF078C007284602D00222F4
:1050800001E0FEE705220EF0F5FE216900B201EB1A
:105090008102009901EB820121F8100CF078C00721
:1050A000284600E026E04FF0000101D0032200E096
:1050B00006220EF0DFFE216900B201EB81020099A9
:1050C00001EB820121F80E0C2169029801EB8102AB
:1050D000009901EB820141F8080C206900EB800285
:1050E000009800EB820040F804AC0098E06011E00A
:1050F00030E01EE0284649468847F178890705D503
:10510000B4F904100A1806998A4223DCA28858448C
:105110001044A0802846414688470146B4F9000063
:10512000814202DD2846414688472080A068401C15
:10513000A060F078400702D54FF0FF3000E001207A
:1051400001994118019105D403980DF04FFE051EF9
:105150007FF454AFB4F90400002802DDA0EB0B008B
:10516000A080206908B1069801E0B4F904006080CD
:10517000CDB10198B84216D1039901AA896809688E
:1051800051F82050F078C0F38001039800F08EFEB3
:105190004DB12846414688472080284649468847E1
:1051A00060800120A060019807B0BDE8F08F00008A
:1051B0001B4202088F2F02080100060010B50346AB
:1051C000002004E051F820409C4203D0401C904253
:1051D000F8DB002010BD00002DE9F04FB14D93B079
:1051E000044600216A880EF045FE9DF81710421C07
:1051F00062F30001820862F34101C00860F382019A
:105200008DF8171020460021AA880EF033FE8DF885
:10521000140020460021EA880EF02CFE8DF81500BF
:10522000204600212A890EF025FE8DF81600002167
:1052300020460EF0DCFB012800D0002081469DF8BE
:1052400017004FF00001C00720460CD00EF0B2FD51
:1052500082469DF817004FF00001C007204605D098
:105260000EF0FAFC04E00EF0F7FCF1E70EF0A2FD00
:1052700007909DF81700C007204602D00DF034FEBD
:1052800001E00DF017FE06902046002132220EF0BC
:10529000F1FD05462046002110220EF0EBFDE18ACB
:1052A0002844461820460EF013F8301AADF82000B6
:1052B0002046002112220EF0DDFDA18A2844451867
:1052C00020460DF0FEFF281AADF840009DF81700AB
:1052D0009DF81660C00701D008AD00E010AD0021B8
:1052E00020460EF0CFFE1190002120460EF0FAFB72
:1052F00083469DF81700C10708D0ABF51C52D13A80
:1053000002D1618C490509D5C10708D1119AA2F5CE
:105310001C51D13903D1618C090500D40026B9F1A3
:10532000000F08D0C00706D116B1012E02D002E04E
:10533000012600E000260027ADF83C70B8468EB389
:105340009DF81700400703D5A0684268521E15E07B
:10535000002213E000200E9009A90798CDE9000172
:1053600005A92046069BFFF70BFE0246BDF8241058
:1053700007EB0A00084407B208F10108A06840687A
:10538000904201DD002AE5DAB8F1000F02D0A7EB68
:105390000A0007B29DF81700C007204603D00DF0A1
:1053A00089FD02E00BE00DF09FFD0FA9CDE9005152
:1053B00001460FFA88F33A46304614F0A4FF9DF8F0
:1053C0001700410703D5A1684E68761E00E000264D
:1053D000B9F1000F04D0C00702D1288838442880D2
:1053E00009AFA0684068B04249DD002E47DB0120CC
:1053F0000E900798CDE90007324605A92046069B86
:10540000FFF7BEFD8046B9F1000F08D09DF81700E8
:10541000C00704D12888BDF82410401A2880DDE98F
:105420000601BDF9202002AB019283E88300BDF99B
:10543000400000904346324605A92046F7F722FA7D
:1054400046460C980CF05CF900200C90B9F1000F66
:1054500003D09DF81700C0070AD02888BDF8241093
:10546000BDF83C20014402EB0A0008442880B8E75C
:10547000BDF83C20298802EB0A00081AF6E71199CA
:1054800042F2D170814201D0834502D120460FF013
:105490003FFD00222B21204609F0C0F813B0BDE8E3
:1054A000F08F0000820F00202DE9F74F0546007FA6
:1054B00093464FF0000AC00760D14FF00108EC6836
:1054C0000026C1467CB9287FC0F3C000401E304290
:1054D00054D1B9F1000F51D00199284688474FF0B7
:1054E00000080446C1460EB9261E47D0B8F1000F89
:1054F00006D0214628465A4690470446B0423DD041
:105500004FF00108002CDED020680EF033FA0006C0
:10551000D8D427681FE0012138460EF0C7FEB0B18D
:105520002FB1012138460EF0C1FE0028CAD1E8682B
:10553000A04223D0B0B1284600F0E2FA0246E86863
:105540000F21006809F06AF8012817D106E03846F3
:105550000DF05EFD0746002FDDD1E8E7E868006842
:105560000FF093F92846EC6000F0CAFA0246E868AA
:105570000E21006809F052F8012802D05046BDE81B
:10558000FE8FE86800680FF080F9296909B12846A4
:1055900088470120F3E770B5426B818C12F0060F4B
:1055A00006D0C2F34102022A04D0012A05D022E02B
:1055B000008D00E0C08C08441CE0B0F92C50468DF2
:1055C000AAB2B24202D202F5B47215B2B0F92830D2
:1055D000C48C9AB2A24202D202F5B47003B270191E
:1055E00000EBD0704010844201DA601802E0834280
:1055F00003DD501881B208B270BD0844FAE700001C
:105600002DE9F34F8FB0054669460DF087FC28461B
:105610000EF003FE0B9028460DF0B9FC0A90002115
:1056200028460EF055FB0790002128460EF09EFB01
:105630000746002128460EF0F3FB044600212846C9
:105640000EF0E0FA8346002128460EF0B9FB06462C
:10565000002128460EF006FB06F0010106EBD6728B
:1056600001EB620100F0010200EBD07002EB600080
:10567000491C401C09B200B20D2900DB0D218A46ED
:105680000D2800DB0D2081460D2F00DB0D27B846CD
:105690000D2C00DB0D2426465846BBF10D0F01DA18
:1056A000074600E00D2700246BE0A86A00EBC40168
:1056B00008A803F028FCBDF920000799884213DCF4
:1056C000BDF900200D2900DB0D21511A00EB01006E
:1056D000ADF82000BDF92200B04233DCBDF9021064
:1056E0000D2E07DA324606E0BDF80020A2EB0901D4
:1056F0000844EDE70D22891A00EB01000B99ADF883
:105700002200BDF92400A1EB0801891E424688420F
:105710001EDBBDF90010B8F10D0F0144104600DB8F
:105720000D2008440A99ADF82400BDF92600C91BD4
:10573000891E88421DDBBDF902100D2F08440DDAC9
:1057400039460CE0BDF80220A2EB0A010844D5E777
:10575000BDF80010014401EB0900E3E70D21084406
:10576000ADF82600002208A81099F2F7FCFF58B9FE
:1057700005E0BDF80210014401EB0A00F0E7641CEB
:10578000A4B2288EA04290D8288EA04201D14FF614
:10579000FF7411B02046BDE8F08F10F00F0000D16B
:1057A00001207047B0F90C00032101EB400020F00C
:1057B0000300103070472DE9F0474FF00008054610
:1057C0001C4616460F46A3F80080404606E0296BAB
:1057D000228831F81010401C11442180B042F6D3C9
:1057E000002128460EF00FF90128284615D00DF0AB
:1057F00068FD2188081A2080002128460EF080FAD2
:10580000218808442080296B31F816100844401E76
:10581000A080A4F8028000201FE00DF052FD218836
:105820000844208028460EF0F8FC814600212846D6
:105830000EF0B4FA22880146A9EB0200401AA080BB
:10584000296B31F81610401A2080E2E7E96A628875
:1058500031F81010401C11446180B842F6D3002189
:1058600028460EF0FBFA61880844608028460DF057
:105870002FFD6188081A6080E96A31F81710084422
:10588000401EE080BDE8F0872DE9F05F8946934631
:10589000824600210EF010FA0546002150460EF017
:1058A00059FA8046002150460EF0AEFA0446002117
:1058B00050460EF09BF9064650460EF0AEFC411BDA
:1058C000A1EB080750460DF062FB001B801B8742CE
:1058D000504605DA0EF0A1FC411BA1EB080003E0E5
:1058E0000DF055FB001B801B00EBD07040F34F0008
:1058F000BAF8141042191144A9F80010BAF8161099
:1059000002191144A9F80210BBF1000F01D0ABF845
:105910000000BDE8F09F0000024A002152880EF00E
:10592000A9BA00006C0F0020034A10B5002152896B
:105930000EF0A0FAC0B210BD6C0F0020034A10B5E3
:10594000002192890EF096FAC0B210BD6C0F0020B3
:10595000032901D2012300E00023C01A03EB430313
:1059600001EB8301891EC1EB41110C23B1FBF3F163
:1059700011446422B0FBF2F2014401EB9001891A58
:105980004FF4C872B0FBF2F008440721B0FBF1F20B
:1059900001FB1200C0B270472DE9FC470F0023D075
:1059A0000569686928B10168B94202D14068BDE85B
:1059B000FC87698A00224FF0040CC1F308040CE054
:1059C000AE6802EB820356F823100CEB8303F35A04
:1059D000791A8B420AD2521C92B29442F0D818B172
:1059E00007606969002048600020E0E702EB82045C
:1059F0001222A86802EB84020026825C4FF006099E
:105A0000022A0CD04FF00C0A6AB1DFF8A8C00823B4
:105A10004FF01008032A0FD0012A26D043E009EBEB
:105A20008402805A06E00AEB840209EB8403825860
:105A3000C05A515C461836E0ADF8041008EB8401FA
:105A4000CDF800C003EB8408425A50F80810022336
:105A500001A8F4F711F830B3A96851F80820801AAA
:105A600009EB84024010895A1CE0ADF8041008EBE1
:105A70008401CDF800C003EB8408425A50F80810A6
:105A8000022301A8F3F7F8FF68B1A96809EB8403C2
:105A900051F80820801A0AEB840240108A58C95A2B
:105AA00032F810000E18686910B107606869466026
:105AB00030467CE7C1E602082DE9F0410D46044678
:105AC00000F01EF9071E19D0F88A00212D1A384659
:105AD0000EF05DFA0689002138460EF07FFA00EBE1
:105AE000D07105EB6101304409B200B291FBF0F0D6
:105AF000A18E80B2814201D8491E88B2BDE8F081F2
:105B00002DE9F041002607463546304610E000BF3B
:105B10000AF059F9616DB94209D1022802D004286E
:105B200003D003E02046BDE8F08126462546204606
:105B30000AF00EF90400EBD10EB13046F3E70DB1D7
:105B40002846F0E7BDE8F04100200AF001B9000066
:105B50007CB50369006900255B8AC4689E04A3685C
:105B60002BD4980F17D00120B0EB937F31D101EBEC
:105B700002402668019018480090A068042320F095
:105B80004042314601A8F3F777FF10B3801B801025
:105B900061680D561DE001EB02202668ADF8040097
:105BA0000E4823F0404200900223314601A8F3F74B
:105BB00063FF70B1801B4010EAE76068405C995C4D
:105BC00038B131B1637B2268401E10FB0320491EAF
:105BD000455628467CBD0000797C01088D7C010873
:105BE0002DE9F84F0C460646002120460DF0DBFE5D
:105BF00000EBD07045084FF44037394620460EF090
:105C00004FF88246394620460EF098F80090394603
:105C100020460EF0EDF88346394620460DF0DAFFB7
:105C20000146A08A228D0244531BA3EB0A0060F3B5
:105C30000F08E08A638D034400985C1B201A60F310
:105C40001F4805EB0B00104460F30F096818184457
:105C500060F31F49C6F80080C6F80490BDE8F88FCD
:105C60002DE9FF4F81B00E461D4617464FF4003117
:105C700001980DF09EFE00EBD07044103F1B019880
:105C8000FFF789FC81465A3000B213F091F810FBFF
:105C900007F04FEAE038484613F08AF810FB07F0A7
:105CA000C7134FF44039494601980EF005F8834672
:105CB000494601980EF04EF80090494601980EF0C2
:105CC000A3F88246494601980DF090FF328820449F
:105CD0004244A2EB0B01091B2980328800994244FF
:105CE00021441144A9807188CA19A2EB0A01091B39
:105CF0006980718839440844E88005B0BDE8F08FB8
:105D0000406A002802D000210DF070B870470021D1
:105D10000DF06CB82DE9F04105460F46698C002066
:105D20000426C1F30513EA680FE000BF06EBC004C8
:105D300014595FEAC41C07D524F07F44BC4203D148
:105D400052F83000BDE8F081401C8342EED84FF09D
:105D5000806000EBB1204FEAB0506884C0F30510BA
:105D6000C10010460BF002FDE860C0B3688CC0F3C0
:105D70000514641E16D06FF003014B00E86801EBB8
:105D8000C40282585FEAC21C0CD492010AD403EB0D
:105D9000C40C00EBC4028444641EDCE9000CC2E9BC
:105DA000000CEBD1E868082100EBC400EAF761FAC7
:105DB00008200BF02BFCE96841F8340011F0DDFA03
:105DC000EA6806EBC400115841F080711150EA688E
:105DD00067F317011150E86850F83400B2E7FFE7A5
:105DE000FEE700002DE9FC410068C068C068B0FB18
:105DF000F1F4944200DD1446154F7868006880691C
:105E000020B30020ADF80000ADF80400ADF80200AA
:105E100025B2681E06B2ADF806607868694600686B
:105E200082699047BDF80600BDF80210401A401C78
:105E300000B2A04202DD351EEBDC01E0002D02DCE9
:105E40000020BDE8FC81BDF90640641C2046F8E74F
:105E500028C00120491E01D5401E0C310C2901DB50
:105E6000401C0C3901290DD0072091FBF0F200FBFA
:105E7000121000EBD07121F00101401AC0F11F0097
:105E8000C0B2704781070CD16421B0FBF1F201FB75
:105E9000120149B94FF4C871B0FBF1F201FB1200D5
:105EA00010B100201C30EBE70120FBE7136821B1A3
:105EB0005B1E13600BD4806805E05B1C1360806878
:105EC00041688B4203DA006850F8230070470020D5
:105ED00070472DE9F84315460E46044609F032FF97
:105EE00009F071FF01280AD0032808D04FF6FF708F
:105EF00005B1288006B130800020BDE8F88309F0A4
:105F000021FF694609F034FF4FF0000875B32046C1
:105F10000DF0D7F9BDF80010084407B20021204663
:105F20000DF071FD01280CD0A08A00213F1A2046F7
:105F30000DF0E6FE381A02B24046A5F800800021B6
:105F400010E0002120460DF029FF218B081AC01B0C
:105F5000F1E7236B33F81030194409B28A4205DBAC
:105F6000401C2880A38C80B29842F2D3FEB1204618
:105F70000DF0AEF9BDF802100844E18A451A00217F
:105F800020460DF06BFF281A02B24046A6F80080AA
:105F9000002108E0E36A33F81030194409B28A425C
:105FA00005DB401C3080E38C80B29842F2D30120A4
:105FB000A3E72DE9FF4F83B005461F460598F3F789
:105FC0000FFC014601208840B5F8209000F0FF0842
:105FD0006FEA090080B2019095F822004FF0FF3679
:105FE000C0F3C00A00244FF0040B1FE0E96801EB86
:105FF000C4004268920140D5BAF1000F15D10BEBF5
:10600000C4028958049AC1F30741090491420CD192
:106010000068817911EA080F07D06A46059911F0E6
:1060200007F9012830D0022831D0641C688CC0F3F5
:106030000510A042DAD820E0E96851F834008279EE
:1060400012EA080F18D00BEBC4028A58C2F30741BA
:106050001FFA82FA049A090491420DD1019A1AEAB0
:10606000020F09D1B24507DD6A46059911F0E0F843
:1060700001280FD002280AD0641C688CC0F30510D8
:10608000A042D9D8002E0EDB00983860012007B05E
:10609000BDE8F08F5046CA45F6D05645ECDA0646C4
:1060A00000983860E8E70020F1E72DE9F0478146E5
:1060B00042F30006C0F15A001D460F46540800B2D4
:1060C000761C12F075FEA7EB040800FB08F0C71160
:1060D000484612F06DFE00FB08F0C011002F06DDEF
:1060E0007F3F39120A1B32442A80214405E07F3762
:1060F00039120A1B21442A80891BA980002806DD49
:106100007F380012011B31446980204405E07F3054
:106110000012011B20446980801BE880BDE8F087E5
:10612000024A0021D2880DF0A5BE00006C0F0020AD
:106130002DE9FF4F85B007460798DDE91532008944
:106140001A4410440FFA80FA0492B88C484384B27F
:10615000A14600255CE0BA6A52F82410A1B33B6B5B
:1061600000264FF0020E33F915B0401E18E000BFB4
:1061700004EB060C52F82CC0BCF1000F14D09CF8B4
:1061800000C05FEACC7C0FD005EB06080EEB480C94
:1061900033F80C80761C08EB0B0C0FFA8CFBB6B2B4
:1061A00006EB050C8445E3DB087880070DD50798DE
:1061B0001599B0F908000144169808445146504515
:1061C00000DC08460FFA80FA1EE0DDE91302024403
:1061D000ABEB020000B2129ACDE90020002302933B
:1061E000DDE9072303A8083112F0A6FEBDF90E1061
:1061F000049808445146504500DC08460FFA80FADE
:10620000A01984B2A81985B2641C6D1CA4B2ADB2E9
:10621000B88C00EB0901A1429DD809B05046BDE8F9
:10622000F08F0000034A10B50021128A0DF022FE03
:10623000C0B210BD6C0F0020034A10B50021528A75
:106240000DF018FEC0B210BD6C0F00202DE9FC410E
:106250000C46064600210DF0A0FE05464FF48021B5
:1062600030460DF09AFEB5F90870B0F908500021DB
:1062700030460DF0BFFEE91901EBD17100EB610072
:1062800005B230460CF083FEF18A00EBD07001EBD2
:10629000600005EBD571A0EB610060802844E080D0
:1062A000694630460CF03AFEBDF800002080BDF88B
:1062B0000400A080BDE8FC812DE9FF410646FFF700
:1062C00026FD040020D04FF48027394630460DF0DB
:1062D00064FE05463046582239460DF0CBFD06B225
:1062E00020460AF0F8FA0146002041F6FF72CDE997
:1062F0000002029033462A4603A812F01DFEBDF9A3
:106300000C0004B0BDE8F0810020FAE739B10129A2
:1063100009D0022905D0042907D0002070473C305D
:106320007047483070475430704760307047000005
:106330002DE9F04104460D46638C00200427C3F389
:106340000511E2680BE000BF07EBC00696595FEA53
:10635000861C03D526F07F46AE4202D0401C814207
:10636000F2D8814203D002EBC000BDE8F0814FF0CB
:10637000806000EBB3204FEAB0506084C0F305109A
:10638000C10010460BF0F2F9E060608CC0F305101C
:10639000401E0DD06FF00702E16802EBC00601EB72
:1063A000C0030E44401ED6E90016C3E90016F3D11F
:1063B0000821E068E9F75DFF08200BF027F9E168A4
:1063C000086010F0DAFFE168486840F0007048604B
:1063D000E16865F317004860E068C6E738B50C4827
:1063E0000D46144690F820004FF00201C0074FF010
:1063F000120002D00FF074FD01E00FF089FD22467B
:10640000294604F0F5FB0090BDF8000038BD0000FF
:10641000E0C300202DE9F0474FF0000CDDE90964EE
:10642000089DDDF82CA0E1466F1E09BB052A03D0AC
:10643000062A01D0042A02D10023012D01D0002117
:1064400009E001225FF000019C4436F81180491CEC
:10645000C4440FFA8CFCA942F6D3ACEB030109B299
:10646000072A2AD2DFE802F004070B2921160D00C3
:10647000A4F8009021E0411A01EBD17112E0411A19
:1064800011E0411A09B23AB291FBF2F1A4F800907E
:106490000BB212E0411A09B22AB291FBF2F10BB22F
:1064A00003EBD3714910218007E0411A0AB2691C3D
:1064B00009B292FBF1F10BB2238000210BE000BF87
:1064C00034F8112036F811C0624404EB410C1A4430
:1064D000ACF80220491CB942F2D304EB450106EBAB
:1064E000450231F8021C32F8022C11442288891A24
:1064F0000AB2BAF1000F0CD0002108E034F81130D4
:1065000036F81170C31ADB1B24F81130491CA9425C
:10651000F4D31046BDE8F08770B58AB00446FFF7A3
:10652000FBF905462046FFF7FBFD002D5CD0002857
:106530005AD069462046F4F76FFE07A80C21E9F708
:1065400098FE2046002132220DF094FC054620469C
:10655000002112220DF08EFC461920460021102247
:106560000DF088FC054420460CF0ABFEA18A3144B6
:10657000081AADF8240020460CF0AAFEE18A29444E
:10658000081AADF82600002507E0006807AA69464A
:1065900050F8250001F0E0F86D1CA0684168A942A0
:1065A000F3D800980BF0ACF801980BF0A9F802981A
:1065B0000BF0A6F803980BF0A3F8002120460DF08D
:1065C0005BFD0546002120460DF086FA42F2D171AE
:1065D0008D4201D0884202D120460EF099FC002263
:1065E0002B21204608F01AF80AB070BD0021A0F156
:1065F0003002092A01D8D1B216E0612801D320382F
:10660000C0B2413806280FD2DFE800F003050709C1
:106610000B0D0A2108E00B2106E00C2104E00D21FE
:1066200002E00E2100E00F21084670472DE9F047F7
:106630000446406A4FF4404102F0FEFE94F92E10E9
:10664000A08D0122FFF784F90546206B18B30026C0
:106650004FF002084FF00309AF1D4FF4004A17E056
:10666000206BA28D30F8261091420FD108EB8601E5
:10667000415694F92E20914208D109EB86014056EB
:106680005246384481B2606A03F0DEF9761CB6B235
:10669000A08EB042E4D8A08D218D884211D194F90A
:1066A0002E1094F92A0081420BD194F92B00AD1DD4
:1066B000284481B2606ABDE8F0474FF4804203F09D
:1066C000C3B9BDE8F0872DE9F0410446806D0D4661
:1066D00000282BD0A968022230F9217002EB810139
:1066E000465EA87B01280AD1B4F91000B84203D154
:1066F000B4F91200B04202D0201D00F0BFFC201DF2
:1067000000F06CFD002811D127816681A87B01284B
:1067100004F104000CD000F0B1FC201D00F05EFD7F
:10672000002803D12089208260896082BDE8F08141
:1067300000F0B2FBF1E7000070B5254C05460421DE
:1067400060680DF0B3FD002828D0296B6068814295
:1067500024D00CF017FC0646286B08B10CF012FC94
:1067600086421CD11EB1606808F082FB0FE0286BE6
:1067700040B10F21A26807F051FF284600F02EFD1E
:1067800000280BD1D4E901020E2107F047FF28466B
:1067900000F024FD002801D16068286370BD78B145
:1067A0002B6B53B1A26888B11021184607F036FF51
:1067B000284600F013FD0028F0D1002EE2D0D2E7E9
:1067C000286B0028F9D00F21A268EFE70F21ECE732
:1067D00010C001202DE9F0470D460446897B407921
:1067E0004FF0000801292AD0010708D520F0080140
:1067F00021F00101C4F84880617184F80880277A8B
:10680000A87B20726868E060D4F854905FEA0900C1
:106810007ED008F097FBBF4E0028706078D0A87B30
:1068200008B1A5F80C80484608F08CFB7060002881
:106830006ED0A97B012905D000296AD00EE100079E
:1068400066D4DCE717B1012F36D007E112F052F819
:10685000A06469680A2906D0142917D0132918D012
:106860001B291AD024E070680EF04CF820B91021D2
:1068700070680DF01BFD08B1012700E000274846B5
:1068800008F05AFB8743D9D101216AE0A889401E4C
:1068900001E0A889401CA881E0E01B21484608F0DF
:1068A000BBFB201D00F09AFC002831D1202158E0CC
:1068B000484608F0B1FB58E06079C0073ED1A06CB3
:1068C00012F012F82168898B8842607934D940F03F
:1068D0000100607112F00EF8E06468680A281CD1AB
:1068E00070680EF00FF820B9102170680DF0DEFC12
:1068F000B8B1484608F02DFB01280ED9484608F0EB
:106900001BFB80F00101484608F097FB202101E0C5
:1069100090E030E070680BF089FE607940F0010093
:106920009BE0D6E90102052107F078FE201D00F06A
:1069300055FC00287ED1F0E7C0071BD0E06C11F0B9
:10694000D3FF2168C98B884214D911F0D3FFE064CA
:1069500069680A2904D0142998D01329A8D198E786
:106960000621D6E9010207F059FE201D00F036FC91
:1069700000285FD172E0012F70D169680A2967D1C0
:106980000DF0C0FF20B9102170680DF08FFCA8B386
:10699000484608F0D1FA002860794FEAC07052D01A
:1069A00020B1484608F0D5FA012847D8D6E90102B7
:1069B000082107F033FE201D00F010FC00286FD1E5
:1069C000D6E90102042107F029FE201D00F006FC93
:1069D000002865D1D6E90102072107F01FFE201D1E
:1069E00000F0FCFB00285BD10A21484608F014FBAC
:1069F000201D00F0F3FB002852D129E0FFE7D6E983
:106A00000102082107F00AFE201D00F0E7FB002824
:106A100046D16079C00704D1D6E90102042107F00C
:106A2000FDFD201D00F0DAFB002839D1D6E9010276
:106A3000072100E034E007F0F1FDD9E7202170687C
:106A40000BF0F4FD04E018B90121484608F0F5FA0E
:106A5000C4F84880607920F001006071C6F80480B5
:106A6000A88900281CD0484608F066FA0028B5F925
:106A70000C0029D0002815DA4FF000060BE000BF0B
:106A80004FF01401484608F0C7FA201D00F0A6FB9D
:106A9000002805D1761CB5F90C004042B042EFDC6D
:106AA000BDE8F087FCDD002609E01321484608F028
:106AB000B3FA201D00F092FB0028F1D1761CB5F945
:106AC0000C00B042F1DCEBE7002811DA4FF00006D1
:106AD00008E0484608F014FA201D00F07FFB00286B
:106AE000DED1761CB5F90C004042B042F1DCD7E7AC
:106AF000D6DD002608E0484608F0A4F9201D00F085
:106B00006DFB0028CCD1761CB5F90C00B042F2DC4C
:106B1000C6E7000010C0012070B50446C06A002816
:106B200070D194F84100C0076CD14FF40046656AFB
:106B300003E028460CF06CFA0546002D62D0314681
:106B400028460DF0B3FB0028F3D1B4F91400002857
:106B500001DD014600E041422B4A926813689B7EAA
:106B6000994209DAB4F91610002900DC4942994229
:106B700002DA0021A187E187A18F084400B2A08733
:106B8000E18FE38A0028194409B2E18701DD034659
:106B900000E043421668F67EB34206DC002901DDC0
:106BA0000B4600E04B42B3422CDD012384F8413018
:106BB000002801DD034600E04342002901DD0E46C6
:106BC00000E04E42B34209DD002894F8400020F076
:106BD000F00001DD20300AE0103008E094F84000B9
:106BE000002920F0F00001DD803000E0403084F822
:106BF00040000C21284607F011FD2046BDE87040FA
:106C000000F0ECBA70BD000010C001202DE9F04783
:106C10000E460446897B40794FF00008012923D0B5
:106C2000010708D520F0080121F00101C4F84880CF
:106C3000617184F80880D4F854905FEA09007CD030
:106C400008F080F9664D0028686076D080210DF04C
:106C500039FB0746E1687068E060207AB27B2272F7
:106C6000B27B012A03D003E0000766D4E3E708B152
:106C7000AFB3B0E011F03EFEA0647168092903D003
:106C80000B2909D087B1A6E00021484608F0D5F9C4
:106C9000484608F0D7F856E00021484608F0CDF9FC
:106CA000484608F02DF94EE00A2902D01B290BD0E6
:106CB00016E00A21484608F0AFF9201D00F08EFAD0
:106CC00000283AD1012137E01B21484608F0A4F9F9
:106CD000201D00F083FA00287FD120212CE003E062
:106CE000484608F099F92EE0012A01D032B372E04B
:106CF000012870D170680A2809D1D5E90102022162
:106D000007F08CFC201D00F069FA002865D160793D
:106D1000C00720D1A06C11F0E7FD2168898B884263
:106D2000607916D940F00100607170680A2852D16C
:106D300011F0E0FD0521E06401E04EE01FE0D5E93F
:106D4000010207F06BFC201D00F048FA002844D136
:106D500041E0C0073FD0E06C11F0C6FD2168C98B4F
:106D6000884238D911F0C6FDE06471680A2904D060
:106D7000092989D00B29B3D18EE70621DCE7012848
:106D800029D171600A2920D1D5E90102082107F033
:106D900045FC201D00F022FA00281ED16079C007B2
:106DA00009D1D5E90102042107F038FC201D00F0CB
:106DB00015FA002811D1D5E90102072107F02EFCB0
:106DC000201D00F00BFA002807D1C4F84880607934
:106DD00020F001006071C5F80480BDE8F087000074
:106DE00010C0012070B5044600680D46098800698E
:106DF000A1826988E1820268117CC1F30111022934
:106E000001D003290AD111882A88891A491E2980AC
:106E100001686A884988891A491E69800168097C65
:106E2000C1F30111012901D0032907D169882A88FA
:106E30006A8000684088401A401E288020680069E7
:106E400004F014FB2068006904F056FB206D78B153
:106E5000B4F91020B5F900108A4205D1B4F9122016
:106E6000B5F902309A4203D0B5F902200EF0C4FD04
:106E700028882081688860812079012804F1040035
:106E800006D000F0FBF8208920826089608270BD06
:106E900000F002F8F7E700002DE9F041764D0446D6
:106EA000406A6860617809077DD4A968002609688E
:106EB0000F6930B1E16A39BB4FF400510DF0F6F9BA
:106EC00010BB384604F0E8FA211D09F058F8686054
:106ED00070B9384604F0E8FA211D09F050F86860EE
:106EE00030B9384604F0F2FA211D09F048F868601C
:106EF000A06A48B1A683E6832046F2F708F8204648
:106F000000F06CF900284ED1606A696888423CD074
:106F1000A188A181E188E18140B10321AA6807F03D
:106F20007DFB204600F05AF900283CD16868606279
:106F3000A06250B311F0DEFC60646078012120F0A3
:106F4000010060702683668394F8400020F0FF0003
:106F500084F8400084F84160A687E687A682E6822E
:106F6000D5E9010207F05AFB204600F037F9002866
:106F70007FD1A868417909077BD4001DFFF7DCFBAE
:106F8000204600F02BF9002873D1A088A189401A6F
:106F900000B2A082E188E289891A09B2E182B4F9DB
:106FA0001C20104400E064E000EBD0704010A0838F
:106FB000B4F91E00084400EBD0704010E083E06993
:106FC00020626868002854D00221AA6807F026FBD6
:106FD000204600F003F900284BD1A868407900074B
:106FE00047D42046F1F7DCFE204600F0F7F80028F1
:106FF0003FD12046FFF790FD204600F0EFF8002833
:1070000037D1E06A002834D16078C0071DD1606CA8
:1070100011F06AFCAA681168898B88420FD9052192
:10702000686807F0FBFA204600F0D8F8002820D165
:10703000607840F00100607011F05CFCA064E06AD0
:10704000002816D16078C00713D0A06C11F04CFC5A
:10705000AA681168C98B88420BD90621686807F0B5
:10706000DDFA204600F0BAF8002802D111F042FC07
:10707000A064BDE8F081000010C001202DE9F843B4
:1070800004464078444E00074FF0000511D5606A71
:107090000321B26807F0C2FA204600F09FF80028EA
:1070A00077D16562A5626564A564607820F0080008
:1070B0006070606A7060D4F82C8000285ED008216F
:1070C000B26807F0ABFA204600F088F8002860D1DB
:1070D000B8F1000F16D16078C00709D1D6E90102D6
:1070E000042107F09BFA204600F078F8002850D1E0
:1070F000D6E90102072107F091FA204600F06EF868
:10710000002846D165626564A564B8F1000040D0EE
:107110004FF48079009500274E46054600216E22E7
:107120000CF0A8FE384407B2284600216D220CF06E
:10713000A1FE00B2C11700EB1160001210FB06F0B7
:1071400006B228460BF064FF0500E7D10FB94E45A3
:1071500014D0784205B24FF4803090FBF6F006B2BE
:107160006B463246294604F11C000EF003FF6B46C5
:107170003246294604F120000EF0FCFEB8F1000F63
:1071800007D02046F1F7C3FE2046BDE8F84300F0E3
:1071900025B8BDE8F883000010C0012042799107AE
:1071A00018D500218162C16201638164C164818359
:1071B000C18390F8443022F0030223F00F0380F8DB
:1071C000443001844184A0F84010A0F8421042717C
:1071D000014841607047000010C0012040788107DD
:1071E00002D5034A00215160C0F3400070470000FF
:1071F00010C001202DE9F041044690F82A00C00794
:1072000038D0A08C0721B0FBF1F0E18CB1FBF0F29B
:1072100000FB121200EB40010A4492B2B2FBF0F301
:1072200000FB13200844E2842085002120460CF056
:10723000B4FE0546002120460CF0DCFE0746B5F9F9
:10724000085020460BF036FE06462046FEF75FFD4E
:107250000246E18CE819414306EBD67005EBD57385
:10726000BDE8F0414010A0EB6300401A01B21046A7
:107270000EF0D1BDBDE8F0812DE9F843C56A0446A2
:10728000802128460DF012F84D4FFE0CC8B128465B
:107290000CF009F801281DD0022828D0032837D087
:1072A000E786668728460BF0F7FF012847D00228BB
:1072B00050D003285AD0A7862687A08E002872D0E7
:1072C00072E0334639463A4604F13400009601F044
:1072D00096FEF2E7E88A0023401C01B232462846B7
:1072E000FDF7C6FDE086E88A401E02B209E0B5F966
:1072F0001A10002332462846FDF7BAFDE086B5F99C
:107300001A20002339462846FDF7B2FD6087C9E7F9
:10731000688BE98A0023401A401C00B200EBD07051
:1073200001EB600808F1010001B232462846FDF782
:107330009FFDE086A8F10100002302B2E2E7B5F963
:107340001410002332462846FDF70AFDA086B5F941
:10735000142009E0B5F91810002332462846FDF73D
:10736000FFFCA086B5F91820002315E0288BA98A18
:107370000023401A401C00B200EBD07001EB600803
:1073800008F1010001B232462846FDF7E9FCA0866B
:10739000A8F10100002302B239462846FDF7E0FCBF
:1073A00020878AE7FFE7A786208F00B92687E08E2F
:1073B00000B9E786608F002800D16687BDE8F883B2
:1073C00001E0FFFF70B50D4C064600200D460A4651
:1073D00020601D21304607F021F9206858B101785E
:1073E00039B12946E8F757FF28B13046216810F037
:1073F0006DFE002070BD012070BD000050C1012055
:107400002DE9F04188B01F4614460D4606460DF0A2
:10741000ABFA002842D0A54240D04FF4B470854268
:1074200002D9A5F5B475ADB2844202D9A4F5B474FD
:10743000A4B2B18C4A1995B221448CB2854202D9CA
:10744000A5F5B475ADB2844202D9A4F5B474A4B262
:1074500007AA06A93046FEF717FA394630460CF05F
:10746000A8FA80463046394651220CF003FD04A9A3
:1074700008B1012200E00022CDE90221CDE9004857
:10748000BDF81C00BDF91A1082B2BDF918002B46D8
:1074900004F090F804A930460DF01AFA08B0BDE8DF
:1074A000F0811FB5044603AA02A9FEF7EDF96B4669
:1074B000BDF90C2002A92046FEF7D2FB204600F0C1
:1074C00023FC011E03DD0246684601F07EFD69468D
:1074D00020460DF0FDF91FBDF0B50546A1F57F4032
:1074E0008BB00E46FF3858D0288EB04255D9A86AC6
:1074F00000EBC601684601F006FD03A928460BF023
:107500000DFD002128460CF05BFC074600212846B3
:107510000CF0A8FB044628460BF006FD03F094FF90
:107520000A2190FBF1F2BA4201DB90FBF1F790FBEC
:10753000F1F33AB2A34201DB90FBF1F4BDF80C3059
:10754000BDF80000991A0844ADF80000BDF80E100F
:10755000BDF802000F1B3844BDF8047000B23B4474
:107560001A44ADF80420BDF80620ADF8020011441D
:10757000214409B2ADF80610AA8EB24209D1EA6AD6
:1075800032F81620520504D5091A491C401AADF8E4
:107590000200694628460DF09BF90BB0F0BD1CB502
:1075A000044601466846FEF71BFB694620460DF07F
:1075B0008FF91CBD2DE9FC470446B0F882000D464A
:1075C000A8427DD920460BF08FFCB4F884104843C4
:1075D00040F30F2620460BF0A1FD074694F88800E3
:1075E000010705D500F00700012806D002286DD05C
:1075F0002046BDE8FC470DF048B9002120460CF0BC
:1076000035FA8046002120460CF050FBA28A404407
:107610001044C01B0FFA80F920464FF4A0214922E4
:107620000CF028FC0FFA80F84FF4003120460CF0E3
:107630001DFD0746A08AADF80000E28AADF80220E1
:10764000208BADF8040008EB0700618B121A084488
:10765000ADF80220ADF80600B4F88200401EA84242
:1076600017DD06FB05F191FBF0F24A44A2EB08019D
:10767000C91BADF80010691C714391FBF0F149443E
:1076800001EB08003844ADF80400694620460DF0CF
:107690001FF9002D47D0681E06FB00F1B4F88200E8
:1076A000401E91FBF0F24A44A2EB0801C91BADF861
:1076B00000106E4396FBF0F1494401EB080001E035
:1076C00031E003E03844ADF8040028E00021204612
:1076D0000CF0B6FAB4F8841048434FEA2028B4F806
:1076E000820006EB080191FBF0F6002120460CF029
:1076F000BDF981467543002120460CF0D7FAA18AD6
:10770000484429444518694620460BF007FCE81B0D
:107710008119A0EB0800ADF80410ADF8000069462F
:1077200020460DF0D5F8BDE8FC8770B505460CF095
:1077300074FD044628460BF02AFC844201DB01203C
:1077400070BD002070BD28B10A2803D00D2801D0DB
:1077500000207047012070472DE9F74F0D4682B099
:107760000446B0490CF0A9FD00287DD12046FEF763
:10777000E5F882462046FEF75FFD5FEA000973D018
:10778000BAF1000F70D02046FEF7CEF8074620462B
:10779000FEF748FDDFF890B2064620460021BBF810
:1077A0000E200CF067FB00F0FF0820460021BBF81C
:1077B00014200CF05FFBC0B201902B6807EB0A00AD
:1077C0006FF00102D5F808C033F8171002EB400043
:1077D0001B5A3CF800001844401A00B200906B6835
:1077E00006EB090002EB400033F816101A5AEB685A
:1077F000185A1044401A0FFA80FB002120460CF062
:10780000F0F801280AD1B8F1000F03D0B8F1020F47
:1078100002D003E0022000E000208046208BA18AF5
:10782000401A401C0FFA80FA608BE18A401A401C13
:107830000FFA80F94046B8F1010F1BD0022824D07E
:107840002868B8F1030F30F9170028D18046608C02
:10785000DDF800A040F400606084019801287BD02E
:10786000022877D0032800E0D8E0686830F9167065
:1078700071D119E029680098A0EB0A0031F81710BF
:1078800000EBD07001EB600008E020460CF0C5FC76
:10789000296831F8172000991144081A00B280466F
:1078A000608C20F40060D7E7608CD94640F480609B
:1078B000608420460CF0B1FC504504D120460BF00A
:1078C00066FB484527D0A08AADF80000E08AADF8F5
:1078D0000200208BADF80400608BADF80600204656
:1078E0000CF0D3FF04F114005146054601F093FB60
:1078F0004946284601F08AFB20460CF0C6FF6A463E
:107900002921204606F08AFE20460BF081FB224604
:10791000222106F083FE204600216B220CF0AAFAF9
:1079200006B2204600216C220CF0A4FA05B22046D3
:107930000CF073FC814620460BF029FB0146C6F390
:10794000413064224FF4FA634FF47A7C01281BD053
:1079500027E001E00AE013E06968ABEB090000EB07
:10796000D07031F8161001EB600008E020460BF0F3
:107970000EFB696831F8162002EB0B01081A07B2FA
:10798000608C20F4806093E726F4C040984208DCC5
:10799000604501DDC0F57A7000FB09F090FBF2F064
:1079A00006B2C5F3413001280BD125F4C0409842FE
:1079B00007DC604501DDC0F57A70484390FBF2F0CA
:1079C00005B2049A08EB0600791912891044A28ABC
:1079D000801A05B2049840890844E18A401A06B228
:1079E00055EA06001AD020460CF04FFFA08A284422
:1079F000A082208B28442083E08A3044E082608B80
:107A00003044608320460CF040FF05B032462946E2
:107A10002046BDE8F04F00230CF0DEBF05B0BDE806
:107A2000F08F0000010006006C0F00202DE9F041EE
:107A3000064615460F46002005E039462046B04769
:107A400001280AD0204612F0A3FB040002D060688F
:107A50008000F2D10020BDE8F08105B12C6001204A
:107A6000F9E7000070B506F0D5FD044601F0DEFF31
:107A70000146204601F0B0FF164C0546E06E002896
:107A800027D015A12846E8F706FC78B113A12846AF
:107A9000E8F701FC78B113A12846E8F7FCFB70B1C8
:107AA0002946E06EBDE8704010F010BBBDE87040A4
:107AB000002000F027B8BDE8704000F015B847F688
:107AC000FF71E06E10F06EFDE06EBDE8704010F0EA
:107AD00045BC70BDF00D00204F4B000043616E634C
:107AE000656C0000EF959A0070B5054D0024A86EF6
:107AF00010B10AF0FDFDAC66EC666C672C6770BDDA
:107B0000F00D002010B51A4CE06E60B3216F51B338
:107B100010F036FD002218B3017830291CD14178CD
:107B2000782901D0582901D1801C15E010F8011BDB
:107B3000A1F13003092B02D843EA02120CE0A1F1B3
:107B40006103052B01D8573904E0A1F14103052B4E
:107B500002D8373941EA021201780029E6D11046ED
:107B6000D4E91C219047BDE81040FFF7BDBF0000DD
:107B7000F00D00201FB50C4601460E480068042891
:107B800013D040F2FF730B400A498039002CCB67B9
:107B90000AD004280CD008A210216846F0F7A2FBF6
:107BA0006946204609F082FA1FBD6FF06043EAE79C
:107BB00003A2F1E7700E002030782530336C5800B6
:107BC00030782530386C58001FB502460D480C46F9
:107BD0000168042911D040F2FF7313404360002C68
:107BE0000AD004290CD008A210216846F0F77AFBCD
:107BF0006946204609F05AFA1FBD6FF06043ECE772
:107C000003A2F1E7700E002030782530336C580065
:107C100030782530386C58001FB50C4600B901206B
:107C2000084988604CB1034607A210216846F0F766
:107C300059FB6946204609F039FABDE81F40F4F7C0
:107C4000E7B80000700E0020256C75001FB5C3B2A8
:107C500006480C00038108D005A210216846F0F701
:107C600041FB6946204609F021FA1FBDF00D0020B6
:107C7000307825303258000003880A88934201D0BA
:107C8000981A704740884988401A704703780A78E4
:107C9000934201D0981A704740784978401A70474B
:107CA0002DE9F0414268096822F040428A4227D11A
:107CB0000446FDF777FDDFF84C800546D8F808202C
:107CC000131BA2EB05005F1BC8F8080015D0264661
:107CD000304661193A46E8F7A4FA06E0A068401B6E
:107CE000A0602046FDF75EFD0444D8F808008442F9
:107CF000F4D1F0192946E8F7BCFA0120BDE8F0817B
:107D00000020FBE7100F00202DE9F0414FF4403632
:107D10000446402231460CF0ADF805462046432289
:107D200031460CF0A7F8284405B2314620460CF045
:107D3000F7F800283146204602DD0CF0F1F802E0A9
:107D40000CF0EEF84042284405B2314620460CF0D3
:107D5000F3F800283146204602DD0CF0EDF802E091
:107D60000CF0EAF84042284405B22046352231465C
:107D70000CF080F807462046382231460CF07AF89D
:107D8000384400B2854200DD2846BDE8F08170B578
:107D9000054606F001FC0446284606F03BFC064674
:107DA0000BF036F905462A2C01D0292C0BD10021E5
:107DB000304609F07BF9284612F00AFD2846BDE856
:107DC000704014F04FB870BD2DE9FC4106461446D2
:107DD0008846D80729D004F108000125002206F1C1
:107DE00014010746F0F7FFFB58B100208DF80000A2
:107DF0006A4612213046019706F010FC9DF80000FB
:107E000098B16089218A0844401EE081B4F90E10BF
:107E1000B4F90600814200DDE08102B02A46214625
:107E20004046BDE8F04104F0ABB80025EEE72DE98F
:107E3000F041074688B01D46164688460846F1F7C9
:107E4000D5FA044602A940460BF068F822461146CE
:107E500002A801F0BAF8022E05D0012E29D0002088
:107E600008B0BDE8F081DDE90201CDE9040100239D
:107E70001A4604A940460CF01DF904AA6846B968E0
:107E8000F0F789FB0028EBD0DDE90001CDE9060120
:107E90000123002206A940460CF00CF906A902AA0B
:107EA0000846F0F778FB0028DAD006982860079893
:107EB00009E002AA6846B968F0F76DFB0028CFD048
:107EC00000982860019868600120C9E770B50446F1
:107ED0000AF09EFF0646002506E0A068006850F8FC
:107EE0002500FFF7F3FF6D1CB542F6D3608CC10788
:107EF0001AD020F00100608420460DF009F82046D9
:107F00000CF028FF86B1002120460BF0F7FD58B198
:107F10000C494968884207D80B49096801EBC00041
:107F200050E9022120469047608C810708D520F057
:107F3000020060842046BDE8704000210CF04EBE77
:107F400070BD0000080F0020DCC001202DE9F047C3
:107F50008046089D1F46E86900FB01F39B1200283C
:107F600007DD934207DD00BF95F8280080070DD498
:107F70008BE09342F8DBCB1943439B12002808DDCA
:107F8000934239DA95F8280080077ED40120BDE8B5
:107F9000F0879342F6DCA869521C504340F39500E9
:107FA0000312C0B2FF22002828D000BF6E6AC0F1C1
:107FB000FF0404FB06F4A2EB242600BFA3EB01049C
:107FC000A14636D0002C15DBBC4213DAC0F1FF000D
:107FD000C6F1FF014843A2EB6020C1B295F828002A
:107FE000800701D5C1F1FF0118F8040011F078FDF8
:107FF00008F80400641C1CE0A869CEE74FF0FF06F7
:10800000DCE7002C10DBBC420EDAA6EB6000C1B24C
:1080100095F82800800701D5C1F1FF0118F8040088
:1080200011F05EFD08F80400686A641C361ABC4250
:1080300002DA686AB042E4DBBC4218DA002C16DBD4
:10804000A869704380127043C0F34721E869002893
:1080500001DAC1F1FF0195F82800800701D5C1F1CF
:10806000FF0118F8040011F03BFD08F8040095F832
:108070002800800707D54946B94506DC00290DDBF5
:10808000404609E001E0641C01D500207FE7BC42C6
:1080900004DC391B08EB040009F089FB022076E7B9
:1080A0002DE9F05F06460A9F8A461D46B86900FB27
:1080B00002F18C12002800DD641C97F8283054452A
:1080C00002DA980707D4D5E08C120AEB050CA44518
:1080D00002DA98077ED483E0521C424341F39501B3
:1080E00042F395044FEA2129221204F0FF08C9B295
:1080F000A9EB0A04914505D0002803DA11B9FF2144
:108100009146641E914528D1002C0CDBAC420ADA62
:1081100001EB08004108980701D5C1F1FF01305D6E
:1081200011F0DEFC305597F82800641C800706D556
:10813000A9EB0A01A9424DDA8EE030460AE0AC42D2
:1081400000DD2C46002C45D006DD00BFA5EB040168
:1081500006EB040009F02BFB89E04FF0FF0B002831
:1081600044DAF869404248434FEAA028002C0DDB6E
:10817000AC420BDA08FB01F0C0F34721980701D5A8
:10818000C1F1FF01305D11F0ABFC3055B969A8F1C8
:10819000FF0041438812641E11D4AC420FDAC8F1CB
:1081A000FF014143ABEB6120C1B297F82800800783
:1081B00001D5C1F1FF01305D11F092FC305597F807
:1081C0002800A41C800709D5A9EB0A01491EA94271
:1081D0004DDC00E04EE00029AFDC48E0AC4202DDBF
:1081E0000120BDE8F09F002CB0DA40E0C1F1FF00B3
:1081F000F96941434FEAA128002C0EDBAC420CDAAE
:1082000000FB08F0ABEB6020C1B2980701D5C1F1CB
:10821000FF01305D11F064FC3055B969C8F1FF0011
:1082200041438912641C0ED4AC420CDA4843C0F3BB
:10823000472197F82800800701D5C1F1FF01305D83
:1082400011F04EFC305597F82800641C800707D5C4
:10825000A9EB0A01A9420DDC0029BFF66EAF06E0CA
:10826000AC4200DD2C46002C04D03FF76FAF4FF03E
:108270000200B6E74FF00000B3E77CB5446A07F0B0
:1082800061FD054607F09FFD04280CD1E18E2046D4
:1082900021870AF077FE064606F04EFE18B100214F
:1082A000304606F0CAFE284607F08DFD012804D0AE
:1082B000284607F088FD03280AD101A9284607F0BF
:1082C00057FDBDF906102046FDF7F6FBE086208736
:1082D000204605F035FEA06A10B920460CF0D5FA0C
:1082E000E08E00906A461C21204606F097F97CBD7E
:1082F0002DE9F0410746884600261448F0F799FF1B
:1083000004461DE021461148F0F7A5FF0546206808
:10831000B84200D09FB96168414502D0B8F1000F62
:108320000DD121460948F1F71FF8216909B120460E
:108330008847204609F0F6F9F2F7B8FA01262C46EC
:10834000002CDFD13046BDE8F0810000C4CA012016
:1083500070B505460C460948F0F76BFF0BE0016865
:10836000A94204D14168A14207D0002C05D00146A2
:108370000248F0F770FF0028F1D170BDC4CA012097
:1083800010B504464421E7F774FF4FF4FA70E06239
:10839000002020626420A0620120A4F8400004486C
:1083A000E06194F8420040F0010084F8420010BD02
:1083B0001B84010838B504464FF480650095D4E964
:1083C0000B200023194609F003F94FF46E73322293
:1083D0000021009500F0CCFF226AA16A891A41436E
:1083E00002EBA12038BD38B504464FF480650095F6
:1083F000D4E90B200023194609F0EAF840F2B6331D
:108400004FF461720021009500F0B2FF226AA16A68
:10841000891A414302EBA12038BD38B504464FF418
:1084200080600090D4E90B200023194609F0D0F8B1
:10843000226AA16A891A414302EBA12038BDD0E922
:108440000B128A4201DB806A7047006A70478B1A00
:10845000002B00DC531A4FF47A714B43B3FBF0F05E
:10846000002800D10120704770B54168054611B160
:108470002868FFF73DFF1948F0F76DFF184E10B15F
:1084800010F038FA70601548F0F7F8FE040024D0B8
:1084900029464422E7F7C5FE2868A84200D1246097
:1084A000717894F8420061F3820084F84200C007BA
:1084B0000FD0616939B120468847216A01442162A1
:1084C000A16A0844A06262681AB1206808B1216AF2
:1084D0009047F2F7EBF9204670BDFEE7C4CA0120D1
:1084E000D0C0012070B5458D848D0023A54201D2F6
:1084F0002B4602E0C5F5B4752C448B420FD8A1423F
:108500000DD8E21AB1EB520F416B02D841F00801CD
:1085100001E021F00801416341F0100134E04FF423
:10852000B475934207D19E1A2644AE4203D0416BE4
:1085300041F00801F0E7934209D3C2F5B4768E42C8
:1085400005D8A94203D8416B41F008011AE09342D3
:1085500006D2D61AC6F5B4768E4201D8A942F2D90F
:108560002244AA4205D81944A14210D3914206D907
:108570000DE0A2F5B4728A4209D3A14207D9416B3A
:1085800021F0080121F010014163012070BD00209D
:1085900070BD10B500200C468884872161852D228E
:1085A000A285E18449002185616B21F006016163A8
:1085B0004FF40041E185616B2086642041F00801A1
:1085C000608621F0010060631001A06310F092F951
:1085D000E063208DA4F84000606B022120F01000C1
:1085E0006063204609F0E0FB4FF44471204609F037
:1085F000E3FF2046BDE810400D210DF01CB900003E
:108600002DE9F04FAFB0044606F004F807462046C7
:1086100005F0C8FF2A9028AA2CA93846FDF734F99E
:1086200006A82A990AF020FABDF9A000DFF888818F
:108630000DF1B00A0DF1080B00282DDD584602F0AF
:1086400097FF02AA002138460BF070FE0020CDF8FB
:108650003CA01390CDE90780BDF8A000ADF8540010
:1086600006AA1A213846CDF838B005F0D7FFB98DE3
:10867000B88C7A8D0144104489B280B2CDE90001F2
:10868000BDF854302CAA02A92A9802F061FF06AA6C
:108690001B21384605F0C2FF4FF4003949463846E1
:1086A0000BF00AFB0646494638460BF053FB0546DD
:1086B000494638460BF0A8FB0446494638460BF0BD
:1086C00095FAAE4201DD314600E02946844201DDE3
:1086D000224600E00246914205DDAE4201DD304611
:1086E00004E0284602E0844200DD2046BDF8A010E8
:1086F000081A04B2002C34DD02A802F039FF02AAE5
:108700004D46494638460BF011FE0120CDF83CA0FD
:108710001395CDE90780ADF8544006AA1A213846D2
:10872000CDF838B005F07AFFBDF90A10BDF9540054
:10873000814201DDADF80A00398DB88CFA8C014414
:10874000104489B280B2CDE90001BDF854302CAAA2
:1087500002A92A9802F0FCFE06AA1B21384605F061
:108760005DFF2DABBDF9A0202CA93846FDF778FAA6
:1087700018A804F0AFF94FF4403418AA214638463F
:108780000BF026FF02201394CDE907802DA8099055
:1087900018A80A9006AA1A21384605F03FFF2DAA0C
:1087A00018A92A9804F082F906AA1B21384605F078
:1087B00035FF2FB0BDE8F08F588103082DE9F04751
:1087C00086B08A46FD480AF0FBFA01287ED1504661
:1087D00005F0E2FE0546504605F01CFF06465046F1
:1087E00005F018FF0446022D11D0082D6FD0032D7F
:1087F000FCD00D2D6CD0112D6BD0132D6AD0152D02
:1088000064D106B05046BDE8F047FFF7F9BE07F067
:1088100099FA05005AD007F0D6FA012856D101A9D5
:10882000284607F0A5FA03AA02A93046FDF72CF85E
:10883000BDF80400BDF80810401AADF80400BDF8FA
:108840000600BDF80A10401AADF8060094F834008E
:10885000C00744D14FF4003130460BF0AAF805466A
:10886000BDF80C004FF48031401BADF80C003046D1
:108870000BF01CFD10B1BDF80C0008E0BDF90C00B8
:10888000C11700EB9171B5EBA10F00DA8D10401B01
:10889000ADF80C0000B2012802DA0120ADF80C009E
:1088A000BDF8040010FB00F1BDF8060010FB00103D
:1088B000BDF80C1011FB01F1884206DD606B40F041
:1088C0000100606310F016F8E06304E079E0DEE098
:1088D000F7E01AE15AE194F83400C00771D0BDF90D
:1088E000041019B9BDF8060000286AD0B4F92C703C
:1088F000628DB8B2904202D200F5B47007B2BDF9F1
:10890000060000F08DFBA18C401A618D401A05B263
:10891000002D02DA05F5B4752DB2BDF80C004FF448
:108920001D7110FB01F06421B0FBF1F8002002F092
:108930008BFD00EBC00101EB00114FF0500909EB7A
:108940004100B0F5A07F0CD3002002F07DFD00EBCC
:10895000C00101EB001109EB4100A021B0FBF1F0D7
:1089600000E001204FF4B4714843B0FBF8F294F8F2
:1089700034002946C0F3C0093046FFF7B3FD002894
:108980001FD0618DB4F84020781A511A0FFA81F87F
:10899000A5EB080109B24FF40C7301F58C7100B21C
:1089A000994205D994F8342012070BD500250AE026
:1089B000626B5FEAC26C06D4120703D5424215B25D
:1089C00001E061E00546B9F1000F08D0606B0207D5
:1089D0000ED4C0060CD499420AD9002508E0B9F19A
:1089E000000F05D1616B0A0702D5C90600D4054600
:1089F000A5EB080005B2E06B0FF076FFA16B4143D9
:108A00004FF47A70B1FBF0F080B2854202DC404254
:108A1000854200DA05B2618DB4F93220B4F9303004
:108A200008EB0500A7EB010CD51A4FEACC0C9CFB18
:108A3000F5F52D1D00EB2510B4F92E5008440092D9
:108A400000B23A4608F0C4FD07B2B6F92E00B842AB
:108A50000FD00FF04FFFE0633946304600F0F7F9D2
:108A6000AF4206D000221C21304605F0D7FD012878
:108A70000AD1B4F93000B84203D0B4F93200B84298
:108A800002D10FF037FFE06306B0BDE8F087606BFE
:108A900020F00100606330460AF074FA054606F0E3
:108AA0004BFA044607F04EF907F08DF90428EBD194
:108AB000002CE9D006B02846BDE8F047002106F0BA
:108AC000BCBA504605F0A4FD0078B4F92E50132826
:108AD00006D0112804D0142805D0122803D008E0AD
:108AE000F08D401C01E0F08D401E01B2304600F0D8
:108AF000AEF9B4F92E00A842C6D006B03046BDE8A3
:108B0000F04700221C2105F089BD504605F080FD8C
:108B1000044604AA03A93046FCF7B6FEB068002557
:108B200008B1B0F91450002130460AF042FF064661
:108B3000BDF810102844081ABDF80E20ADF810003A
:108B4000111809B20091BDF80C10121A0B18081A6E
:108B500001B21BB212B201A800F051FA47F6FF773A
:108B60003A4601A82168EFF7FEFD08B100200BE0AE
:108B700006EB450002B2114601A800F026FA3A467B
:108B800001A82168EFF7EFFD20717DE70021304655
:108B90000BF092F80746002130460BF0DBF8054653
:108BA000002130460BF030F90446002130460BF02E
:108BB0001DF8AF4204DD394603E000005881030888
:108BC0002946844201DD224600E00246914205DD4D
:108BD000AF4201DD384604E0284602E0844200DD71
:108BE000204680464FF44039494630460BF064F841
:108BF0000746494630460BF0ADF805464946304633
:108C00000BF002F90446494630460AF0EFFFAF4246
:108C100001DD394600E02946844201DD224600E0BC
:108C20000246914205DDAF4201DD384604E02846A8
:108C300002E0844200DD2046801CA0EB08043046A0
:108C4000FFF762F8204404B2504605F0E1FCB0F9A9
:108C50000010A14200DD0C46048015E770B50C46FB
:108C60000546114600F07EF821462846BDE87040D2
:108C700000F0B4B870B50C460546114600F006F891
:108C800021462846BDE8704000F036B870B54FF474
:108C9000B47305460C46994202D9A1F5B474A4B246
:108CA000A88D698D421A611A12B209B2002A02DA3D
:108CB00002F5B47212B2002902DA01F5B47109B2F8
:108CC0008E1AB4369E4203D928460BF0DEFD0DE025
:108CD000914203DA00230246214604E08A4205DA83
:108CE0000023224601462846FEF78AFB2846AC852B
:108CF000BDE8704015F0EEBD70B54FF4B473054695
:108D00000C46994202D9A1F5B474A4B2A98D688D1C
:108D10000A1A091B12B209B2002A02DA02F5B47269
:108D200012B2002902DA01F5B47109B28E1AB43612
:108D30009E4203D928460BF0A8FD0DE0914203DACC
:108D400000232246014604E08A4205DA0023024657
:108D500021462846FEF754FB28466C85BDE8704046
:108D600015F0B8BD70B54FF4B47305460C46994282
:108D700002D9A1F5B474A4B2288DE98C421A611A03
:108D800012B209B2002A02DA02F5B47212B2002954
:108D900002DA01F5B47109B28E1AB4369E4203D9D3
:108DA00028460BF072FD0DE04FF40033914202DAD9
:108DB0000246214603E08A4204DA2246014628465A
:108DC000FEF71EFB2846FEF76CFB28462C85BDE807
:108DD0007040FEF766BB81840BF057BD70B54FF451
:108DE000B47305460C46994202D9A1F5B474A4B2F5
:108DF000298DE88C0A1A091B12B209B2002A02DA7C
:108E000002F5B47212B2002902DA01F5B47109B2A6
:108E10008E1AB4369E4203D928460BF036FD0DE07B
:108E20004FF40033914202DA2246014603E08A42BF
:108E300004DA024621462846FEF7E2FA2846FEF703
:108E400030FB2846EC84BDE87040FEF72ABBB0F941
:108E50002E308B420ED0B0F932208A4200DA114611
:108E6000B0F930208A4200DD11468B4202D0C18524
:108E700015F030BD70470A8802804A8842808A888F
:108E80008280C988C18070470A8802804A884280EF
:108E90008A888280C988C18070470A8802804A888F
:108EA00042808A888280C988C18070470A8802808F
:108EB0004A8842808A888280C988C18070470A882F
:108EC00002804A8842808A888280C988C18070472F
:108ED0000A8802804A8842808A888280C988C18044
:108EE00070470A8802804A8842808A888280C988BE
:108EF000C18070470A8802804A8842808A888280BE
:108F0000C988C18070470A8802804A8842808A885E
:108F10008280C988C18070470A8802804A8842805E
:108F20008A888280C988C18070470A8802804A88FE
:108F300042808A888280C988C18070470A880280FE
:108F40004A8842808A888280C988C1807047C188E7
:108F50004088081A401C00B27047C1884088081A2F
:108F6000401C00B27047C1884088081A401C00B2FB
:108F70007047B0F90410B0F90020891AB0F9062042
:108F8000B0F90200101A401C491C48437047818800
:108F90000088081A401C00B2704781880088081AAF
:108FA000401C00B2704781880088081A401C00B23B
:108FB000704781880088081A401C00B27047818879
:108FC0000088081A401C00B2704703885B1A0380AF
:108FD0008388194481804188891A4180C18811445D
:108FE000C180704703880B440380838819448180C3
:108FF000418811444180C1881144C180704710B537
:10900000029C018042808380C48010BD4288491E3A
:109010001144C18070470288491E11448180704705
:109020000022002801DA01224042002901DA4942E7
:10903000921C884207D9C1EB011101EB4101B1FB40
:10904000F0F3103205E0C0EB001000EB4000B0FB85
:10905000F1F30020D9B216290BD92C2900D8012010
:10906000292900D8401C252900D8401C20290BD9CB
:109070000BE0022900D30120062900D3401C0A2955
:1090800000D3401C0F2900D3401C1844D10601D541
:10909000C0F15A0091074FEAC27105D509B1B43049
:1090A00005E0C0F1B40002E009B1C0F5B47080B2CF
:1090B0007047C16000680BF0E8BB00684FF0FF32FA
:1090C0000168C26001F13C02904202D182684A62AA
:1090D00005E001F14C02904201D182680A63006808
:1090E0000BF0D3BB10B50C4600206421C4E90A0183
:1090F00020636062A0862087E086608784F85C0039
:1091000004F13C01204600F0A6F804F14C01204691
:1091100000F0A1F80821204609F04EFA102120465F
:1091200009F04AFA20460022BDE81040114600F03E
:10913000BEB810B50C46002104F13C00FFF7D8F88A
:1091400004F14C00BDE810400021FFF7D1B8000049
:109150002DE9F0410D46314809F032FE012854D185
:10916000284605F019FA0446284605F053FA8046C9
:10917000132C0AD0012C4AD0082C48D0152C44D1ED
:109180002846BDE8F041F6F78FBA4FF4003109F0F8
:10919000BFF80446284605F03BFA0546B0F9000042
:1091A000A04200DD04462C80002140460AF08AFDE2
:1091B0000746002140460AF0D3FD064600214046FE
:1091C0000AF028FE0446002140460AF015FDB74289
:1091D00001DA394600E03146844201DA224600E0F5
:1091E0000246914205DAB74201DA384604E03046D9
:1091F00002E0844200DA2046002806DAB5F90010C1
:109200004042814200DC01462980BDE8F08108F13E
:1092100034014046BDE8F0410BF05ABB74810308AD
:1092200090F85C0000F00300704790F85C1001F0CB
:109230000301022901D0806A7047816D491C01D069
:10924000406D7047006B7047816C491C01D0406CC9
:109250007047406A70470860002048608860401E80
:10926000C860704738B5134690F85C2002F00302DE
:10927000022A1BD1D0E90A428A4201DD0D4600E0F4
:109280001546AC4201DD214602E08A4200DC11466F
:10929000426A8A4200DA1146026B8A4206D0009383
:1092A00000F14C0300F1300200F022F838BDF8B5AF
:1092B000456A13468D421AD0D0E90A428A4201DD3E
:1092C0000E4600E01646B44201DD214602E08A4225
:1092D00000DC1146026B8A4200DD11468D4206D049
:1092E000009300F13C0300F1240200F001F8F8BD06
:1092F000F0B591B0074616981C4616460D4618B3B1
:10930000E068401C2ED0A068C4E901050021184681
:109310001560FEF7EDFF6846FFF732F812484FF48C
:109320008071CDE9004000200890CDE909010F4887
:1093300003903846002165220AF09CFD0B90684698
:10934000FFF792F811B0F0BD00211846FEF7D0FFEC
:109350004FF0FF30E060356011B03846BDE8F040B6
:109360000BF093BA3068CFE7B3900108BB900108C7
:10937000F0B5C0F5806404FB04F5AD0A05FB04F606
:109380004FEA962C00FB00F6B60A06FB00F74543B1
:109390005543BF0A0CFB01FC74434FEA9C2105EBCB
:1093A00045005C43DDF814E004EB440201EB10508F
:1093B00007FB0EF700EB125000EB9720F0BD10B545
:1093C0000C461021204609F0F7F82046BDE8104071
:1093D0004FF4806108F0E8BC10B50146034809F07D
:1093E0001FF8044609F092F8204610BD908103084A
:1093F00070B50646008E0D461446A8421BD9E006FD
:1094000008D5012130460AF051FF18B1012130463C
:1094100009F0D2F8F06A30F81510A14320F81510C1
:1094200029463046FEF758F8600504D53046BDE8B9
:1094300070400BF0C3BE70BD70B50E4605460024EB
:1094400006E0324621462846FFF7D2FF641CA4B24C
:10945000288EA042F5D870BD0846002101864186BD
:109460004FF6FF7282868162C162416280F83610D7
:10947000014900F043BB000034C1012010B5014692
:10948000034808F0CDFF044609F040F8204610BD1F
:10949000AC81030810B50C46886A08F043F9E06A0D
:1094A00008F040F90020A062E06210BD2DE9FC4701
:1094B0008A46F94809F084FC012843D1504605F05A
:1094C0006BF80646504605F0A5F800270446132E13
:1094D00002D02A2E49D01AE0608EA146002831D051
:1094E0000025D9F8248031E0D9F82C0030F8150097
:1094F000C0F3802040B3608E28B1204609F0DAFC2A
:10950000618E90FBF1F001B2504605F0A7F8292ECC
:109510002FD04FF6FF75012E2DD0022E6AD0082EC7
:109520007ED0062E7DD0032E7CD00E2E7BD00F2E2B
:109530007AD0102EFCD00D2E77D0152E02D15046A9
:10954000F7F726F9BDE8FC876D1CADB258F8250089
:109550000028F7D0D1A1E6F79EFE0028F2D058F8F7
:10956000250000780028BFD1ECE7616A00F0C6FA58
:10957000E8E72046F9E7504605F04AF80646204657
:10958000A18EFDF7A9FF06F0DDFB06F01CFC01280B
:1095900001D003281AD16946304606F0E9FB694636
:1095A0002046FCF72DF8A586A842CBD0E16A31F819
:1095B0001010C1F38012002AC4D1C1F30011002998
:1095C000C0D1A08601462046FDF786FFA18EA942A4
:1095D000B8D0E06A30F81100C0F34022002AB1D1BF
:1095E000C0F380229DE000BFC0F300100028A9D185
:1095F000019148E0504605F00BF8074606F0A2FB43
:10960000064606F0E0FB04289CD002289AD0694662
:10961000304606F0ADFB69462046FBF7F1FF05E05A
:1096200037E076E085E087E0C8E0CFE00646A18E2F
:109630002046B14286D0A94201D0FDF74DFFA68653
:10964000384606F071FCAE428ED0E06A30F8160063
:10965000C0F38011002987D1C0F30010002887D102
:1096600031462046FDF738FFE06A30F81610C1F3A6
:1096700040210029A0D1A18E30F81100C0F3802034
:10968000002899D1019601AA1C21204604F0C6FFAA
:1096900058E7A18EA94237D0E26A32F81100C0F330
:1096A000C013ABB1C0F3801393B9C0F300231BB157
:1096B00094F83630DB0713D040F4807022F81100A4
:1096C00094F83600C00703D02046A18E0FF02CFF7F
:1096D000A18EE26A32F81100C0F3402232B902E0F2
:1096E00020F48070EAE7C0F380226AB1C0F38012F0
:1096F00052B9C0F3001038B9019101AA1C212046CB
:1097000004F08CFF0128C3D12046A18EFDF7E4FEB2
:1097100018E7A18EA942BBD0E06A30F81100C0F36F
:109720004012002AB4D1C0F38012002A3FF45CAF8B
:1097300008E72046A18E45E0208E0028A8D050469C
:1097400004F066FF074606F03EFB06462FB90020F0
:1097500006F0FEFA06F037FB0646204609F012FC3A
:1097600005F0EAFBA18EA94292D1022E02D0042E6E
:109770002AD148B394F836100020E26AC90701D113
:1097800010E0401C32F81010C1F30013002BF8D188
:10979000C1F38013002BF4D1C1F300210029F0D0D4
:1097A0000AE0401C32F81010C1F30013002BF8D16E
:1097B000C1F380110029F4D1A086C3E6A18E204612
:1097C000A94201D0FDF788FEA586BBE62046A18E02
:1097D000FDF782FE504604F01BFF0078132813D0DB
:1097E000142836D004264FF00209122858D0112828
:1097F0008AD1002120460AF035FAA28E8446AA4278
:109800007BD1A786E26AA5E0A08EA84201D1A786F7
:1098100001E0401CA086A18E238E994200D3A7862A
:10982000A28EE66A08E0491C88B2A086984200D35E
:10983000A786A08E90427DD0A18E36F81100C0F38D
:10984000001CBCF1000FEED1C0F380100028EAD15B
:109850005AE7A08EA84201D1A78600E000B9208E69
:10986000401EA08683B2E26A09E011B1491EA186BA
:1098700002E0208E401EA086A08E984268D0A18E65
:1098800032F81100C0F30016002EEED1C0F38010A4
:109890000028EAD138E70000AC8103080A00000084
:1098A000002120460AF0DEF9A28E8046AA4214D199
:1098B000A786E26A05E0491C88B2A086218E88420C
:1098C00046D2A18E32F81100C0F30013002BF2D162
:1098D000C0F380100028EED116E7A16A06EBC200A3
:1098E0000B5A31F832001B1A5B1C43F34E03184429
:1098F0000FFA80FC1046238E1FE037E009EBC0070B
:1099000009EBC205CF5F4D5FAF4212DD31F9305038
:1099100065450EDC06EBC0054D5F4544654508DB3B
:10992000E56A35F81070C7F3801515B9C7F300154F
:109930002DB100E00CE0401C80B28342DED88342AF
:1099400047D8E1E6491C88B2A086218E884201D31F
:10995000A586D9E6A18E32F81100C0F30013002BC2
:10996000F0D1C0F380100028ECD1CDE6A16A06EB5F
:10997000C2000B5A31F832001B1A5B1C43F34E0332
:10998000184405B2B4F934001EE000BF09EBC0076B
:1099900009EBC203CF5FCB5E9F4213DA31F930305F
:1099A000A3EB0C03AB420DDC06EBC003CB5EAB427A
:1099B00008DBE36A33F81030C3F3801717B9C3F339
:1099C000001323B1401E00B20028DFDA9CE6002815
:1099D000B7DBA08698E600002DE9F0410F46A1F51F
:1099E0007F41FF3918D00546008EB84214D30024B9
:1099F00026460CE0641C686AA4B2761CB6B250F825
:109A0000240009A1E6F747FC08B9641CA4B2BE42D1
:109A1000F0D1288EB04202D10020BDE8F081686A02
:109A200050F82400F9E700000A000000808E70471B
:109A3000038E8B4204D9C06A30F81100824301D0F2
:109A4000002070470120704770B50446008E0E4616
:109A50001546B04234D994F83600C00706D0E80560
:109A600004D54FF480712046FFF7E6FCE80616D5D2
:109A7000218E012001290ED9002309E0B34205D02F
:109A8000E26A12F81320D20600D400205B1C9BB2BD
:109A90009942F3D818B10121204608F085F9E06A0F
:109AA00030F81610294320F8161031462046FDF7ED
:109AB00013FD680504D52046BDE870400BF07EBB61
:109AC00070BD70B50E460546002406E032462146BC
:109AD0002846FFF7B9FF641CA4B2288EA042F5D82F
:109AE00070BD10B50446C06A228E5200E6F799FB9D
:109AF0002046616ABDE81040AFF300802DE9F34FC6
:109B000097B00D0079D0179C2046F0F77BFD656279
:109B10000021162217980AF0ADF9C0B21290002168
:109B200017980AF0D5F80B90002117980AF078F9E9
:109B30000F90002117980AF043F90290002117981E
:109B40000AF090F80990179809F0CEF90490179848
:109B500009F0B0F9618E0027C1F101020299A9460E
:109B600001FB020000B21090384685E04FF0000B78
:109B70005D460AE0E06A791930F81100FBF70DFE46
:109B800058446D1C1FFA80FBADB259F8250040B156
:109B900042A1E6F780FB20B159F8250000780028A3
:109BA000E8D15DB31099608E01FB08F1B1FBF0F2D2
:109BB0000F995318029A08FB023109B208911099C3
:109BC00008F101025143B1FBF0F10F9A0298491ECE
:109BD00008FB0020084400B2149009990498C5F1CC
:109BE000010201FB020000B20E90002801DA002001
:109BF0000E904FF0000A564636E04BE0FFE709F1C1
:109C0000040036E0E06A30F81700FBF7C6FD0E9955
:109C100001FB0AF1B1FBFBF20999824406FB012129
:109C20000E9A09B20AFB02F0B0FBFBF0099A401E43
:109C300006FB0200129A00B2012A06D10A460499D4
:109C4000081A01B20498801A00B20B9A104403B2A9
:109C5000149800901144A06A09B200EBC700089A5A
:109C6000FFF7CDF9761C7F1CAE42CBD309EB850004
:109C7000001D814608F101008046608E40453FF698
:109C800075AF17980BF09AFA179819B0BDE8F04F16
:109C90000AF0FBBD19B0BDE8F08F00000A0000001B
:109CA00080F8361000210FF03FBC70B50446008EDE
:109CB0000D46A84203D8A5F57F40FF380AD12046BB
:109CC000A18EFDF709FC2046A5862946BDE8704017
:109CD000FDF702BC70BD00002DE9F0410F460C46B7
:109CE00040F2E4712185012084F82A0084F82B00D9
:109CF000A18584F82E0084F82F0000202063A08620
:109D000004F58C70A821E6F7B4FA002108462D4D21
:109D1000782206E028B14307B3F1604F08D0072846
:109D200008D255F8203000BF04EB8006B3630CE086
:109D300025A3F9E704EB810304EB800683F81821DF
:109D400003F58C73491CC9B2B363401CC0B23828F8
:109D5000E0D31EA0C4F814013846FFF78FFB04F1CE
:109D600038016062FFF7CAFE54F8240F4FF40871FF
:109D7000FFF7A7FE00231A221549206807F0C8FF45
:109D800042F2640120680CF01AF8012138460BF009
:109D900077FD012120680BF083FD94F90A202189C9
:109DA000384600F019F894F9073094F90620A18894
:109DB000384600F0ADF82068BDE8F0414FF480412E
:109DC00007F0F2BF300F00200A0000000000000082
:109DD000151A01082C3070472DE9F05F044688B24F
:109DE000A08555B284F82E50012184F82F108246A8
:109DF0004021606AFFF720FB0026B1B24022606A72
:109E0000FFF722FE761C072EF7D35646294630462A
:109E1000FCF720F88346294601223046FBF798FDDF
:109E2000064637464FF001080BEB07090EE000BF6E
:109E300004EB8700434635A2042100F58C700CF03A
:109E4000F1FF08F1010000F0FF087F1CB945EFD8D1
:109E5000691E5046FBF7FEFF0025801B401CC7B261
:109E600012E000BF04EB85003B4628A2042100F568
:109E70008C700CF0D7FFE81D81B24022606AFFF7BA
:109E8000E3FD7F1CFFB26D1CB542EBD306EB0B0567
:109E9000012711E004EB85003B461CA2042100F5DC
:109EA0008C700CF0BFFFE81D81B24022606AFFF7A2
:109EB000CBFD7F1CFFB26D1C2A2DEBD32046FCF797
:109EC000B5FB606AFFF7B2FDA0F57F41FF3903D013
:109ED000F11D606AFFF7E9FE20460AF0D6FC204635
:109EE00008F096FF064600250BE02946204608F0BC
:109EF0007DFF616A814203D022461C2104F08EFB63
:109F00006D1CB542F1D3BDE8F09F00002564000050
:109F1000018580F82A2080F82B30FCF787BB10B52C
:109F20000C46102104F12400EFF7A0F9102104F1F0
:109F30003000EFF79BF9002024F86C0F208160803F
:109F400060816420A080A081E080E08103206082A5
:109F50000520A0820A20E08247F6FF702082207F41
:109F600020F00700401C20F0080020774FF480709C
:109F70002083608310BD000070B50C4601F12406FB
:109F800010E000BFEFF755F90546007B400702D40B
:109F9000686807F0C7FB29463046EFF7E5F9284621
:109FA00007F0C0FBA06A00283046EBD1EFF72BF991
:109FB00004F130050AE000BFEFF73BF90646014621
:109FC0002846EFF7D1F9304607F0ACFB606B00286C
:109FD0002846F1D1BDE87040EFF715B9F8B50D4648
:109FE0007E4808F0EDFE012874D1284604F0D4FA2A
:109FF0000646284604F00EFB0446012E2DD0082EFE
:10A0000069D0292E68D0132E67D02C2E7ED0152E25
:10A010007FD1284604F0C6FA054601462046F4F7EB
:10A02000EDFF2646002229462046F9F7D3FF0122FC
:10A0300029463046F9F7CEFF022229463046F9F785
:10A0400029FE042229463046F9F724FE04F12400B3
:10A05000EFF781F9002871D0B9E005F073FE694689
:10A0600005F086FEBDF80010A08A2546081AADF856
:10A070000000284609F052F8BDF80010461828469E
:10A0800008F032FFB5F88410484340F30F27002151
:10A09000284609F00BFE301A00B20026002822DB09
:10A0A000B84203DDB5F88260761E1CE095F8881092
:10A0B00001F00701012902D002290FD013E0B5F801
:10A0C0008210491E414307EBD77001EB600090FB03
:10A0D000F7F608E01DE01DE024E027E0B5F8821067
:10A0E000414391FBF7F6B4F97C00B04211D0B1B214
:10A0F0002046FDF75FFA2046B4F87C10FDF75AFAC7
:10A1000000222046A4F87C601C2100E031E004F02D
:10A1100085FAF8BD34F87C1FFDF74CFA47F6FF705E
:10A120002080F8BDBDE8F8400BF074B8B4F94020C9
:10A13000B4F94C00824202DD164601E02EE00646EC
:10A1400034F9581FB4F90C30994201DD0C4600E097
:10A150001C46A64205DD824201DD114604E00146AF
:10A1600002E0994200DC19462846BDE8F84004F0B8
:10A1700075BA284604F04CFA0546204608F0B4FEAD
:10A18000B4F88410484300122880204608F092FE5C
:10A19000B4F88610484300126880F8BD94F888002F
:10A1A00000F00700012804D0022807D003280AD0B5
:10A1B0000DE029462046F8F7A1F908E02946204697
:10A1C000F8F77EF803E029462046F8F7B1FB294668
:10A1D0002046BDE8F840F4F747BD0000C80A030870
:10A1E0002DE9F04F8BB090460E4604001D460AD074
:10A1F00056B1B4F88210414507D800202880588015
:10A200000BB0BDE8F08FFEE7FEE7204608F06CFEDD
:10A21000B4F88410484340F30F27204608F04AFE64
:10A22000B4F88610484340F30F20049094F8880057
:10A2300000F00700012804D003280AD0022819D012
:10A2400065E0B4F8820007FB08F7401E97FBF0F0CA
:10A250005CE000973168002331F91800317BC1F3CD
:10A26000C00204EB4201B1F97820B1F9741007F093
:10A27000AFF94BE004F1240003900790EEF7DDFF07
:10A2800081464FF4A021204609F0DAFCB4F884108E
:10A290004843001206900021204609F0D1FCB4F892
:10A2A00084104FF0000A484301120291B4F8820072
:10A2B000C0F1010202FB017191FBF0F00FFA80FB8B
:10A2C0000798EEF7CFFF06E0B14206D00AF1010A87
:10A2D0000398EEF7C4FF0100F6D10298B4F882109B
:10A2E000384400FB08F090FBF1F00BFB0AF1B1FBE6
:10A2F000F9F1069AC9F1010302FB03B20144B2FB72
:10A30000F9F000B200EBD07001EB60002880002172
:10A31000204609F0ABFB07460021204609F0C6FCA9
:10A320002988384408442880204608F0F7FE298808
:10A33000081A28803146204600F02CF800EB08016E
:10A34000B4F88200049B91FBF0F200FB12107168DC
:10A3500080B231F91000317BC1F3001204EB4202EC
:10A3600032F96C1F401AB2F904205843511A90FB7D
:10A37000F1F0181A68800021204609F03FFD698835
:10A38000384408446880204608F094FF6988081A19
:10A39000688035E729B190F88800000702D4488921
:10A3A0007047FEE70020704710B50AA04862012000
:10A3B0000C4688620221204607F0F6FC0821204660
:10A3C00007F0F2FC2046BDE810404FF4806107F032
:10A3D000EBBC0000436865636B20626F780000008F
:10A3E00010B591F828000C46C00704D1606A07F048
:10A3F00099F90020606210BD2DE9F04FBDB005460F
:10A4000004F008F90446284604F0CCF83B900021FB
:10A41000204609F0B9FD3290B0F9087000213222CF
:10A42000204609F027FD05460021204609F0FEFCE4
:10A4300000EB050B0021204609F050FC05440021EB
:10A44000204609F015FC34904FF40031204609F005
:10A4500045FC81464FF40031204609F08DFC06464C
:10A460004FF40031204609F0E1FC33904FF4003105
:10A47000204609F0CDFB359069224FF4003120468B
:10A4800009F0F8FC82466A224FF40031204609F0B8
:10A49000F1FC804615A802F01DFB15AA4FF400310F
:10A4A00020460AF095F8A08A4119CA1909EB06005E
:10A4B0000244A2F10109E28A339802EB0B05359AB6
:10A4C000EB1910441E18A1EB0A00ADF8E40009EBEB
:10A4D0000A00ADF8E800A5EB0800ADF8E600761E2E
:10A4E00006EB0800ADF8EA0003A83B9908F0BCFAB7
:10A4F00015A807902D484FF00008CDE9040839A8A9
:10A5000006904FF40030109003AA1A21204604F060
:10A5100085F839AA15A93B9802F0C8FA03AA1B21AD
:10A52000204604F07BF80021204609F051FD8246C8
:10A530000021204609F03AFD41F6FF72CDF800A057
:10A54000CDE901280346616A2FA8329A0EF0F4FC87
:10A5500027A801F0EFFC27AA0021204609F08AFF76
:10A56000701B401C00B2C01B00EBD070411034982F
:10A570004844ADF89400BDF8BC201044ADF89800F4
:10A58000E28A0BEB01001044ADF89600BDF8BE1056
:10A59000CDF800800844ADF89A0025AA27A9636A7F
:10A5A0003B9801F02DFA3DB0BDE8F08FC88103085B
:10A5B0002DE9FF5F0E463C4808F002FC012862D1FD
:10A5C000304603F0E9FF0546304604F023F8044620
:10A5D0004FF400382C2D09D0132D56D0152D52D103
:10A5E00004B03046BDE8F05FFFF706BF304604F028
:10A5F0000FF805460021204609F0C6FC06460789EB
:10A600000021204609F0E4FC81460021204609F0A3
:10A61000CDFC002141F6FF72CDF80090CDE901217B
:10A620000346324603A8616A0EF086FC00212046EC
:10A6300009F01EFB834646464146204609F04EFB84
:10A6400081463146204609F097FB80463146204638
:10A6500009F0ECFB82463146204609F0D9FA024661
:10A6600007EB0A00104407EB0901BDF80C20414438
:10A670000A4402EB0B012980BDF90E1000B288429A
:10A6800000DC08466880BDE8FF9F304603F0C0FF4D
:10A6900005464146204607F03BFEB5F900108142D1
:10A6A00000DD08462880EEE7C8810308F0B50446BF
:10A6B0004FF4FA66C1F341307710642501280BD1BD
:10A6C00021F4C040B04207DCB84201DDC0F57A7029
:10A6D000584390FBF5F001B2C2F3413001280BD191
:10A6E00022F4C040B04207DCB84201DDC0F57A7008
:10A6F000584390FBF5F002B2944201DA204600E0A4
:10A700001046884201DA0846F0BD944201DA20463C
:10A71000F0BD1046F0BDF0B504464FF4FA66C1F343
:10A7200041307710642501280BD121F4C040B0429C
:10A7300007DCB84201DDC0F57A70584390FBF5F0B4
:10A7400001B2C2F3413001280BD122F4C040B04223
:10A7500007DCB84201DDC0F57A70584390FBF5F094
:10A7600002B2944201DA204600E01046884201DA43
:10A770000846F0BD944201DA2046F0BD1046F0BD17
:10A78000002208B51146104600F043F90090BDF8CC
:10A79000000008BD002208B51146104600F052F92D
:10A7A0000090BDF8000008BD08B50020BDF80010FD
:10A7B00060F3020189B260F3C70189B260F30C2132
:10A7C00089B260F34F31ADF8001088B20090BDF847
:10A7D000000008BD002208B51146104600F064F9DB
:10A7E0000090BDF8000008BD80B2C0F3C402C2EB07
:10A7F000C20303EB0222D21D520962F31741420742
:10A80000920E02EB503202EB420303EB0222D21C07
:10A81000920962F30F21C0F30420C0EBC00202EBE7
:10A820000020C01D400960F30701FF2060F31F6195
:10A83000C1F30740C1F3072200EB400000EB8200A8
:10A84000C9B20844C0F3C700704738B50C46054686
:10A85000FFF7C0FF2246294600F0F0F90090BDF84E
:10A86000000038BD07B58107BDF8043002D020F8DC
:10A87000023B521EBDF8041001EB01410EE002C084
:10A88000103A02C040F8081B40F8041C40F8101BA6
:10A8900040F80C1C40F8081C40F8041C102AEED8A4
:10A8A00003E000BF20F8023B521E002AFAD10EBD81
:10A8B000F82101EA1041C0F34232114300F4E052A2
:10A8C00008B541EAC20100F0F80041EA4010ADF8D5
:10A8D000000080B208BDF82101EA1041C0F3423205
:10A8E000114300F4E05208B541EAC20100F0F8005B
:10A8F00041EA4010ADF8000080B208BDF8B5C0EBE9
:10A9000000204FF4B473B0FBF3F083B2C1EB01202D
:10A910006421B0FBF1F0C2EB0222B2FBF1F110F0C6
:10A92000FF00CAB226D02B21B3FBF1F1C9B25524E6
:10A9300011FB04F4234403EB43035B061D0EC0F13B
:10A94000FF0313FB02F31B0A10FB05F4FF26A6EB23
:10A9500014245443240AC5F1FF0515FB00F0A6EBAF
:10A9600010205043050A052918D2DFE801F0060936
:10A970000D1114001146084613E01046294601E067
:10A98000204611461A460CE0114618462A4608E0B1
:10A990001846214605E02846194602E010461946A9
:10A9A000224600F081F80090BDF80000F8BD18B50F
:10A9B0004C09BDF80030D20864F30203ADF8003052
:10A9C000C308BDF80000890863F3C70080B262F3D2
:10A9D0000C2080B261F34F30ADF8000080B218BD9A
:10A9E00018B54C09BDF80030D20864F30203ADF885
:10A9F0000030C308BDF80000890863F3C70080B2C7
:10AA000062F30C2080B261F34F30ADF8000080B2E9
:10AA100018BD18B54C09BDF80030D20864F3020324
:10AA2000ADF80030C308BDF80000890863F3C70023
:10AA300080B262F30C2080B261F34F30ADF80000B9
:10AA400080B218BD18B54C09BDF80030D20864F3C7
:10AA50000203ADF80030C308BDF80000890863F3B5
:10AA6000C70080B262F30C2080B261F34F30ADF8C2
:10AA7000000080B218BD18B54C09BDF80030D208EE
:10AA800064F30203ADF80030C308BDF80000890884
:10AA900063F3C70080B262F30C2080B261F34F30E1
:10AAA000ADF8000080B218BD18B54C09BDF80030F3
:10AAB000D20864F30203ADF80030C308BDF800000B
:10AAC000890863F3C70080B262F30C2080B261F39F
:10AAD0004F30ADF8000080B218BD18B54C09BDF874
:10AAE0000030D20864F30203ADF80030C308BDF8AB
:10AAF0000000890863F3C70080B262F30C2080B2C3
:10AB000061F34F30ADF8000080B218BD18B580B2C7
:10AB1000030243EA102084B288B2010241EA102005
:10AB2000121D0C4980B2D30840EA004044EA0442B6
:10AB300008400A40121A5A4300EB5210084040EAFB
:10AB4000104080B2010241EA1020ADF8000080B24E
:10AB500018BD00001FF8E00718B580B2030243EAF1
:10AB6000102084B288B2010241EA1020121D0C4963
:10AB700080B2D30840EA004044EA044208400A4058
:10AB8000121A5A4300EB5210084040EA104080B2BB
:10AB9000010241EA1020ADF8000080B218BD0000AB
:10ABA0001FF8E00718B580B2030243EA102084B210
:10ABB00088B2010241EA1020121D0C4980B2D3086C
:10ABC00040EA004044EA044208400A40121A5A434C
:10ABD00000EB5210084040EA104080B2010241EA06
:10ABE0001020ADF8000080B218BD00001FF8E0078B
:10ABF00018B580B2030243EA102084B288B2010281
:10AC000041EA1020121D0C4980B2D30840EA0040EE
:10AC100044EA044208400A40121A5A4300EB521018
:10AC2000084040EA104080B2010241EA1020ADF82D
:10AC3000000080B218BD00001FF8E00718B580B210
:10AC4000030243EA102084B288B2010241EA1020D4
:10AC5000121D0C4980B2D30840EA004044EA044285
:10AC600008400A40121A5A4300EB5210084040EACA
:10AC7000104080B2010241EA1020ADF8000080B21D
:10AC800018BD00001FF8E00780B2C0F3C402C2EB99
:10AC9000C20303EB0222D21D520962F3174142079D
:10ACA000920E02EB503202EB420303EB0222D21C63
:10ACB000920962F30F21C0F30420C0EBC00202EB43
:10ACC0000020C01D400960F307010846FF2161F321
:10ACD0001F60704708B50720BDF8001060F302013F
:10ACE000ADF80010BDF800201F2161F3C70292B239
:10ACF00061F30C2291B260F34F31ADF8001088B2CD
:10AD00000090BDF8000008BDFF2208B511461046AE
:10AD1000FFF798FE0090BDF8000008BD08B50720B9
:10AD2000BDF8001060F30201ADF80010BDF800207E
:10AD30001F2161F3C70292B261F30C2291B260F35A
:10AD40004F31ADF8001088B20090BDF8000008BD8A
:10AD500010B500200C468884642184F8261084F8FD
:10AD6000271094F83C1021F0070184F83C10206370
:10AD7000606309484FF48031C07884F82C00204685
:10AD800007F012F84FF44071204607F015FC2046FA
:10AD9000BDE810400FF076BE280F00202DE9F043EB
:10ADA00091B08946FE4808F00BF8012827D14846A3
:10ADB00003F0F2FB0646484603F02CFC04464FF431
:10ADC0004037132E1ED0292E50D02A2E67D04FF494
:10ADD000B4750D2E68D0012E7DD0022E7CD047F6A2
:10ADE000FF75112E79D0152E78D0122E07D1484636
:10ADF00003F00EFC0178022901D00121017011B08D
:10AE0000BDE8F083B846394608F04AFF0746414698
:10AE1000204608F093FF06464146204608F0E8FF2A
:10AE200005464146204608F0D5FEB74201DD3946C9
:10AE300000E03146854201DD2A4600E002469142AB
:10AE400005DDB74201DD384604E0304602E08542C8
:10AE500000DD2846801C04B2484603F0D9FBB0F957
:10AE60000010A14200DD0C460480C8E7484603F00C
:10AE7000CFFB0546204609F0D0F9A9882A88891A0F
:10AE8000491C09B2884209D1204608F080F8E988B7
:10AE90006A88891A491C09B28842B0D0204611B08C
:10AEA000BDE8F0430FF0EEBD484603F0B1FB00688B
:10AEB000132814D0112812D0142801D012289ED1A2
:10AEC00094F83C00616A10F003003AD001283ED0AB
:10AED000022829D144E04CE05AE029E134E194F819
:10AEE0003C00616A10F0030205D06420012A0BD0F7
:10AEF000022A19D110E0A08C401CB0FBF5F205FB32
:10AF0000120060F30F010FE094F82620521CB2FBF0
:10AF1000F0F300FB132020E094F82720521CB2FB32
:10AF2000F0F300FB132021E0204600F047F9002851
:10AF30009BD011B02046BDE8F04300221C2103F055
:10AF40006DBBA08C00B1451E65F30F01ECE794F8D2
:10AF5000260008B1401E00E0642060F31741E3E7DB
:10AF600094F8270008B1401E00E0642060F31F61E0
:10AF7000DAE70DF0BFFC606304F0E4FE04F1380191
:10AF800004F0F6FE11B02046BDE8F043F2F756BCDF
:10AF900004F0D8FE0600CBD004F015FF042876D0CC
:10AFA000022874D06946304604F0E2FE3068BDF9EC
:10AFB0000030B4F93820007E991A002900DCD11A3B
:10AFC000814209DCBDF90220B4F93A30D11A0029D6
:10AFD00000DC991A814208DD0DF08CFC6063BDF83D
:10AFE00000102187BDF802106187BDF80010A08A0B
:10AFF000081AADF80000BDF80210E08A081AADF892
:10B000000200204609F009F987B20021204608F025
:10B01000CAFC0146BDF800207808121A13B2ADF838
:10B020000030BDF802200127121A401A12B200B2F5
:10B03000ADF80220412807DD01EBD171A0EB6100E2
:10B0400000B2412800DA412013FB03F112FB021188
:10B0500010FB00F0814200DA0027606B0DF044FC29
:10B0600057B3BDF90210BDF90000FDF7D9FFB0FBE1
:10B07000F5F105FB110094F83C20616A12F003021F
:10B080003BD0012A3CD0022A47D140E0FFE72046CE
:10B0900009F0C3F8A18A00EBD07001EB6000ADF8B5
:10B0A0000000204607F073FFE18A00EBD07001EB4F
:10B0B0006000ADF8020079E73168898B8142BFF406
:10B0C000D4AE94F83C0041073FF5CFAE00F0030149
:10B0D0000322491CB1FBF2F302FB131161F30100DF
:10B0E00084F83C0020460FF0CDFC204609F0CDFB53
:10B0F00004F028FE04F07AFF81E660F30F010CE013
:10B100006422504390FBF5F060F3174105E06422A0
:10B11000504390FBF5F060F31F61204600F04EF8BD
:10B120000028E9D000221C21204603F077FA66E6C9
:10B13000484603F06DFA064601682A4604F11400F9
:10B14000EDF711FB30715AE64846F3F79BFE4E4689
:10B15000484603F05FFA0446304603F023FA0646F9
:10B16000684601F0B7FC6A463946204609F030FAD5
:10B17000ADF8005094F82C00C00707D0204600F02E
:10B1800011F81090BDF84000ADF8040021460EA85B
:10B19000FAF726FD0EAA6946304601F087FC2EE636
:10B1A000AC0A030808B590F8272090F82610808C88
:10B1B000FFF7A4FB0090BDF8000008BD10B50446E1
:10B1C00088B24FF4B472904205D9B0FBF2F302FB9F
:10B1D000130060F30F01C1F307426420642A01D910
:10B1E00060F317410A0E642A01D960F31F61A08C35
:10B1F0008AB290420CD194F82600C1F307429042E3
:10B2000006D194F827000A0E904201D1002010BD0B
:10B21000204661620FF036FC204609F036FB012023
:10B2200010BD70B50C00054611D000F00DF910FBF3
:10B2300004F05030B0F5A07F0BDB284600F004F995
:10B2400010FB04F0A021503090FBF1F002E0002050
:10B2500000E0012000B270BD2DE9F0410D461E4610
:10B26000174604461C2106F0AAFAC4E90057C4E9AF
:10B270000256BDE8F081000038B50446502106F0C2
:10B280009EFA4FF4A0702080F02060804FF0FF30D5
:10B29000A080E0800020208160812069822120F050
:10B2A000400040F0080061F3D01020614EF207002A
:10B2B000ADF800000090BDF800002087024820642F
:10B2C00060645820A06438BD8DD40108F8B50546E7
:10B2D0005248EDF7D3FF040002D0E86B08B10AE052
:10B2E000FEE7A86C06F092F906007FD001462A6CB2
:10B2F00028469047EE634FF4B471204606F05FFA9B
:10B3000001202560C4F85401082104F5AC70EDF764
:10B31000ADFF434E22461421F7684248F4600DF019
:10B320004DFB6060002862D0286981070AD5298812
:10B330006A8811FB02F1EA68D268914202D920F0D2
:10B3400002002861BDF80000072161F30200ADF89A
:10B350000000BDF800201F2060F3C70292B260F326
:10B360000C2290B261F34F30ADF8000080B2009033
:10B37000BDF800000090BDF800006085FF2084F853
:10B3800029000DF091FA80B30DF032FAA060002090
:10B3900007F0A2F92061002007F09EF9E06100208B
:10B3A00007F09AF9204D20622A460021E0690AF050
:10B3B00020F82A460021206A0AF01BF80221E069E1
:10B3C00007F0FAF80221206A07F0F6F80021E06998
:10B3D0000AF040FB0021206A0AF03CFB206909F0DA
:10B3E00054FAF760A7B114E000E001E0FEE7FEE7E1
:10B3F00000200AF0A7FD054605200AF0A3FD01463E
:10B400000A48009000232A4620460DF0FBF9BDE7CC
:10B41000F46060680DF0A9FB2046F8BDA0CA0120C9
:10B42000980F0020D1880008FFFF0F007840030824
:10B43000C26800211161C068416170470148C0685D
:10B4400070470000980F002010B90548C06820B16F
:10B4500000680069C0F3C91070478220704700007F
:10B46000980F00200068C0687047000018B90948AC
:10B47000C068002809D00068017CC1F301110129CE
:10B4800004D0032902D0B0F900007047B0F90200DF
:10B4900070470000980F002010B518B9FFF7CEFFD5
:10B4A000002800D0006A10BD10B518B9FFF7C6FF1C
:10B4B000002800D0C06910BD18B101460248EDF760
:10B4C000CABE0148EDF7B5BEA0CA012010B518B933
:10B4D000FFF7B4FF002800D0006910BD10B518B9FF
:10B4E000FFF7ACFF002800D0406910BD10B508B9C7
:10B4F000FFF7A4FF806810BD18B90948C06800288C
:10B5000009D00068017CC1F30111012904D003298D
:10B5100002D0B0F902007047B0F900007047000097
:10B52000980F002010B518B9FFF788FF002804D045
:10B53000D0F85401002801DD012010BD002010BD0D
:10B5400008B500210B460A4600910BF093F808BDA0
:10B550007CB50E7BDDE90654022E08D94E88002EFC
:10B5600005D0A54203D0CDE900544469A0477CBD75
:10B5700038B504461021E4F77CFE01206080FF20EE
:10B580002073BDF80010002060F3020189B260F35F
:10B59000C70189B260F30C2189B260F34F31ADF875
:10B5A000001088B20090BDF800000090BDF80000C7
:10B5B000208038BD2DE9F04F85B0824610B2944608
:10B5C0008B460FFA82F9AAEB000EDDF838800FFAED
:10B5D0008EF20492ABEB000217B203920AEB000268
:10B5E00003F5B471119C58441E46029212B203B284
:10B5F000019088457DD04FF4B4718E4202D9A6F5F2
:10B60000B476B6B2884503D9A8F5B4701FFA80F8AD
:10B610000F99ACEB010000B20090109818B101EB4B
:10B62000D1704010401C05B25A21B6FBF1F0B8FBB6
:10B63000F1F1C0B2C9B2042800D10320042900D11D
:10B64000032188427ED146457CD868B3012854D076
:10B65000022878D003287ED106F15A0000B20DF0FE
:10B66000A7FB009910FB01F10AEBE130401B2080A1
:10B6700030B20DF09DFB10FB09F10BEBE130401BEC
:10B68000608008F15A0000B20DF092FB10FB09F146
:10B690000AEBE1302844A0800FFA88F00DF088FB17
:10B6A000009910FB01F15AE130B20DF081FB0099D5
:10B6B00010FB01F10BEBE130401B60805A3630B2D9
:10B6C0000DF076FB10FB09F10AEBE1302844A08075
:10B6D0000FFA88F00DF06CFB10FB09F10BEBE13079
:10B6E0002844E08008F15A0000B20DF061FB009997
:10B6F00000E0E6E010FB01F129E030B20DF058FB6C
:10B7000010FB09F10BEBE1302844E0805A3630B2EF
:10B710000DF04EFB009910FB01F10AEBE1302844DB
:10B72000A0800FFA88F00DF043FB009910FB01F1A7
:10B730000BEBE130401B608008F15A0000B20DF0C5
:10B7400037FB02E036E009E005E010FB09F10AEB07
:10B75000E130401B208005B0BDE8F08F06F15A00B3
:10B7600000B20DF025FB10FB09F10AEBE130401BA4
:10B77000208030B20DF01CFB009910FB01F10BEBA7
:10B78000E1302844E0800FFA88F00DF011FB10FB47
:10B7900009F10BEBE130401B608008F15A0000B268
:10B7A0000DF006FB009910FB01F10AEBE130284493
:10B7B000A080D0E730B1012837D0022861D003281B
:10B7C0007ED099E001297CD108F15A0000B20DF039
:10B7D000EFFA10FB09F10AEBE130401B20800FFA71
:10B7E00088F002900DF0E4FA074630B280460DF082
:10B7F000DFFA874201DA029800E040460DF0D8FAFD
:10B80000009910FB01F10BEBE130401B60805A36D0
:10B8100030B20DF0CDFA10FB09F10AEBE13028440B
:10B82000A08001982844E08095E7022964D1AEEB1E
:10B83000050020800FFA88F00DF0BAFA10FB09F12C
:10B840000BEBE130401B608006F15A0000B2019022
:10B850000DF0AEFA074608F15A0000B280460DF02E
:10B86000A7FA874201DD019800E040460DF0A0FAFA
:10B87000009910FB01F10AEBE1302844A08030B2BE
:10B8800069E0032938D106F15A0000B20DF090FAB0
:10B8900010FB09F10AEBE130401B20800398401BAC
:10B8A000608008F15A0000B20DF082FA10FB09F135
:10B8B0000AEBE1302844A0800FFA88F0804601E0CE
:10B8C00019E019E00DF074FA009910FB01F730B29D
:10B8D00006460DF06DFA009910FB01F0874201DD7C
:10B8E000404600E030460DF063FA009910FB01F08D
:10B8F0000BEBE03096E729B1049820806780A280A6
:10B90000E38028E708F15A0000B203900DF050FAE6
:10B91000074606F15A0000B201900DF049FA87423D
:10B9200001DA039800E001980DF042FA009910FB4B
:10B9300001F10AEBE130401B208030B20DF038FA03
:10B9400010FB09F10BEBE130401B608002982844AA
:10B95000A0800FFA88F00DF02BFA10FB09F10BEB29
:10B96000E1305FE72DE9F0411D0017460E46044621
:10B970001AD0F07A02281AD9D4F81CC0BCF1000FF2
:10B9800003D02046E047012811D02B463A463146E5
:10B990002046F1F721FE012809D006A239462046AB
:10B9A000BDE8F04110F049B902A23946F8E7BDE818
:10B9B000F08100004E6F0A646174610038B58469DB
:10B9C000049D002C01D00095A04738BD38B5044631
:10B9D0001821E4F74EFC002211461046FFF700F84C
:10B9E0000090BDF800000090BDF800002081FF200D
:10B9F000E072401C60800120207538BD7047000057
:10BA00002DE9FF4FB5B0887E429F1E4692460C46F8
:10BA100002287DD9206800287AD03598006A00284D
:10BA200076D0202222A8E4F7FCFB20680390002EA9
:10BA30006ED0307800286BD03598514682682DA89A
:10BA4000ECF7A9FD002863D0207FB0F1000B01D1F5
:10BA50004FF0010B607F810707D4BAF80410BAF8E1
:10BA60000000081A401C03B20FE0B4F91210009154
:10BA700041F6FF72CDE90120B4F91430314607A830
:10BA800022680DF059FABDF91C300398B4F9121070
:10BA90000025B0F908906A1E01EB09000590BAF87C
:10BAA0000000ADF81000BAF80210ADF81210B4F9A9
:10BAB00016000790B4F918000144ADF81210FFB158
:10BAC000F0B9BAF9021000291ADAD7F808C0ACEBBD
:10BAD0000100002801DCA1EB0C0005994FF4806CFB
:10BAE00049420CEB4101884200DD3A603868002889
:10BAF00006DB0546BDF81200B9880844ADF812000F
:10BB0000617F0020CDE90001B4F91420701900E034
:10BB1000A0E02C930399EDF7CFFE00EB050829E098
:10BB2000617F0020CDE90001B4F9142006EB080084
:10BB30002C9B0399EDF7C0FE454600EB0508BDF8C8
:10BB400012100598084400B2ADF812007FB110F54C
:10BB5000806F0CDB3868002809DA3D60BDF91210EF
:10BB6000BAF90200081A7860BAF90200B860705D8C
:10BB700000286FD03598BDF9121080684944B0F99B
:10BB800002008142CCDB5846CDF8BCB0BBF1020FBD
:10BB900002D0032816D029E0607F0090B4F9143059
:10BBA000A8EB05017019039A0DF024FA07465046D8
:10BBB000FDF7F3F9C01BBDF8101000EBD07001EBDE
:10BBC000600011E0607F0090B4F91430A8EB05012B
:10BBD0007019039A0DF00EFA07465046FDF7DDF98D
:10BBE000BDF81010C01B0844ADF81000D4E9019B4B
:10BBF000D94502D94846D9468346A07F800717D049
:10BC00001EA800F028FAA089ADF87800039890F9F2
:10BC10000E0000B90120ADF87A00A07E8DF88000FA
:10BC2000A07FC1089DF8810061F301008DF88100BB
:10BC300000200F90FEF7A4FD2B90FEF7A1FD3090A1
:10BC400010A800F047FF208AADF84400BDF91000AD
:10BC5000319066E169E100BFBDF810100798002738
:10BC60000844ADF81000701909970E90A8EB050074
:10BC70002190B6E00020A9F57F420090FF3A09D05C
:10BC8000ABF57F40FF3805D0A94A294430461268F9
:10BC90009047009009AB0BAA0CA90E98EDF7F4FDA4
:10BCA000607FC0070AD00C98232802D0012F13D040
:10BCB00004E047B1012F0AD0022F0BD0E06830908A
:10BCC000022F4AD04BE009980F9001200EE0002788
:10BCD000E06843E0002009E0202808D109990F9886
:10BCE000081A072804D0A0892B900220074678E084
:10BCF000DDE90E12114468460622E4F792FA0020AC
:10BD00008DF806009DF80100FAF770FC07469DF8D3
:10BD10000000FAF76BFC07EB00100D909DF8030094
:10BD2000FAF764FC07469DF80200FAF75FFC07EBA0
:10BD300000102A909DF80500FAF758FC07469DF878
:10BD40000400FAF753FC07EB0010C2B22A98C1B204
:10BD50000D98C0B2FEF75DFEC6E72B983090DDE986
:10BD60000B21039802F06EFD33904FF6FF70814572
:10BD700022D0834520D0009848451DD358451BD27A
:10BD8000BDF81010ADF80010BDF81200ADF80200BB
:10BD9000A28A0A443399491E1144ADF8041005994A
:10BDA0006A46491E0844ADF8060010A9359800F00F
:10BDB0007DFEE089ADF8C000BDF8C000ADF894008C
:10BDC00004AA22A90C9B359800F033F93398002877
:10BDD00007DDBDF81010A08A084433990844ADF877
:10BDE00010000999219888423FF644AFA07F800750
:10BDF00023D53198ADF800002068BDF97A1002AB68
:10BE0000B0F9080001EBD17100EBD070401000EBED
:10BE10006100BDF812106A460844BDF81010ADF874
:10BE20000810ADF80200ADF80A00BDF8C000ADF88A
:10BE300078001EA9359800F001F9A07FC0071FD037
:10BE40003198ADF800002068BDF8121002AB0289ED
:10BE500040891144091A03986A4690F90D00081A9E
:10BE6000BDF81010ADF80810ADF80200ADF80A00EA
:10BE7000BDF8C000ADF878001EA9359800F0DEF8D6
:10BE8000617F0020CDE9000106EB0800B4F9142021
:10BE900007462C9B0399EDF70FFD454600EB05087F
:10BEA000BAF80000ADF810002F98022802D003283D
:10BEB00016D029E0607F0090B4F91430A8EB05019A
:10BEC0003846039A0DF096F807465046FDF765F898
:10BED000C01BBDF8101000EBD07001EB600011E04A
:10BEE000607F0090B4F91430A8EB05013846039A3E
:10BEF0000DF080F807465046FDF74FF8BDF81010DA
:10BF0000C01B0844ADF81000BDF812100598084495
:10BF1000359900B2ADF812008968B1F9061088426F
:10BF200003DC705D00287FF497AE39B0BDE8F08F78
:10BF300030C1012038B504462021E4F79AF9FF20EA
:10BF4000A076FEF71DFC0090BDF80000A0810B4814
:10BF500020604FF6FF706060A060FEF711FC00905B
:10BF6000BDF80000E081052009F0ECFF0090BDF86D
:10BF7000000020820020E07638BD000078400308F1
:10BF8000036C002B00D018477047436C002B00D087
:10BF9000184770472DE9F0410546C06B17460E461D
:10BFA000002826D0E86C05F031FB04001CD0E96CB9
:10BFB000E4F75FF9EDF702FC296821626968E16145
:10BFC000A968A16100683A462146007CC0F3801050
:10BFD00084F824003068206070686060EB6B28464D
:10BFE0009847050001D003E0FEE7204605F09AFBE4
:10BFF0002846BDE8F08170B50C46054601F09BFF70
:10C00000206A2860E0696860A069A860EDF7D6FB47
:10C01000006894F82420016962F386110161AA6C1A
:10C0200012B12146284690472046BDE8704005F0F1
:10C0300079BB30B4046AA44630BC604730B44C8845
:10C04000002C06D00C7A022C03D9446AA44630BCDA
:10C05000604730BC704738B504460A21E4F709F957
:10C0600001206080FF202072BDF80010002060F3E6
:10C07000020189B260F3C70189B260F30C2189B271
:10C0800060F34F31ADF8001088B20090BDF80000A9
:10C090000090BDF80000208038BD000010B50346B8
:10C0A0000A4A002052F8304024B1401CC0B2102887
:10C0B000F8D301E0102802D34FF0FF3010BD42F852
:10C0C000303002EBC002516010BD000010CC0120E6
:10C0D0002DE9FF4F81B08B460E9D16461C46B5F9E3
:10C0E0000A10B5F90C00571AB5F9082005F1100926
:10C0F000ABEB020305F13C0AB4285DDAB5F90E207A
:10C10000B42A7DDA00287BD0002A79D0904277DDEE
:10C11000B1425ADC696D79434FEAA12CA96A7F1CB0
:10C1200079438912A0F20F15582D01D8002909DB97
:10C13000451E592D01D8002904DB5B38B32802D2F3
:10C14000002900DD0021A2F20F10582801D8002993
:10C1500009DB501E592801D8002904DB5B3AB32AB9
:10C1600002D2002900DD0021ACEB010001EB6000F0
:10C170000125C71AA74200DD2746002F0DDD3BB27F
:10C1800032465946CDF80090019800F091F905002B
:10C1900003D13946019805F00AFBA74200DD274686
:10C1A000002F00DA0027CDF800A05DE0B54276D17F
:10C1B000284605B0BDE8F08F68DDB5F90E20B42A39
:10C1C00064DD904262DDB14201DA0120F1E7696D80
:10C1D00079434FEAA12CA96A7F1C79438912A0F206
:10C1E0000F15582D01D8002909DB451E592D01D8FE
:10C1F000002904DB5B38B32804D2002902DD00E00B
:10C2000044E00021A2F20F10582801D8002909DBD0
:10C21000501E592801D8002904DB5B3AB32A02D208
:10C22000002900DD0021ACEB010001EB60000125DD
:10C23000C71AA74200DD2746002F0DDD3BB232466C
:10C240005946CDF800A0019800F032F9050003D15D
:10C250003946019805F0ABFAA74200DD2746002FCA
:10C2600000DA0027CDF800900BEB070001B201982F
:10C27000E41B384423B20746324600F019F90600A1
:10C2800094D12146384605F092FA8FE70127B84647
:10C29000B42805D038B109DAB14209DC0AE047E038
:10C2A000B14210DC04E0B14202DC0CE0B14201DC3E
:10C2B000032708E0234632465946CDF800900198FE
:10C2C00000F0F6F80746B5F90E00B42806D060B1C4
:10C2D000B5F90A000FDAB04204DC0EE0B5F90A0045
:10C2E000B04206DD4FF0030803E0B5F90A00B042A2
:10C2F000F8DDBFB10EE0B042F4DD234632465946C8
:10C30000CDF800A0019800F0D3F8804657B1B8F1FD
:10C31000000F07D0032F02D0012F05D008E0B8F19D
:10C32000030F05D1002044E74046B8F1010FFAD0D1
:10C3300002203EE72DE9F8430546884640F26710A3
:10C34000411C089C1746002B01DA002302E08B42B7
:10C3500000DB0346002C01DA002402E08C4200DB03
:10C3600004469C4203DAC3F5B470204403E0E01AAB
:10C37000002800DC181BA5F86800AB81EC81A5F84B
:10C3800008806F8115482860012028718B4200D9F0
:10C39000FEE7B42B01D2002000E00120002C01DBDD
:10C3A0008B4200DDFEE7B42C05D3A4F1B401B4291F
:10C3B00001D2002600E0012600903A46414605F1F0
:10C3C000100000F0CBF823463A46414605F13C0008
:10C3D000009600F0C3F8BDE8F8830000D1C0010862
:10C3E0002DE9F8431E4617468846814600250C4C29
:10C3F0000DE00090D0F800C033463A46414648462A
:10C40000E047002808D0022800D101250834206820
:10C410000028EED115B10220BDE8F8830120FBE72A
:10C4200010CC012010B50179022906D0052913D1BD
:10C430008068BDE8104005F075B9044640690028E1
:10C440000AD00169002904DA406805F06BF96069D7
:10C45000EFE74169491E416110BD000070B5134D01
:10C46000060008D05FF0000455F83410B9B108791F
:10C47000022805D002E02868002800D0012070BD05
:10C48000887CB1F91020C007304601F1080102D0C4
:10C49000ECF719F901E0ECF7A6F80028EED0641CDF
:10C4A000E4B2102CE0D3002070BD000010CC0120BD
:10C4B000F8B5069CA58A266A521B658A12B2491BEA
:10C4C00094F8285009B24FEAC57526B1009485B397
:10C4D000FBF73CFDF8BD85B1207C810727D000F03B
:10C4E0000301012923D0022901D1511C1FD4C043CB
:10C4F000800728D1002A1ADC25E0227C02F0030400
:10C50000022C14D0D543AD0711D0012C01D1002944
:10C510000DDC920701EB030207D0002A13DB49422E
:10C520000FD50021002B0EDD0FE0002A02DA0120DA
:10C53000F8BD10E04A4206D49A420ADA991A104429
:10C5400005E0994201DB0020F2E7994201DA05F0AB
:10C550002EF90220ECE7FBF7A3FDE9E72DE9FC4704
:10C560001C46DDF8288016460F468146B42B01DDB7
:10C57000B43C24B204F15A0000B20CF019FC07EBF1
:10C58000601520460CF014FC06EB601000B2CDE9FB
:10C5900000082BB232463946484600F003F8BDE8A1
:10C5A000FC8700002DE9F0470F46DDE90869984651
:10C5B000154604462C2105F0FAF8B54206D1B9F12A
:10C5C000030F03D16D1E761E2DB236B2B54205DDC6
:10C5D0004046B846074630462E46054627816581C7
:10C5E000A4F80C80E68184F810906782A8EB07001D
:10C5F0004B46A582002801DD014601E0A7EB0801BA
:10C60000721B002A01DD154600E0AD1BA94294F81B
:10C61000281002DD41F0010101E021F0010184F860
:10C6200028100025E561244E2660A5612571CE07FE
:10C630004FF480150DD020B195FBF0F65643B6129D
:10C64000E66122B195FBF2F242439012A061E069EB
:10C650000CE022B195FBF2F64643B612A66120B17A
:10C6600095FBF0F050438012E061A06920629807CA
:10C6700009D003F00300012808D0022813D0D843C2
:10C68000800714D006E021F0020001E041F0020032
:10C6900084F82800216A88106062002901DA40428B
:10C6A0006062BDE8F087206A0028EFDCEBE7206AD3
:10C6B0000028EBDDE7E70000B1C401082DE9FE4FDB
:10C6C0008046DDF830900E461C4699F81200174659
:10C6D00000F0010AB9F91050684609F10801FCF7A9
:10C6E000EEFBBDF90200BAF1000F2FD0B84250DCCA
:10C6F000BDF90600B8424CDBBDF900004119B1425A
:10C7000005DCBDF904203119521B914209DDBDF948
:10C7100002104A19BA4240DCBDF90620521BBA4247
:10C720003BDBBAF1000F18D0801B00D50020A042DF
:10C7300031DCBDF90410891B091A491C4218A242B8
:10C7400000DD211A002926DB4044EFE0B84213DC6B
:10C75000BDF90600B8420FDBCEE7871BA7420BDC12
:10C76000002F03DB3946404605F021F8BDF90400EF
:10C77000851B6D1C002D02DC0020BDE8FE8FA5424C
:10C7800004DA611B08EB050005F011F81FB9A5429A
:10C7900001D10120F1E70220EFE7BDF80430821B50
:10C7A000181A401C0FFA80FCBDF80600401A401C05
:10C7B00003B2781A00B2A84202DA281A401E01E039
:10C7C000591B401AD9F8141000B20223CF6803EBAA
:10C7D0004003FB5A37F810609B1B1EB28B684968F8
:10C7E00033F8103037F810004FF0000700EB010B62
:10C7F00002EB0C00401B18440FFA80F95019C01AC4
:10C80000401E05B2BAF1000F22D06BE0F11B01EB24
:10C810000B0010F8010C029009EB07005FEA000A18
:10C8200008D4A24506DA18F80A1002980DF058F953
:10C8300008F80A00B5EB070A08D4A24506DA18F88A
:10C840000A1002980DF04CF908F80A007F1C3FB25C
:10C85000B742DBDB09EB0700A04201DA014600E04A
:10C860002146002901DA002002E0A04200DB204638
:10C8700000B2211A404404F09AFFA81B411CA142B7
:10C8800001DA0A4600E02246002A01DA002402E02A
:10C89000A14200DA0C4621B2404647E0F11B01EB11
:10C8A0000B0010F8010CC0F1FF00029009EB07002B
:10C8B0005FEA000A08D4A24506DA18F80A100298BE
:10C8C0000DF00EF908F80A00B5EB070A08D4A245E6
:10C8D00006DA18F80A1002980DF002F908F80A00B2
:10C8E0007F1C3FB2B742D9DB681CA04201DA691C49
:10C8F00000E02146002901DA002504E0A04201DA27
:10C900006D1C00E025462AB2A9EB0200A11A88425C
:10C9100001DA034600E00B46002B01DA002002E0BA
:10C92000884200DB084601B208EB020004F03FFF3A
:10C9300031E700002DE9F0411546064688880A884F
:10C940001C46801A401C02B2C8884B88C01A401C82
:10C9500000B2824200DA1046B5EB600F00DD4510F0
:10C96000002D00DA002506F10800FCF7A8FA358250
:10C97000B47438483060022030710023C5B13648A5
:10C9800000214FF47A7200BFC1EBC10400EB8404B4
:10C99000B4F91840AC421BD1C1EBC10100EB8100DE
:10C9A0004169491C41610169102D04DA012303E04A
:10C9B0007361BDE8F0812B110B44934205DA102D11
:10C9C00001DA012200E02A110A4402617061F0E7F5
:10C9D000491C0429D8D300244FEA0401C1EBC10744
:10C9E00000EB8707D7F814C0BCF1000F07D12CB1BA
:10C9F000D7F810C0D4F810E0F44500DA3C46491CE2
:10CA00000429EBD33CB16069401CC4E90430102D0B
:10CA10000EDA01200DE01C2004F0F8FD040006D021
:10CA20001C2104F0C4FE4FF0FF3020610BE0FEE754
:10CA300028111844904205DA102D01DA012000E097
:10CA400028111A182261204629467461BDE8F04178
:10CA5000F0F71CB9BDC60108A0CB0120F0B5002538
:10CA6000094E07462C4600BF06EBC4004068B8429A
:10CA700004D156F83450204600F008F8641CE4B2A3
:10CA8000102CF1D32846F0BD10CC01200021421C0F
:10CA900008D0054A002352F8301042F8303002EB3B
:10CAA000C00043600846704710CC012030B4D388E2
:10CAB00054881B1B5B1C1BB2012B09DB9388148859
:10CAC0001B1B5B1C1BB2012B02DB036930BC18472C
:10CAD00030BC704738B504463821E3F7CAFBFEF78F
:10CAE00013F90090BDF8000024F8040FFEF70CF9CC
:10CAF0000090BDF800006080FDF74CFE0090BDF88E
:10CB00000000E080FF2525720220A072FDF742FEA2
:10CB10000090BDF800006083FDF73CFE0090BDF87A
:10CB2000000020850748206104F8015CA57584F8A1
:10CB30002650A57784F83250E07F20F03E001E306A
:10CB4000E07738BD784003082DE9F04FCBB083463D
:10CB5000DDE95465087B984614460F4602287DD9C6
:10CB6000B7F90200002879D0AE4277D01AB28146D8
:10CB70009246404500DD914601A8FFF7ABFF787B68
:10CB800000F003008DF80600B86840B100208DF871
:10CB90000700B8680590387B8DF81E0005E0387BEB
:10CBA0008DF807003888ADF808002188A8F1010346
:10CBB000A1EB0802ADF840206188A1EB0801ADF8B7
:10CBC000421020881844ADF84400B4F802C0ADF813
:10CBD000D4006344ADF84630ADF8D020ADF8D210A3
:10CBE000ADF8D630B7F802C06244ADF8D020B7F83F
:10CBF00002C0614409B2ADF8D210B7F802C0A0EB90
:10CC00000C00ADF8D400B7F802C0801AA3EB0C03F7
:10CC10004FF0FF3C1BB2CDF80CC1401CADF8D63034
:10CC20004FF0000C00B2CDF810C1002812DD581AE8
:10CC3000401C00B200280DDD012347F6FF7234A925
:10CC400037A8FFF777FE01204490002137A8FFF7AF
:10CC500025FA4390002347F6FF7200E02DE010A96B
:10CC60003DA8FFF767FE00213DA8FFF717FA4590A2
:10CC700006F5B470A84205D005F5B4714FF4B47050
:10CC80008E4220D147F6FF70ADF8040010AA01A92A
:10CC90005846FFF70BFF4598FFF7F8FE4398401CF6
:10CCA00002D04398FFF7F2FE3DA8FFF7BBFB449884
:10CCB000002802D037A8FFF7B5FB4BB0BDE8F08FD6
:10CCC000A6F5B476B6B28642FAD202E0A5F5B475FE
:10CCD000ADB28542FAD228B249900090B4F9022050
:10CCE000B4F9001033B219A84A93FFF723FB0021CF
:10CCF00019A8FFF7D3F94690B54203D9A81BC0F590
:10CD0000B47000E0701BDBF8081000913C282ADDAD
:10CD1000B8F10A0F27D95A20B6FBF0F1B5FBF0F0B5
:10CD200000F00300ADF8540001A8ADF84CA0ADF838
:10CD3000505001F0030116901294ADF84E60ADF81A
:10CD40005210ADF8569010A8CDE9170B12A8F4F7C1
:10CD500011FF12A8F4F7D6FF12A8F5F7A2F812A84F
:10CD6000F5F78DF904E010AA01A95846FFF79EFED9
:10CD700019A8FFF757FB3DA8FFF754FB449810B1E3
:10CD800037A8FFF74FFB4698FFF780FE4598FFF75F
:10CD90007DFE4398401C02D04398FFF777FE787BD6
:10CDA00040078AD509F0FF0212AB51464A98F9F7BD
:10CDB0007CF9BDF84800218812AA0844ADF8480063
:10CDC000BDF84C0021880844ADF84C00BDF84A007D
:10CDD00061880844ADF84A00BDF84E0061880844F7
:10CDE000ADF84E0015A80099EBF7D5FB15AEC0B114
:10CDF000002347F6FF7212A943A8FFF79BFD00210D
:10CE000043A8FFF74BF90546584610AA01A9CBF8ED
:10CE10000860FFF74BFE2846FFF738FE43A8FFF7F0
:10CE200001FB09F0FF0212AB51464998F9F73DF9B1
:10CE3000BDF84800218812AA0844ADF84800BDF8A2
:10CE40004C0021880844ADF84C00BDF84A006188C8
:10CE50000844ADF84A00BDF84E0061880844ADF8BA
:10CE60004E0015A80099EBF796FBC0B1002347F6DA
:10CE7000FF7212A943A8FFF75DFD002143A8FFF749
:10CE80000DF90446584610AA01A9CBF80860FFF72F
:10CE90000DFE2046FFF7FAFD43A8FFF7C3FA0098FE
:10CEA000CBF8080009E770B514460D460646F0F7C2
:10CEB0008DFD224629463046BDE87040F0F75BBF45
:10CEC0007CB50446087E0D4602280ED9A268684645
:10CED0002968EBF760FB002807D0616B09B1204699
:10CEE0008847626D2946204690477CBD2DE9F04F6A
:10CEF000CD6889B00C46074615B1207C00287DD04E
:10CF0000207C012800D10025786881880088081AD3
:10CF1000401C00B20790BA6805A82168EBF73BFBFC
:10CF200000286BD0ECF74AFC83460068D7F80090E5
:10CF3000C16941BB017C490610D47968BDF9142050
:10CF4000B1F90030B1F90210D21ABDF916305B1AEE
:10CF5000079901FB032209EB420113E07A68BDF94E
:10CF60001630B2F90260B2F900209B1B079E734392
:10CF700003EB430303EB0901BDF914309A1A02EBEA
:10CF8000420211448946D4F804A05FEA0A0114D091
:10CF900021688B88B1F90020B1F902109B1A5B1C43
:10CFA0000FFA83F8BDF914309A1ABDF91630591AE0
:10CFB00008FB01220AEB420A01E04FF000083DB3F2
:10CFC000007C00070FD46069FBF7D3FF0146002007
:10CFD00007E02A5C802A01D9FF2200E000222A54BF
:10CFE000401C8842F5DB60698288B0F90010521A53
:10CFF000521C16B2BDF91420511A00E026E0BDF90A
:10D000001620B0F902002944101A06FB001500E0B2
:10D01000002678684188008849420AB2404201B23D
:10D0200005A8FBF7DFFFDBF80000C069D0B160683E
:10D030000028207E0DD001A9CDF8008081E8610094
:10D04000534605A94846079A0CF0CAFC09B0BDE84A
:10D05000F08F8DE86100A36805A94846079AF7F7A5
:10D06000FFFCF3E7607E80B161680029217E25D056
:10D07000CDF80080CDE90360CDE90115534605A93F
:10D080004846079A0CF06AFAE0E760680028207EBC
:10D090000BD001A9CDF8008081E86100534605A9B5
:10D0A0004846079A0CF018FBD0E78DE86100A368AA
:10D0B00005A94846079AF7F71DFBC7E7CDE90260C7
:10D0C000CDE90015A36805A94846079AF7F76CFA59
:10D0D000BCE72DE9F047B3F90240DDE9080A1F4635
:10D0E000914614FB09F301EB4303B7F900100A9AC8
:10D0F00003EB4105B2F90230B2F9002003FB0AF359
:10D1000000EB430000EB4206B888401A401C00B216
:10D110004FEA40080AE0284631464246E3F781F8E4
:10D12000641C05EB490506EB4A0624B2B7F9060074
:10D13000A042F0DABDE8F0872DE9FF4FA1B00D461F
:10D14000824681681446DDF8B8901AA8FBF7C0FE45
:10D150001AA8FFF783F91790288818B96888B0F5DE
:10D16000807F01D0012100E0002116910CA81C2134
:10D17000E3F77FF8E87A8DF84800287B4FF0000647
:10D1800000F00F008DF8490006A80C90DDE916109C
:10D1900008434FF0020B2BD1B9F1040F06D0B9F1BF
:10D1A0000E0F0AD0B9F1140F20D021E0A87AF8B9F7
:10D1B00024980CA9CDE90C4012E021466846DAF823
:10D1C0000820EBF7E8F900280DD024980D9611946B
:10D1D0000F902889ADF838008DF840B00C944DE0E0
:10D1E0005046FFF76DFE25B0BDE8F08FA87A80B3FA
:10D1F000DAF808000388ADF818308088ADF81C0014
:10D20000DAF80810C01A401C4988ADF81A10DAF88C
:10D210000820D288ADF81E20A6882788511AF61B50
:10D22000761C36B21496E6886788491CF61B761C75
:10D2300036B20B960FFA81F806B2ECF7BFFAFEF79A
:10D2400015F9074606A8FBF794FEB84218D84746DA
:10D2500018E0FFE7A08821886288401A401C01B2CC
:10D26000E0880C94801A401C02B2249849000D906A
:10D2700001FB020011940F908DF840B00CA9AFE7AC
:10D28000B7FBF6F706FB07F84FEA480004F0ECF9A5
:10D290000990404604F0E8F90F90089006A8119014
:10D2A00002208DF8400009980D907F1EBDF81A00ED
:10D2B000BDF91EB038441997ADF81E00B9F1040F3E
:10D2C00005D1288818B96888B0F5807F01D0022080
:10D2D00000E001208DF84000CBE006A91CA8FBF778
:10D2E000F7FD6088404202B22088404201B21CA88B
:10D2F000FBF778FE169880B1DDE90812CDE904212C
:10D3000014990B98CDE90001CDE902591CA95046AA
:10D31000149B249A00F0F4FD0DE0DDE90801CDE94D
:10D320000310CDE901591498009002461CA80B9BEC
:10D330002499F0F733F8A87A022865D9298989B2A7
:10D34000C1F3C40717FB00F767F30F034F07BF0EC6
:10D3500007EB513717FB00F767F31F439E46C1F3F6
:10D36000042111FB00F161F30F020492C0F1FF01EF
:10D37000002247E0099800EB420002900088ADF8D7
:10D380005400BDF854301FFA8EF0C3F3C40717FBE6
:10D39000010000EBC01707EBC030C0F3C457BDF865
:10D3A00078004FEA1E4C67F3C7005F07BF0E07EB1C
:10D3B000533717FB01C707EBC71C0CEBC73C4FEA01
:10D3C0009C6C6CF3020007EBC71C0CEBC737C7F370
:10D3D000C25767F34F30049FC3F30423BFB213FB5C
:10D3E000017303EBC31707EBC333C3F3C45363F3F6
:10D3F0000C20ADF8780080B201900298BDF804309E
:10D40000521C03804245B5D3179800B3089800908A
:10D41000BDF91A7017E000BFBDF9181033463A463F
:10D420000098FEF7DDFF10B1022804D006E0314677
:10D430000098E2F71EFF02208DF8400000987F1C44
:10D4400030443FB20090BDF91E00B842E4DA0CA9A6
:10D450005046FFF735FDBDF81E001999401CADF888
:10D460001A00084400B2ADF81E00584501DDADF8C1
:10D470001EB0BDF91A1059457FF72FAF089804F078
:10D480003FF9099804F03CF9ADE6000010B50C46F0
:10D4900058212046E2F7EDFE1048606110482061F7
:10D4A00010482063104820621048A0611048606254
:10D4B0001048A0621048E062104860631048A06302
:10D4C0001048E06310482064104860641048A0646D
:10D4D000104860652C20E06410BD000049CB0108B5
:10D4E00025DC0108A7CE0108EDD6010839D10108D5
:10D4F00003D80108A5D901085DDC0108FFDE010899
:10D50000D3D00108F1D5010819D501086BD5010860
:10D51000E7D60108EDCE01082DE9F04117460C468B
:10D520000646ECF74BF90546F8070ED0A16A60698C
:10D5300021F00041E2F79DFEA06A40F00041A162A7
:10D540002868016941F0400107E0A06A20F000412D
:10D55000A1622868016921F0400101616069083415
:10D56000C6E90004B460BDE8F081FEB50546006878
:10D57000029000980C4620F0E00000906868164683
:10D5800081880088081A0099401C60F3942100915A
:10D590006868C1884088081A0099401C60F35F5190
:10D5A0000091A06A002801DA052100E0042100981A
:10D5B00061F304000090206A2860E0696860A06957
:10D5C000A860ECF7FBF8006894F824206B4601692A
:10D5D00062F38611016104F1080231462846FEF724
:10D5E000C1F9284600F0A7FC684601F047FDFEBDE2
:10D5F00070B5064615460C46D00701D0002070BD18
:10D60000A80743D5A06A00F0004000F50050A062D2
:10D610002046FBF7AEFCA16A400021F000428242A6
:10D6200002D960F31E01A162A06A20F0004003F05D
:10D63000EDFF2146606168B9A06A00F0004000F586
:10D640004060A06220F0004003F0E0FF21466061EE
:10D650000028D4D00846D0E900128160E2606188D9
:10D66000E181A1892089081A401CA16A00B221F039
:10D67000004100EB400291FBF2F12182A16A21F00E
:10D68000004191FBF0F0411061822AE00846D0E9A8
:10D6900000128160E260FBF76CFC4100A06A61F35C
:10D6A0001E00A06220F0004003F0B0FF6061A16A9C
:10D6B00021F00041E2F7DDFDA06A05F0010565F308
:10D6C000DF70A0626069002899D0306004F1080022
:10D6D0007060B060ECF772F80068016965F386115C
:10D6E0000161204670BD486904F01CB8F0B51C46C5
:10D6F000074697B015460E4608680023224601A942
:10D7000000F0F9FFF0B3BDF80C20002A3FD0BDF8BF
:10D710000A1000293BD02888BDF80E30184400B20A
:10D72000ADF84C0033686D88B3F808C05B89ACEB8A
:10D7300003032B44BDF810509B1A5B1B1BB2ADF8C2
:10D740004E304518B968B1F900C065451FDBB1F925
:10D750000450A8421BDC9818B1F90220904216DB55
:10D76000B1F90600834212DC2146019800F0BFFFA8
:10D7700000280CD00199097B890708D101AB13AAB5
:10D78000314600E005E000903846F2F741FB17B063
:10D79000F0BD202CFBD3A4F57840FF38F7D0A4F5DA
:10D7A00000500C38F3D02888BDF80E10BDF81020BA
:10D7B000084401B26888104402B2BDF80C0010445D
:10D7C00000B20090BDF80A00084403B214A8FBF7A9
:10D7D00016FC05A8FFF77EF902208DF817008DF8DA
:10D7E0003E008DF84A008DF82E00B089ADF8320069
:10D7F0000120ADF834003B6914AA05A938469847C2
:10D80000C5E72DE9F0470E46B1F9021096B01C4667
:10D810001546814600297ED0307A02287BD9B5F999
:10D820000000B4F90020904205D1B5F90230B4F9F6
:10D830000270BB426FD0904200DB104601EBD17109
:10D84000A0EB6100ADF84400B5F90010B4F9000098
:10D85000B6F90220814200DD084602EBD27100EBEE
:10D860006100ADF84800B5F90210B4F90200B6F94C
:10D870000220814200DA084602EBD271A0EB61007F
:10D88000ADF84600B5F90210B4F90200B6F902206D
:10D89000814200DD084602EBD27100EB6100ADF879
:10D8A0004A0011A90846D9F80820EAF774FE0028B2
:10D8B00075D011A9D9F808A0C9F80810B5F9020067
:10D8C000B4F90210884206D123462A46314648461A
:10D8D000F2F7FEFB0EE0B5F90000B4F900102346A4
:10D8E00088422A463146484602D1F2F759FE01E005
:10D8F000F2F7A8FC707A010701D440074DD502A8C1
:10D90000FFF7E8F83088ADF80C0047F6FF70ADF887
:10D910000800307A00E042E08DF80B00B6F9020012
:10D92000471040F3000000F10108707A400718D555
:10D9300028886A46C01BADF800006888C01BADF897
:10D9400002002888C119A1EB0800ADF8040068881E
:10D95000C119A1EB0800ADF8060002A94846FFF77F
:10D96000A5F8707A000718D520886A46C01BADF864
:10D9700000006088C01BADF802002088C119A1EB2F
:10D980000800ADF804006088C119A1EB0800ADF8EB
:10D99000060002A94846FFF789F8C9F808A016B0A2
:10D9A000BDE8F0872DE9FF4F8BB01E461746032BCD
:10D9B0007ED3002F7CD0B00003F056FE05007BD054
:10D9C0000024386828602046721E15E007EB8001AD
:10D9D00037F92030B1F904C0634505D1B1F90230FF
:10D9E000B1F906C0634505D005EB84030968641CE2
:10D9F0001960A4B2401C80B29042E7DB07EB8600BE
:10DA0000B7F9001030F9042C914205D1B7F9021092
:10DA100030F9022C914206D005EB840150F8040C39
:10DA2000641C0860A4B2032C43D37D49D1E90001F2
:10DA3000CDE90201002027E0BDF9082035F92010CA
:10DA40008A4200DA1146ADF8081005EB8002BDF9F4
:10DA50000A10B2F90230994200DB1946ADF80A10FB
:10DA6000BDF90C3035F920108B4200DD1946ADF8B8
:10DA70000C10BDF90E30B2F902108B4200DD1946D0
:10DA8000401CADF80E1080B2A042D5D30B9802A96D
:10DA9000826805A8EAF77FFD58B10B9805A9002612
:10DAA000806809900B988160B5F90210012011E09F
:10DAB00002E0284603F024FE0FB0BDE8F08F00BF5F
:10DAC00005EB8002B2F902208A4201DA114606B261
:10DAD000401C80B2A042F3D32C2104FB01F003F0E0
:10DAE000C3FD8346B2460490D1464FF00008701E35
:10DAF00000D52044621E09F101010892914200DD27
:10DB0000002135F8262035F8203035F8217005EB56
:10DB100080009B1ABF1A428805EB860005EB810145
:10DB200040884988121A081A0021079112FB07F150
:10DB300010FB03F0814267DA0120079001E00798AB
:10DB4000F0B308980AF10106864200DD0026B9F11B
:10DB5000010700D5274405EB860005EB8A01B0F9E3
:10DB60000200B1F90220904216DB12D035F92630BE
:10DB700035F92A108B420CD04FF0010CCDE9000C86
:10DB80005846FEF70FFD58460499FEF787FA0BF149
:10DB90002C0B08F10108B246A04523D005EB870005
:10DBA00005EB8901B0F90200B1F90220904217DBC0
:10DBB00013D035F9273035F929108B420DD000E00C
:10DBC00022E00026CDE900065846FEF7EBFC584659
:10DBD0000499FEF763FA0BF12C0B08F10108B94622
:10DBE000A045ACD3DDE90B0102AAFEF75FFF049864
:10DBF000FEF734FF049803F083FD284603F080FD10
:10DC00000B990998886057E7BAF1010600D52644B8
:10DC1000089809F1010787429DDD00279BE7000076
:10DC20008C04030870B514460D460646F5F756F801
:10DC3000224629463046EFF7C9FE2246294630469D
:10DC4000F0F799F8224629463046F0F786F9224641
:10DC500029463046BDE87040F3F772BE2DE9FF4F0C
:10DC6000A1B00D46309FDDF8CCB04FF48031B7F94C
:10DC700000004FF00A0940421A907888B1FBF0F09A
:10DC80001A99199091FBF9F478681D90604200EBA5
:10DC9000800001EB400604F1010820B20BF088F887
:10DCA00005900FFA88F00BF083F882465A3420B2C0
:10DCB0000BF07EF8044608F15A0000B20BF078F839
:10DCC00002460598C6F10A0101FB00F30AFB063380
:10DCD00093FBF9F0614302FB0611179091FBF9F0F9
:10DCE0001890179840111790189840111890BDF986
:10DCF000740000021B90BDF9760000021C90A888F9
:10DD00002988401A401C04B2E8886988401A401CDF
:10DD10000FFA80FA002648E00CA80090B5F902003E
:10DD2000B5F9001082190BAB13A810F080FC0EA8F7
:10DD30000090B5F90200B5F9041082190DAB13A8D3
:10DD400010F075FC0B9B0D980E99A0EB03080C9836
:10DD50000022A1EB000C1146012C08DD4FEA08223D
:10DD6000611E92FBF1F24FEA0C2C9CFBF1F103F1E6
:10DD700080093B7D8030DB071CD0DDE9318CCDF89C
:10DD80000090CDE9010203AB83E81210CDE906B89B
:10DD9000DDE92301DDE92E23ECF75EFE3298761CE7
:10DDA00000EB4400A34436B232905645B4DB25B0B4
:10DDB000BDE8F08F319B042B54D0052B13D0062BDC
:10DDC00050D0142BEAD1239B1E93249B12932E9B9D
:10DDD000079305912F9B3299864609920020CDF832
:10DDE0008090109188E0239B1293249B1093DDE98F
:10DDF0002E3C0491CE4632998146E04601920020A5
:10DE000009912CE0049A0199424341430EEB2121F0
:10DE100009EB222209124FEA222207D4DDF840C082
:10DE2000614503DA002A01DB9A4203DB00210BF88B
:10DE3000001012E002FB0811DDF848C001EB4101BF
:10DE400061440A7891F801C002EB0C22DDF824C08D
:10DE50002CF810208A780BF80020401C00B2A04259
:10DE6000D0DB9BE7DDF8C8C0CDF80090CDE901021A
:10DE70000DF10C0888E81210CDE906B3DDE92301A5
:10DE8000DDE92E230DF015FA88E70999209A414320
:10DE900002EB2121059A42430EEB222209124FEA9E
:10DEA000222209D4DDF848C0614505DA002A03DBE7
:10DEB000DDF81CC0624501DB002219E002FB0319FA
:10DEC000DDF87880DDF840C008EB49080CEB40092C
:10DED000B8F80080A9F80080DDF81C8003FB08FC7E
:10DEE000DDF8788008EB4C0C614402FB03110A78E2
:10DEF0000BF80020401C00B2A042C6DB4EE7704782
:10DF00002DE9F04387B08946DDE91251DDE910764D
:10DF1000DDE90E8C70B1C46A002C08D0CDF8008009
:10DF2000CDE904510396CDE901C74946A04707B0A2
:10DF3000BDE8F083FEE7416B002900D00847704739
:10DF400010B50446012104F071FB4FF6FF706087A5
:10DF50000121606A03F028FF20460022BDE810403E
:10DF6000202100F05BBB000070B500200C46486229
:10DF700016A1C4E90B10A06294F83C1041F03001E6
:10DF800084F83C10E08620874FF6FF716187A086F9
:10DF900094F83C004FF4806120F00F00083084F8C2
:10DFA0003C00204603F000FF09A1204600F08FFA54
:10DFB000204605F031F801460C4804F031FA0546D8
:10DFC00004F0A4FA65626C6270BD0000EF81B800D5
:10DFD0004F7074696F6E20310A4F7074696F6E20D4
:10DFE000320A4F7074696F6E20330000008203089C
:10DFF00010B50146034804F013FA044604F086FA0B
:10E00000204610BDE481030870B5486A0C4600251F
:10E0100010B104F06DFB656294F83C00C00603D4B7
:10E02000206B03F07FFB256370BD000070B50E46CA
:10E030003F4804F0C5FE012843D1304600F0ACFA59
:10E040000546304600F0E6FA04460E2D14D00F2D9A
:10E0500021D0102D1FD0082D21D02A2D23D0292DDD
:10E0600021D02C2D23D00D2D2CD0152D29D130468B
:10E07000BDE87040F2F74ABD04F084FF00F05CFF99
:10E08000054601F05FFE01F09EFE042819D17DBB1C
:10E09000218F2046E186BDE87040FFF751BFBDE803
:10E0A0007040ECF7CCBFBDE8704007F0B3B8304625
:10E0B00000F0AEFA05460021204605F068FF008911
:10E0C000688070BD304600F0A3FA0078132810D0A5
:10E0D00012280ED0142817D0112815D01B28D7D0FD
:10E0E0000A28EED101F03EFEA042EAD02046D6E753
:10E0F00019E0204600F050F8A8B1E08EA18E401C37
:10E100008842DED2214608E0204600F045F850B1B2
:10E11000E08E0028D5D02146401EE086BDE8704044
:10E1200008460CF07EB92046BDE8704000F090B87B
:10E13000E4810308C08E70472DE9F04104460025B4
:10E14000006B90460E462F4620B1E2F79DF802463E
:10E15000002008E00F70BDE8F081216B095C0A29FE
:10E1600000D16D1C401C904202D2218FA942F4D1F3
:10E170000021A8F1010507E0B8F1000F01D0A94284
:10E1800008D27354401C491C904203D2236B1B5C81
:10E190000A2BF1D17754DEE710B5406A012106F071
:10E1A00085F880F0010010BDF8B50F46084600F074
:10E1B000F3F90546182805D03946244804F000FE36
:10E1C00001283AD1384600F025FA446A0646082D5F
:10E1D0000ED0012D17D0092D30D0182D2DD1384655
:10E1E000F2F78DFA3946BDE8F840184804F0E8BD6A
:10E1F00001F0A8FD01F0DBFD00281ED13046BDE88E
:10E20000F840FAF73AB801F09DFD050015D001F08D
:10E21000DAFD012804D0284601F0D5FD03280CD1F1
:10E220006946284601F0A4FDBDF902102046F7F723
:10E2300043FC6087304606F028FBF8BD4FF6FF70C0
:10E2400060873046BDE8F84006F01FBB0082030837
:10E250002DE9F8430446012103F0EAFD204604F0CD
:10E26000DBFE0146606A07F05CFB4FF0FF31606A3D
:10E2700006F072FC0121606A04F09EF900221F2161
:10E28000204600F0CBF92046F7F73AFD8046216B97
:10E2900002F071FF42F2D171606A07F090FD4046D2
:10E2A00007F004FE606A05F0B8FF0546204605F059
:10E2B000B4FF85420EDC94F83C0000F00F00042807
:10E2C00001D0082806D1204605F0A7FF0146606A64
:10E2D00007F075FD404604F05AFE07460021606ACB
:10E2E00005F0CAFB05460021606A05F0A5FD461948
:10E2F00000211122606A05F0BDFD2844B9190844C7
:10E3000007B294F83C003D4600F00F06082E02D0FC
:10E31000042E1ED034E0FDF791F8FDF7EDF8B4F9C6
:10E320001A10294488422BDAFDF788F8FDF7E4F843
:10E33000B4F91A10411AB4F91600814201DA042620
:10E3400005E0FDF77BF8FDF7D7F8618B401A401E1A
:10E3500015E0B4F91600401B12D5FDF76FF8FDF774
:10E36000CBF8B4F91A10B4F91650411AA94207DDD6
:10E370000826FDF763F8FDF7BFF8618B401A05B278
:10E38000BD4200DD3D462946606A07F095FA204609
:10E390000CF047F80020082E06D0042E09D0012EDC
:10E3A0000CD0022E0FD015E0009000230D22606AE1
:10E3B0000DE0009000230A22606A08E0009000232C
:10E3C0001022606A03E000900023606A1322214655
:10E3D00003F09AFD606A07F069FD94F83C0000F0D4
:10E3E0000F00012801D0022818D1606A05F037FF1C
:10E3F0000646606A05F04FFF0546FDF71FF8FDF77A
:10E400007BF8A8420ADCFDF719F8FDF775F8281A21
:10E41000301A401E01B2606A07F0FDFC0021404640
:10E42000226B03F0DFFF022808D04FF0000303281F
:10E430001A4601D0012104E0032102E000231A461C
:10E44000022101B04046BDE8F04303F04FBD2DE985
:10E45000F0410E00044603D00025A586284606E0BC
:10E46000FEE70A2902D1A18E491CA186401C315C1D
:10E470000029F6D1A08E401CA086E586258730466F
:10E48000E1F702FF471C206B30B194F83C10C9063D
:10E4900002D403F047F92563384603F0B7F8206348
:10E4A00090B13146E1F705FF94F83C0020F01001EF
:10E4B000204684F83C1006F0E8F9606A002804D091
:10E4C000BDE8F04106F0E1B9FEE7BDE8F08170B5C6
:10E4D0000E00044603D00025A586294606E0FEE787
:10E4E0000A2802D1A08E401CA086491C705C00281E
:10E4F000F6D1A08E401CA086E586258794F83C00C6
:10E50000C00604D4206B10B103F00CF9256394F815
:10E510003C0040F0100184F83C102046266306F0D1
:10E52000B4F9606A002803D0BDE8704006F0ADB9C8
:10E5300070BD10B50446C08E88420FD0A08E8842B0
:10E5400000D8411EE1862187606A10B120460BF099
:10E5500068FF2046BDE8104006F097B910BD10B521
:10E560000C464FF48061204604F026F80421204632
:10E5700004F022F84FF40031204603F015FC01218D
:10E58000204603F011FC2046BDE8104001F008BF12
:10E59000486A002141627047007A20F0800070478D
:10E5A00040687047017A15290BD0142909D0162923
:10E5B00007D0182905D0172903D0192901D0002028
:10E5C000704700697047017A01291FD002291DD0C8
:10E5D00003291BD0042919D0052917D0062915D0E5
:10E5E000072913D0082911D009290FD00A290DD0E5
:10E5F0000B290BD00C2909D00D2907D00E2905D0E5
:10E600000F2903D0102901D00020704700697047FE
:10E610000069704700687047C068704710B588B0DF
:10E62000C0B1009001908DF808100020CDE90302E0
:10E630009DF81800084C20F007008DF8180060685D
:10E640000590C4F804D06846F5F7E4FE05996160CA
:10E6500008B010BD0120FBE7000F0020027A132A4A
:10E6600006D10069B0F900208A4200DD1146018020
:10E67000704710B500F004F8BDE8104000F074BB1E
:10E6800010B500210C4802F091FD0C4C20800020B8
:10E6900008F0ECFE6080042008F0E8FEA080042072
:10E6A00008F0E4FEE080042008F0E0FE2081042071
:10E6B00008F0DCFE608110BDD9510108820F0020F6
:10E6C00010B5092900D120210469F7F765F9002860
:10E6D00006D0616801EBC000618A890B01D000207F
:10E6E00010BD00682168C0F31300084410BD08B1D4
:10E6F00042681047FEE72DE9F0479A4690460C46DF
:10E70000070011D08CB100260546B1462660D5F829
:10E7100000C05346424621462846E04740B1A07B10
:10E72000C00603D425600EE0FEE7FEE706B92E46DC
:10E730006D69002DEBD14EB13568534642462146F6
:10E740003046A84726600120BDE8F087B8F1200FC9
:10E7500020D3A8F57841FF391CD0A8F500510C3919
:10E7600018D0B7F9080000EBD0704008E080801C9A
:10E77000A080C4F8009039892181A4F80A90A4F8F7
:10E780000C90A07B20F00F00401C40F01000A07304
:10E790000020D9E74846A4F80690E9E72DE9F047BC
:10E7A0009A460C468146092A47D000261146D9F8D8
:10E7B0001050F7F7F1F8071E3DD0E8684FF0000859
:10E7C00050B151464846F7F7E7F8020004D0394601
:10E7D0004846F7F7BDF980466868298A00EBC7000C
:10E7E00001FB08F10A110168090D002E02D000BFDB
:10E7F0004FEA4101114401F108014FEA1111A180D2
:10E80000417921810179E18090F90620628190F9B6
:10E810000700A081688A4FEA5022A07B62F30300C0
:10E8200020F01000A07304D04FF6FF7000EA410002
:10E83000E0804FF00100BDE8F0874FF001064FF097
:10E840002002B3E71FB540B113460A466946FFF7F9
:10E8500052FFBDF8040004B010BDFEE770B50446D9
:10E860004068B0B1C268B2B121689047054660689F
:10E87000408840B1A06830B1C06808B102F052FFD2
:10E88000A06802F04FFF002020606060A060284672
:10E8900070BD0B2070BD092070BD000010B504468E
:10E8A0000748EAF7C6FC08E008680078A04201D1F2
:10E8B000086810BD0248EAF7CEFC0100F4D110BD93
:10E8C000B8CA012010B50446E1F7DEFC40B1215C76
:10E8D0002E2907D02F2903D05C2901D0401EF6D164
:10E8E00002A010BD2044401C10BD0000000000002C
:10E8F00010F8011F3A2900D1401C70472DE9F04162
:10E9000017460E0005462BD03078FFF7C7FF0400EE
:10E9100028D0616809B1884730B3A06830B3304669
:10E92000FFF7E6FF0146A3683A4620469847F8B14C
:10E93000411C1DD0C5E90004608870B1102002F0B0
:10E9400065FEA860B0B11021E1F793FCA9684FF013
:10E95000FF300860A968400048600020BDE8F081F1
:10E960000B20FBE70320F9E70120F7E70920F5E793
:10E970000C20F3E7FEE77CB51C004FF0000500D04B
:10E980002560436853B11B6953B1019545686B8895
:10E99000002B01AB06D000F012F80BE00B207CBD81
:10E9A00009207CBD0093006813460A4601462E6983
:10E9B0002846B047002CF4D0019921607CBD2DE998
:10E9C000FF4F0546806814460027D0E90021D0E9B2
:10E9D00002808146686883B09A46B0F802B042452A
:10E9E00049D8884547D2A8EB020080B2ABEB0006BD
:10E9F000A1EB08018E4200D30E46B44209EB0001A0
:10EA000006D82246049802F0CBFECAF8004066E021
:10EA10003246049802F0C4FE0020019001A85C4533
:10EA2000009008D90498A31B8219D5E90010076942
:10EA3000B847074617E0D5E900105B4607694A4624
:10EA4000B8470746A86842680260A968019802446E
:10EA50004A60A11B814200D2084682B2049849460E
:10EA6000304402F09DFE01983044A04200D204469A
:10EA7000CAF8004030E05C4508D9CDF800A006692E
:10EA800029682346049AB047074625E0B9F1000FEC
:10EA900006D1584602F0BAFDA968C860F0B18146B7
:10EAA0000020019001A80090D5E900105B4606699E
:10EAB0004A46B0470746A868C0F80080019AA8688F
:10EAC00008EB02019442416000D22246CAF80020BD
:10EAD0004946049802F064FE0FB106E0FEE7A8681C
:10EAE000DAF8001082681144816007B03846BDE84A
:10EAF000F08FF8B545680446E5B1AE69E6B16B88BC
:10EB00000020C3B3D2B1012A21D0022A11D1134669
:10EB100020680A4601462846B047002809D1D4E9B2
:10EB200000106A46C3699847002802D1A26800997C
:10EB30009160F8BD0B20F8BD0920F8BDA268916076
:10EB4000A3680A461D68A9420CD3596808E0A36867
:10EB50009A680A449A60A1680B689A4202D349688D
:10EB60008A42EAD9D4E900100023846901B0A4469E
:10EB7000BDE8F0406047FFE7134620680A460146BB
:10EB800001B02846B446BDE8F04060472DE9FC419D
:10EB90000C468178154611FB04F109128A4202DC09
:10EBA0000088BDE8FC81017A00EB810212F8023C8A
:10EBB00013FB04F31B129D4202DB32F8040CF0E756
:10EBC000012360E000EB8302927812FB04F2121240
:10EBD000954256DC00EB830737F8040DADF80400CE
:10EBE0000198FCF751F80646B888ADF80400019882
:10EBF000FCF74AF8B97811FB04F1BA79091212FB53
:10EC000004F2D1EB222240D0691A09B2C1EB0121F2
:10EC100091FBF2F1CAB2C2F1FF03C0F3072111FB6D
:10EC200002F1C6F3072414FB031101EBC11404EB3A
:10EC3000C134BDF80010250F65F30201C0F307458C
:10EC400015FB02F5C6F3074717FB035505EBC51780
:10EC500007EBC535AD0E65F3C701C0B210FB02F07E
:10EC6000F2B212FB030000EBC01202EBC030800EC8
:10EC700060F30C21600E60F34F31ADF8001088B2E4
:10EC80008FE75B1CDBB299429CD8FEE74168002904
:10EC900001DA02F047BD7047FEB50546407A1646D8
:10ECA0000C4640072FD0224F387820B9002000F0C2
:10ECB00043F801203870687A00F00700022818D065
:10ECC0004FEA060080EA640068400190002000904E
:10ECD0006A4601A91748F8F7A9FE01280BD0324669
:10ECE00021462846EBF7D0FC009000280BD00024EA
:10ECF00018E02046E6E700980422416802EBB17173
:10ED00004FEAB1014160FEBD22462846FFF73EFFB3
:10ED100002900098BDF80810806800EB4400641C65
:10ED2000018024B20098B0F90E10A142ECDCFEBDC7
:10ED3000100F0020214B010870B5094D04462868CA
:10ED400002F0F0FC204602F061FC2860054DA8604E
:10ED500020B12146E1F78DFA6C6070BDFEE700003E
:10ED6000ECC00120100F002010B50021164802F061
:10ED70001DFA164C2080042008F078FB60800420E7
:10ED800008F074FBE080042008F070FBA0800420F1
:10ED900008F06CFB2081042008F068FB60820420EE
:10EDA00008F064FB2082042008F060FBA0810420AE
:10EDB00008F05CFB6081042008F058FBE08104202F
:10EDC00008F054FBA08210BD196501086C0F0020EB
:10EDD00070B506000C4633D0084600F0D1F8304636
:10EDE000EAF727FA05E00868A04229D03046EAF79A
:10EDF00032FA0100F7D1204604F0C4F840B1A1680E
:10EE0000896829B1C9680968A14201D100F0A3F855
:10EE1000A06810B9204603F0E3F9A0688660304688
:10EE2000EAF77BFA05000AD030462C60EAF701FACF
:10EE3000A84205D13046BDE8704000F08CB8FEE72E
:10EE400070BD000010B50446074A0849F6F72CFBD0
:10EE50006269002A06D0002804D12046BDE810408F
:10EE60000121104710BD000057920008339200089E
:10EE700070B5060043D004F085F804003FD0207F31
:10EE8000C0073CD10021204600F0D7F82046EAF721
:10EE9000D0F932E02868B0422BD1E06888B1006830
:10EEA000B0420ED02046F6F72BFE0246E0680F2156
:10EEB0000068FFF7B3FB012821D1E068006805F086
:10EEC000E4FCE560002D1AD0216909B1204688478D
:10EED0002046F6F715FE0246E0680E210068FFF7AF
:10EEE0009DFB01280BD1E0680068BDE8704005F08B
:10EEF000CCBC29462046EAF7AEF90500CAD170BD60
:10EF000010B50446074A0849F6F7CEFA6269002AA6
:10EF100006D0002804D12046BDE81040002110474B
:10EF200010BD00005F92000865920008014800686B
:10EF3000704700000CC00120002802D0007FC0F301
:10EF400040007047002803D0C068002800D0006847
:10EF50007047EAF772B970B50446007FC0F3C00588
:10EF600040F0080020774007204602D4FFF76AFFF0
:10EF700001E0FFF7C5FF207F65F3C300207770BD78
:10EF80002DE9F041064603F0FDFF04003DD0E068A6
:10EF9000002740B30068B04220D1207FC10702D0D3
:10EFA00020F0010020772046EAF743F9E168884223
:10EFB0000FD12046EAF756F9E168884209D1204688
:10EFC000F6F79EFD0246E0680F210068FFF726FB7A
:10EFD00002E02046FFF7BFFFE06820B1E06800686C
:10EFE000B04200D1E7602046EAF723F911E0286833
:10EFF0002946B04220460AD1EAF7B6F9284602F07F
:10F0000091FBB068002800D08760BDE8F081EAF786
:10F0100022F90500EBD1F8E713B5FFF793FF0400E1
:10F0200003D0802105F04EF908B101201CBD01AAD2
:10F030000D212046FFF7F2FA1CBD70B504001CD06C
:10F04000207FC0F340028A4217D061F3410020774D
:10F050002046FFF777FF05000FD02046F6F750FD5A
:10F060000246E0680E210068FFF7D8FA012804D1B3
:10F070002846BDE8704005F008BC70BD70470146E9
:10F0800000200F290AD2DFE801F009090909080A5E
:10F09000080C0E10120C0E101200102070471820D1
:10F0A00070470120704702207047042070470820F5
:10F0B000704701460020891E0D2909D2DFE801F0C2
:10F0C00007080807080707070707070707000120C1
:10F0D000704701460020032901D0062900D10120F4
:10F0E000704770B500254D6291F838000C4620F04D
:10F0F0007C0040F0030081F83800084605F08DF8E8
:10F10000A085204603F043FFE08525864FF48070FC
:10F11000E08694F83800022140F0800084F838003E
:10F12000258565856586A58684F83950204603F0D7
:10F1300043FA2046BDE870404FF4803102F034BEFF
:10F1400010B50146034803F06BF9044603F0DEF9FD
:10F15000204610BD1C82030870B54C6A0D46002C79
:10F1600012D0287C012802D12046FFF777FBE06807
:10F1700008B102F0D7FA206908B102F0D3FA2046AC
:10F1800002F0D0FA0020686270BD00007FB514461E
:10F190000D46084600F08CFD20B1012817D002284A
:10F1A00039D035E0296801F01F00001F11282FD247
:10F1B000880A216860F3942121602868400D60F37B
:10F1C0005F512160287860F3040121602FE0284618
:10F1D000FFF778FB17A1E1F75EF8C8B902222946CC
:10F1E0006846FFF78BFB68B903AB042221466846EB
:10F1F000FFF7C1FB05466846FFF730FB45B90398AA
:10F20000042805D1207800F01F00001F11280ED31C
:10F21000002004B070BD2068012161F39420C0F388
:10F22000140000F5001020F01F000B3020600120BA
:10F23000EFE7000062696E002DE9FF4F80465CA099
:10F2400087B0006804905BA05BA3006893460F46FC
:10F2500005900FCB8DE80F00B8F80810002089B298
:10F26000CAB2090A09E000BF149C00EB4003401C2D
:10F27000E254149C00B2234459700A9B9842F3DB79
:10F2800098F814004FF0000900F01F00FFF7F7FE98
:10F290008246012101FA0AF1491E88B20690002532
:10F2A000D8F814002C4600F01F012E460B2906D07A
:10F2B0000C2912D00D2920D00E2931D12CE0C0F319
:10F2C0008A20C01DC50804EBE70115FB0B1407F0ED
:10F2D0000700C0F1070604A80DE0C0F38A20C01C97
:10F2E000850804EBA70115FB0B1407F003000621AA
:10F2F000A1EB400605A8814612E0C0F38A20401C1D
:10F30000450804EB670115FB0B1407F0010004210D
:10F31000A1EB80066846EEE7C0F38A2515FB0B7467
:10F320002846D8F8247002F09FF95FEA000B13D04A
:10F3300098F81000A0B10022211D3846FFF7D9FB34
:10F3400000232A4659463846FFF715FB5946CAF1AD
:10F350000802002053B222E000200BB0BDE8F08F7D
:10F36000D8F8040080680119F1E70A78069CF24099
:10F37000224098F8144004F01F040E2C01D019F814
:10F380000220149C00EB40052C44A270A6EB0A025C
:10F3900056B2002E01DA1E46491C401C00B20A9AE1
:10F3A0009042E2DB584602F0ABF90120D5E70000BD
:10F3B00000FF00000055AAFF001122334455667774
:10F3C0008899AABBCCDDEEFF2DE9FF4F8046007D7A
:10F3D00081B091460E4600F01F00FFF750FE8246B6
:10F3E000012101FA0AF1491E0025D8F814001FFA7C
:10F3F00081FB00F01F012F462C46072906D0082963
:10F4000012D009291FD00A2932D12BE0C0F38A205B
:10F41000C01DC50804EBE60115FB091406F0070042
:10F42000C0F10707083423E0C0F38A20C01C850818
:10F4300004EBA60115FB0914062106F00300A1EB5D
:10F440004007103414E0C0F38A20401C450804EB48
:10F45000660115FB0914042106F00100A1EB8007E9
:10F46000403405E0C0F38A2515FB096404F5806487
:10F470002846D8F8249002F0F7F8061E40D098F8F5
:10F48000100068B10022211D4846FFF732FB00231F
:10F490002A4631464846FFF76EFA3146002028E0FA
:10F4A000D8F8040080680119F8E70A78D9F80C3018
:10F4B000FA4002EA0B0203EB42030E9D1B8800EBAD
:10F4C0004004ADF800302B55BDF800301D0A0E9BEE
:10F4D00023445D70D9F81040A25C9A70A7EB0A0231
:10F4E00057B2002F03DACAF1080257B2491C401C78
:10F4F00000B2049A9042D8DB304602F001F90120B4
:10F5000005B0BDE8F08F00002DE9FE430646087CFB
:10F510000C46012801D000B323E06068FFF7D2F960
:10F5200069A1E0F7B8FE002857D102226846616859
:10F53000FFF7E4F90028F7D1606A38B9142002F027
:10F5400065F8606240B1142102F033F969460C227B
:10F55000606AE0F766FE04E0FEE760688068002805
:10F5600075D0616901F01F000E2816D0142814D040
:10F5700004283BD0052839D0062837D0072839D0B1
:10F58000082837D0092835D00A2833D00B2828D0AE
:10F590000C2826D00D2824D090E0227CF2B1C1F3B3
:10F5A0008A22490D12FB01F114281BD001264E437B
:10F5B000304602F02BF805000FD0676A00220421C4
:10F5C0003846FFF796FA0023324629463846FFF7B9
:10F5D000D2F948B1284602F0A5F873E06068806867
:10F5E000A06168E00326E2E7A56164E0207C0028D2
:10F5F000F4D060E0FFF743FD01278740606A38B927
:10F60000142002F003F86062B8B1142102F0D1F8BE
:10F610007800656A01F0FAFFE86078B1384601F0D9
:10F62000F5FF286158B1E86878B3207C012807D03D
:10F6300060680024D0F808803BE0FEE7FEE7FEE7C4
:10F64000002204212846FFF754FA00241AE033E090
:10F650000023042269462846FFF78DF99DF8002013
:10F660009DF801109DF80200FBF705FA0190E8688B
:10F67000BDF8041000EB4400018029699DF80300E7
:10F680000855641CBC42E3D315E017E008EB840680
:10F6900018F824207178B078FBF7EDF90090E8684D
:10F6A000BDF8001000EB440001802969F07808558E
:10F6B000641CBC42EAD30120BDE8FE8321463046EB
:10F6C000FFF74AFD0020F7E762696E002DE9F84F69
:10F6D0000C461D461646207DDDE90A32002100F069
:10F6E0001F00042816D0052814D0062812D00B2895
:10F6F00039D00C2837D00D2835D00E2833D0072824
:10F7000038D0082836D0092834D00A2832D0002032
:10F71000BDE8F88F277C012F33D198469146D4F865
:10F7200024A0FFF7ACFC07466069C0F38A2015FBF4
:10F7300000607843C11000225046091DFFF7D9F937
:10F74000002470B9FD0805FB08F56B462A464946BA
:10F7500050460094FFF70FF918B90098854200D180
:10F76000012421460DE000922A4631462046FFF74B
:10F7700063FD05E000922A4631462046FFF724FE4D
:10F7800001460846C4E710B50446006800280BD0BF
:10F79000C2680AB121469047207C012804D16068E4
:10F7A00001F0C0FF0020606010BD000010B50548EA
:10F7B000E9F764FD040004D0142101F0FAFF2046AB
:10F7C00010BDFEE7DCCA01202DE9F0410F460546D9
:10F7D0000421384601F0EDFF25B1284600F068FA13
:10F7E00018B105E00020BDE8F081A8680028FAD033
:10F7F00000260A48E9F71DFD0BE023682BB13A46C5
:10F80000294698470646012805D021460348E9F7CE
:10F8100022FD0400F1D13046E5E70000DCCA0120FA
:10F820002DE9FF410E461D460446282101F0C1FF87
:10F83000AEB1304600F03CFA08B9B16879B1BDF814
:10F84000081021812074E56001280CD06660002733
:10F850002148E9F7EEFC054604F1140831E00020E8
:10F8600004B0BDE8F0813046E0F70EFD401C01F029
:10F87000CDFE606018B13146E0F71BFDE7E7FEE71B
:10F880002B68CBB16868B8B14246314628469847E4
:10F890000746012810D125606A682146284690470E
:10F8A00007460128DCD00421404601F082FF0020F9
:10F8B0002062A0616062E06129460748E9F7CBFC5D
:10F8C0000546002DDCD1207C012802D1606801F0C2
:10F8D00029FF3846C4E70000DCCA01202DE9FC41BD
:10F8E00005680E46089FAC6800213CB1CDE90037A1
:10F8F0001346014632462846A04701460846BDE861
:10F90000FC8110B591F838000C4600F00300012886
:10F9100001D0022809D154F8240F01F003FF002080
:10F920002060207D40F00300207510BD2DE9FF41CF
:10F930000F460846FEF730FE0546152807D0182D5D
:10F9400005D03946744803F03BFA012869D138469E
:10F95000FEF760FE04462A2D13D04FF48076132D57
:10F9600021D0112D5FD02C2D7ED0152D03D0182D38
:10F9700001D0122D55D104B03846BDE8F041EFF763
:10F980006FBC94F8380000F003000228204604D031
:10F9900004B0BDE8F04105F011BC616A04B0BDE8F7
:10F9A000F04100F0DDB83846FEF732FE0546208E05
:10F9B00010B9E08EB04234D0204604F02EFC06464A
:10F9C000204603F0E4FA074604F13201E08ECDE967
:10F9D0000001B4F930303A46314602A8E9F7C2F8DE
:10F9E000BDF90800B5F900104042814200DD08462B
:10F9F00000B22880BDF90A104942884200DC08465E
:10FA000000B22880BDF90C10891B884200DC084632
:10FA100000B22880BDF90E10C91B884200DC0846E0
:10FA20002880BDE8FF813846FEF7F2FD05462046F6
:10FA300004F0F3FBB4F92C1088424DD1204603F0BA
:10FA4000A6FA0146B4F92E00814245D1E18EB142B9
:10FA500013D1218E89B9B4F92C10B4F9322001EBFD
:10FA6000D171B2EB610F00E041E006D1B4F934107E
:10FA700000EBD070B1EB600F2ED0204604F0CDFB30
:10FA80000646204603F083FA024604F13201E08E76
:10FA9000CDE90001B4F93030314602A8E9F762F847
:10FAA000BDF80800A18A00220844ADF80800BDF89E
:10FAB0000A00E18A0844ADF80A00BDF80C00A18AEA
:10FAC0000844ADF80C00BDF80E00E18A0844ADF81A
:10FAD0000E0002A8296806E06946204603F09DF959
:10FAE000002268462968E8F73EFE287199E7384603
:10FAF000FEF78EFD054694F8390000F0030001285A
:10FB000004D0A08D2880E08D68808AE7204600F030
:10FB100005F8286085E700001C8203081FB500F186
:10FB20003202C18ECDE90012B0F93030B0F92E208A
:10FB3000B0F92C1002A8E9F715F8BDF80C00BDF8D3
:10FB40000810BDF80A20411A2046491C61F30F0035
:10FB5000BDF80E1004B0891A491C61F31F4010BD96
:10FB60002DE9F04385B08846044604F08EFE4046F9
:10FB700000F09EF805464FF00009032809D003A9BC
:10FB80004046FFF721FEC5B1012D24D0022D22D021
:10FB900068E094F8380000F00300022801D0012842
:10FBA00002D1606A01F0BEFD44F8249F207D40F040
:10FBB0000300207505B0BDE8F08394F8380000F02C
:10FBC0000300012801D0022802D1606A01F0AAFDD9
:10FBD000C4F8248046E0606A404519D094F8381093
:10FBE000002601F00301012901D0022900D10646B7
:10FBF0004046E0F749FB401C01F008FD07000AD031
:10FC00004146E0F756FB676216B1304601F08AFDC7
:10FC1000022D01D026E0FEE720460021572204F005
:10FC200029F9064620460021582204F023F907B29C
:10FC300020460021592204F01DF900B241F6FF725E
:10FC40008DE805023B463246414604A809F074F9A6
:10FC5000BDF81010039861F39420BDF8121061F301
:10FC60005F50039094F8380065F3010084F8380081
:10FC70000398C0F38A21A185430DE38594F83820C9
:10FC800060F3860284F838204A08810D6286204697
:10FC9000A18605F0BFFA208E18B9E08EB0F5807FFE
:10FCA00002D0204605F08AFA204604F0EEFD81E7F6
:10FCB000032130B10078A0F120015F2903D8012091
:10FCC000704708467047802801D302207047002003
:10FCD000704710B504462021E0F7CBFA00202070D1
:10FCE0000A20207660764FF4C870A0836420E083F9
:10FCF0003220E0760320A07610BD000070B50546E6
:10FD0000006920B9FBF79AFB2861002814D00B4842
:10FD1000E9F7B4FA040010D05C21E0F7AAFA2560F4
:10FD20006079224640F0020060710F21044808F01B
:10FD300045FE21684861204670BDFEE7ACCA01203F
:10FD4000F1FD0108014880687047000010C00120E3
:10FD500018B101460248E9F77EBA0148E9F769BAE5
:10FD6000ACCA0120014840687047000010C0012063
:10FD700038B102681278012A05D0032A03D04FF067
:10FD8000FF30088002E002890A804089488070477D
:10FD9000002806D001680978012903D0032901D081
:10FDA0000020704790F8440000F00F0070470028D2
:10FDB00006D001680978012903D0032901D0002069
:10FDC0007047006B7047002801D0006800787047CA
:10FDD00000220A804A80002809D002681278012A8D
:10FDE00001D0032A03D1028B0A80408B48807047E0
:10FDF0007FB52A4CC068A0600168096900294CD011
:10FE0000F7F7CCF9A0684179490746D40068006942
:10FE10004069002841D100256946A068E8F79EFFA7
:10FE20009DF80F60A068F7F7B9F96560A1689DF8C3
:10FE30000E000871012806D008680078042809D14E
:10FE4000BDF80C00D0B108F055FDA168096809693A
:10FE5000C1F86401A06801680978012906D0022967
:10FE600008D004290AD003290DD00FE06946F6F71F
:10FE7000B9FF0BE06946F6F7C9FE07E06946A068DE
:10FE8000F6F7A8FC02E06946F6F71DFCA068F7F754
:10FE900085F9002EC0D1A56065607FBD10C001202E
:10FEA00070B5204E0C460025B0B3417941F00201F7
:10FEB0004171B168814200D17560016809780129FA
:10FEC00001D002290ED114B1416BA14201D1456389
:10FED00014B1816AA14201D1856214B1C16AA14203
:10FEE00000D1C56270BD417941F0020141710168E4
:10FEF0000978012901D002290ED114B1416BA14228
:10FF000001D1456314B1816AA14201D1856214B166
:10FF1000C16AA14200D1C562FFF71AFF0028E2D1F1
:10FF2000756070BD10C0012010B50446407920F006
:10FF30000100607108F0DEFCE06408F0DBFCA06406
:10FF400010BD002804D0032906D00C2901D00020C0
:10FF50007047B0F9261001E0B0F924100068427E25
:10FF60000020C2F16402642306E0084400B212FBE0
:10FF700001F191FBF3F109B20029F6D17047F8B510
:10FF80000C460546012104F091F968BB20680090F9
:10FF9000012300226946284605F058FF6946284695
:10FFA00004F095F906460022694605F11400E8F7C9
:10FFB000DAFB28B94FF40021284604F077F980B124
:10FFC000284602F025FF401E04000AD4A8686946AE
:10FFD000006850F82400FFF7D2FF002803D1641E08
:10FFE000F4D50EB12846F8BD0020F8BD002803D096
:10FFF000417941F0080141717047000010B5144C7F
:020000040802F0
:100000002078002821D101F0A3FBE9F70FFCE8F7E5
:100010009DFDE8F7FFF9E8F79FFDFBF7EFFCE9F737
:10002000CFFA4FF4B4710B48E9F720F95C210A4884
:10003000E9F71CF9E9F7C8FBE8F774FE442011283A
:1000400004D0FEF716FB0120207010BDFEE7000073
:100050001CC00120A0CA0120ACCA012010B50C466A
:100060000421204602F0A8FA0020A06384F83C0096
:1000700084F83D00034602460521204601F036FF84
:1000800000231C220649204601F042FE00221146B0
:10009000204605F0D7FD2046BDE8104000F03CB9F1
:1000A000A500020870B5FEF7B5FA0446F9F7BEFCE4
:1000B000A0F57F41FF397BD02046F9F7B7FC014618
:1000C0002046F9F789FC050072D069A1E0F7E3F852
:1000D000684E002846D068A12846E0F7DCF80028E2
:1000E00046D066A12846E0F7D6F8002846D064A19D
:1000F0002846E0F7D0F800284CD062A12846E0F767
:10010000CAF8002846D060A12846E0F7C4F80028C5
:1001100053D0A06B00284BD05CA12846E0F7BBF879
:1001200000285AD05BA12846E0F7B5F8F0B35AA1F1
:100130002846E0F7B0F8D0B358A12846E0F7ABF86E
:10014000B8B357A12846E0F7A6F898B355A12846BA
:10015000E0F7A1F80028A06B59D02946BDE870400F
:1001600007F0B4BF002184F83C10204631680AE053
:10017000012184F83C102046716804E0022184F8D3
:100180003C102046B168F9F7B9FC2046BDE8704044
:1001900000F08AB8002220212046FEF73FFA01280D
:1001A00065D1A06B002862D0002204E015E01FE0BA
:1001B0005DE022E026E020210BE000221F21204606
:1001C000FEF72CFA012852D1A06B00284FD0002254
:1001D0001F21BDE87040FEF721BA0A21A06B07F08D
:1001E000F3FEA06B08F0AEF9002840D0A06BEEE75C
:1001F000A06BBDE8704008F07CB8A06BBDE8704013
:1002000008F07EB8A06BBDE8704008F0A7B808F011
:1002100097F985B2A06B08F0B3F900782D280FD0BC
:100220002B28A06B16D0002108F0BCF92D21A06B63
:1002300007F0CAFEA06B691CBDE8704008F0B2B9B7
:100240000121A06B08F0AEF9A06B08F087F82B2114
:10025000A06B07E0012108F0A5F9A06B08F07EF87B
:100260002D21A06B07F0B0FE2946A06BE4E770BD1E
:100270006162630048C00120414243003123000015
:10028000EF808D00EF849C00EF808C00456E7465DC
:1002900072000000EFA2A200EF819300EF819400B2
:1002A000EF959A002B2F2D002DE9F04104460746CB
:1002B00090F83D00174EC00708D094F83C0056F85F
:1002C00020103846BDE8F041F9F70BBC208E400005
:1002D00001F09CF997F83C10228E054656F8211043
:1002E0005200DFF79EFF002008E000BF35F8101035
:1002F00021F4806125F81010401C80B2218E8142CB
:10030000F4D829462046F9F7ECFB2846BDE8F04131
:1003100001F008BA6CC0012010B5044690F83C000A
:10032000054951F820102046F9F7E8FB2046BDE8C2
:100330001040FFF7B9BF000048C0012010B50C46BF
:100340000020486214F8481F21F0180104F81C1915
:10035000411E2160227F22F00702227720836083E2
:10036000E060C4E90110090C2161616144F8040CEA
:1003700014F81C0F022120F0400004F84809204620
:1003800002F01AF90021204600F054FE2046BDE894
:10039000104001A100F08ABE54657874000000008E
:1003A00010B50146034802F03BF8044602F0AEF8EF
:1003B000204610BD3882030810B508460C4600F0F0
:1003C0000AF894F84800000702D4606A01F0AAF91C
:1003D0000020606210BD10B5044690F84800400649
:1003E00003D5A06A08B101F09DF994F8480020F007
:1003F000400084F848000020A06210BD2DE9FF47AE
:100400000E463F4802F0DCFC012876D13046FEF76C
:10041000C3F804463046FEF7FDF805462A2C1CD0EA
:10042000132C0BD0292C18D02C2C1ED0152C64D1B9
:1004300004B03046BDE8F047F0F78ABC002103F075
:10044000A9FDB0F9080004B0C11700EB917081104C
:100450003046BDE8F047FEF701B900F0B9FD04B041
:100460002846BDE8F04700F04FBB002103F092FDA5
:1004700081460021284603F09FFD80460021284642
:1004800003F0B2FD074695F848000024C10600D5E8
:100490000124800601D544F00204284602F024FD20
:1004A0000021284603F0F4FDA0F51C51D13905D1F7
:1004B000688C000502D441F6FF7002E0284602F085
:1004C00013FD0097CDE9010443464A4603A8696A33
:1004D00008F032FD3046FEF79BF8B0F90020BDF978
:1004E0000C108A4200DD11460180B0F90220BDF9EE
:1004F0000E108A4200DD11464180BDE8FF870000F2
:10050000388203082DE9F04F8BB00D00804659D09A
:100510000021122203F0AEFC29881022081A60F391
:100520000F044046002103F0A5FC6988081A60F317
:100530001F44A14608A9404602F08EFCBDF82400E5
:10054000BDF820100025401A401C00B2D8F82470D5
:1005500005902C462946404603F01CFD02900021E0
:10056000404603F041FD00900021404603F024FD89
:1005700003900298AB465E46B0F90800079098F8E1
:100580004800C10600D50126800601D546F00206C6
:100590000021404603F07CFDA0F51C51D13905D166
:1005A000B8F82200000501D446F0040640460021B8
:1005B000D8F8242001F016FF82460099079800EB36
:1005C000010821E0FEE70020CDE90006DDE9021286
:1005D0007819059BE9F770F9044407984FEA294216
:1005E000584482420BDC444A0094694612683846FB
:1005F00090470A280BD0385D48B9641C07E008EB27
:100600000B000FFA80FB2546785D0028DBD107EB55
:10061000050B4FF00008BAF1020F03D0BAF1030F37
:1006200016D025E0DDE90223611B5846009608F04C
:10063000E1FCBDF82410BDF8202000EBD070891A31
:10064000491C09B201EBD1714910A1EB60000DE02A
:10065000DDE90223611B5846009608F0CBFCBDF88B
:100660002410BDF82020891A491C081A0FFA80F8B6
:1006700000208DF818008246049044BB2BE004ABA8
:100680006A4601A95846E9F7FFF8F00706D0049832
:100690001BF8001006A8E9F7B9F9C0B9DDE90110A7
:1006A000009AFEF7CFF801B20FFA89F208EB0100C9
:1006B00082421EDB04994A19A2421AD00AEB0502B3
:1006C000BA5CB2B1039A8A4610440FFA80F80498D3
:1006D0002844A042D3D3094C584604992268904735
:1006E000064622682946384690470BB03044BDE89C
:1006F000F08FCDF810A0EEE7BC0F002030C1012034
:100700002DE9F74F8AB05FEA0209804664D0D8F835
:10071000245040462A46002101F064FE8346287892
:1007200000285AD007A9404602F096FBBDF82000E9
:10073000BDF81C100024401A401C00B2049026464C
:100740002146404603F026FC03900021404603F07A
:100750004BFC06900021404603F02EFC02900398CB
:10076000A2465746B0F90800059098F84800C1061F
:1007700000D50127800601D547F002070021404639
:1007800003F086FCA0F51C51D13905D1B8F8220040
:10079000000501D447F004074B4A28460B9912681C
:1007A00090478046A85DA8B3DDE90510084409908C
:1007B0000020CDE90007DDE902212819049BE9F7B3
:1007C0007BF80644B04526D3A85D18B30998344693
:1007D00050440FFA80FAEBE7FEE70020A9F8020088
:1007E0005946BBF1010F07D002290AD0BBF1030F14
:1007F00004D1404602F078FBA9F800000DB0BDE836
:10080000F08F404602F070FB00EBD0704110A9F869
:100810000010F3E7FFE7B8F1000F12D005EB080076
:1008200010F8010C0A2801D00D280AD115F808008B
:1008300038B9DDE90501014401EB0A000FFA80FA3D
:1008400044462819CDE90070DDE90103A8EB040155
:10085000039A08F0CFFB05460B98A04202D00298FD
:10086000284405B2BBF1020F03D0BBF1030F16D031
:1008700025E00097DDE90103311B039A08F0BAFB7C
:10088000BDF82010BDF81C2000EBD070891A491C5F
:1008900009B201EBD1714910A1EB60000DE00097A6
:1008A000DDE90103311B039A08F0A4FBBDF8201019
:1008B000BDF81C20891A491C081A284405B2A9F859
:1008C0000050A9F802A099E728C1012090F848003B
:1008D000C0F300107047406A7047006C7047C06BEF
:1008E000704700002DE9F04117000D46044627D05F
:1008F00094F84800000725D4204603F0C6FF606A3C
:10090000DFF7C2FC06463846DFF7BEFC8119491CFA
:10091000606A00F02BFF606298B1A5F57F41FF3956
:1009200003D109490968884705463A462946606A5D
:10093000E9F742F82046BDE8F041002100F0B6BBDF
:10094000FEE7FEE7BDE8F081C00F00202DE9F04F83
:1009500095B05FEA010A80465FD010A9404602F0D8
:100960007BFABDF84400BDF840100024401A401C3A
:1009700000B2D8F824700A9025462146404603F07C
:1009800009FB03900021404603F02EFB009000215C
:10099000404603F011FB029003980021B0F90800D3
:1009A0000B904046D8F8242001F01CFD834698F8AF
:1009B0004800A1464E46C10600D50126800601D555
:1009C00046F002060021404603F062FBA0F51C52EF
:1009D000D13A05D1B8F82210090501D446F0040631
:1009E0000B99009801EB0008385DB8B10020CDE903
:1009F0000006DDE9022138190A9BE8F75DFF0B9933
:100A00000544BAF9022009EB0100824206DD08EB39
:100A100009000FFA80F92C46E6E7FEE74FF00008E0
:100A2000C146BBF1020F03D0BBF1030F16D025E086
:100A3000DDE90232291B3819009608F0DBFABDF80F
:100A40004410BDF8402000EBD070891A491C09B24F
:100A500001EBD1714910A1EB60000DE0DDE902323C
:100A6000291B3819009608F0C5FABDF84410BDF8E6
:100A70004020891A491C081A0FFA80F800208DF8C6
:100A80004800089004940C90FDB16D1E0498A84293
:100A90001BD804AB0CAA08A93846E8F7F5FEF00706
:100AA00006D00498395C12A8E8F7B0FF0028EDD111
:100AB000C1460C9A08990398FDF7C4FE4044BAF960
:100AC000001000B2814216DA04940C9A0899039837
:100AD000FDF7B8FE0299029B0144BAF90000A9EBA8
:100AE0000302491C90420CDB4944884209DC012086
:100AF00015B0BDE8F08F0299049C08440FFA80F805
:100B0000C4E70020F4E700002DE9F04F0446406AF6
:100B100097B000287ED04FF0FF3903A92046C4F8D3
:100B2000309002F099F9BDF81000BDF80C10401A91
:100B3000401C0FFA80F80021204603F02BFA0546EE
:100B40000021204603F050FA07460021204603F01A
:100B500033FA824694F848000026C10600D50126E3
:100B6000800601D546F002060021204603F090FAE7
:100B7000A0F51C51D13904D1608C000501D446F098
:100B800004060097CDE9018653462A4616A8616AF5
:100B900008F0D2F9204604F03DFB94F848004FF6E7
:100BA000FF7B00F007004FF00008022804D0032864
:100BB0007ED001287DD0F6E10021204602F0E8FE3B
:100BC0000604360C08D1204602F0AEF9FAF73CFCD8
:100BD000032190FBF1F086B205A8F7F7D1FB4FF4A3
:100BE0009670059412901490BDF81000BDF80C108A
:100BF000BDF95820401A401C002700B2ADF854B08F
:100C0000904233DA0021801ACDE90E10E9480D91A7
:100C1000014600E0CAE106902046F7F799FB002163
:100C20000A4620B1016B90F84200C0F340021098D0
:100C300088420FDD9DF85600119120F001008DF8DB
:100C400056003AB140F002008DF856000F990D9809
:100C50000D910F9030460F9A0D99F7F7F8FB109011
:100C6000139005A8F7F700FC012705E0D1492046BD
:100C7000F7F73EFBA4F84480BDF81200BDF80E1053
:100C8000BDF95A20401A401C00B290427EDA002F73
:100C90007CD1821AB5F908000021101ACDE90E1096
:100CA000C5480D91014606902046F7F751FB01E03B
:100CB00023E0C5E000210A4620B1016B90F8420014
:100CC000C0F34002109888420FDD9DF85600119144
:100CD00020F001008DF856003AB140F002008DF886
:100CE00056000F990D980D910F9030460F9A0D995F
:100CF000F7F7ADFB109013909EE020460021642290
:100D000003F0B8F806460021204602F041FE070431
:100D10003F0C08D1204602F007F9FAF795FB0321B2
:100D200090FBF1F087B205A8F7F72AFBBDF8100099
:100D3000BDF80C100594401A401CBDF9581000B2C3
:100D4000ADF854B04FF00009884234DA2022114641
:100D50002846FDF777FDBDF9581000EB4000084428
:100D60004142CDE90E9193480A460690CDF8349061
:100D700049463846F7F76BFB10908E492046F7F747
:100D8000E7FA00B1006B36B1306B00E027E011905C
:100D9000F06B149009E01099814206DD11909DF8E6
:100DA000560020F001008DF8560005A8F7F75CFB0F
:100DB0004FF0010905E07F492046F7F799FAA4F8BA
:100DC0004480BDF81200BDF80E10401A401CBDF959
:100DD0005A1000B2884202DAB9F1000F06D0764903
:100DE0002046F7F785FAA4F84680DCE0B5F908203C
:100DF0000020114449420D90CDE90E016E480A468B
:100E0000069038460D99F7F722FB10906A49204664
:100E1000F7F79EFA00B1006B26B1306B1190F06BC2
:100E2000149009E01099814206DD11909DF856005A
:100E300020F001008DF8560005A8F7F715FBB2E089
:100E4000BDF81200BDF80E10401A401C01B2BDF9E9
:100E50005A00814209DAB5F90810884205DD574980
:100E6000606A09688847032802D8C4F82C909AE081
:100E7000BDF81000BDF80C102E22461A1146284667
:100E8000761CFDF7DFFC5044A0EB80003044ADF849
:100E90000000BDF81200BDF80E10401A401C00B250
:100EA000ADF80200B5F90820D11990FBF1F301FB70
:100EB00013018A42A0EB010004DCADF8020029898D
:100EC000084400E0C01BADF8020069462046FFF769
:100ED00019FB8146606ADFF7D7F9394A0746494668
:100EE0001268606A9047374D019005E02A6801A9B1
:100EF000606A9047A9F101090198C01CB842F5D871
:100F00000025DFF8C4B0019EAA46606A0199084432
:100F1000DBF8001088472D4A2844C5B2126801A9A1
:100F2000606A9047032D07D80198B84204D80AF1A7
:100F3000010ABAF1030FE8D9616A204601EB060AFB
:100F40000746FFF748FA042D12D9681C00F05EFB33
:100F5000B86240B351462A46DFF763F9B96A01F82F
:100F6000058097F8480040F0400087F848000BE003
:100F700097F84800514620F0400087F8480007F1F4
:100F800028002A46DFF74DF900202E213318626A27
:100F9000401C0328D154F9D3616AF61C09F10300FF
:100FA00001F80680E062204603F06FFC17B0BDE850
:100FB000F08F000069B9020871B90208C00F002063
:100FC00028C10120BC0F002020C1012024C1012024
:100FD0002DE9F0410446054690F8480000F007006E
:100FE000012823D1E96A481C20D0114A686AC91E29
:100FF00012689047024694F848100020490601D52F
:10100000A16A06E004F1280103E00F5C401CF754DC
:10101000C0B26E6A1318F75C002FF6D1095C104459
:1010200031542046FFF7D7F9781EE862BDE8F08119
:1010300028C1012070B50D4604461A49F7F758F942
:1010400019492046F7F754F90020A4F84400A4F801
:101050004600022D0FD0032D0DD0042D0BD094F897
:10106000480020F0200100BF01F0070084F848107C
:10107000012805D00AE094F8480040F02001F3E789
:10108000E06A401C02D02046FFF7A2FF94F8480017
:1010900065F3020084F848002046BDE87040FFF781
:1010A00033BD000069B9020871B9020870B50D4678
:1010B000044603F0EAFB05B9656A606AA8420CD1F0
:1010C00094F84810090708D4DFF7DEF8411C606A7D
:1010D00000F04CFB6062D0B9FEE738B194F84810DC
:1010E000090703D400F01EFB002161622846DFF7E8
:1010F000CBF8401C00F08AFA606268B12946DFF73D
:10110000D8F894F8480020F0080184F848102046E8
:10111000BDE87040FFF7F8BCFEE70FB470B50446B9
:101120000598F8B1204603F0B0FB0598D8B1606A85
:10113000002530B194F84810090702D400F0F2FA03
:10114000656206A90598E8F77CFC606294F848009F
:1011500020F00801204684F84810FFF7D5FC70BC49
:101160005DF814FBFEE72046F7E7016403F08DBB52
:10117000C16303F08ABB70B5044690F848000D4681
:10118000000705D4606A18B100F0CCFA0021616252
:1011900035B194F8480040F0080184F848106562C1
:1011A0002046BDE87040FFF7AFBC00002DE9F041DC
:1011B0000A4C07460A4D60680E46401CC10060603C
:1011C000286800F0D3FA286038B1616800EBC100EC
:1011D00040E902760846BDE8F081FEE7080F0020EE
:1011E000DCC0012038B508460C4607F065FB0090CE
:1011F000BDF80000A084FF2084F8260038BD000060
:1012000070B5A2B00D460846FDF7C6F9064615288A
:1012100007D0162E05D02946874801F0D1FD0128B8
:101220007ED12846FDF7F6F90446152E78D168469A
:10123000FBF750FC6A460021204603F0C9F90198EB
:10124000F9F7D2FA0646F9F7AFFA0146324654F8F2
:10125000240FF9F7A7FC2090BDF88000ADF804003A
:10126000BDF80600ADF880002098F9F7BDFA0646F3
:10127000F9F79AFA014632462068F9F793FC209074
:10128000BDF88000ADF80600BDF80A00ADF880009A
:101290002098F9F7A9FA0646F9F786FA0146324688
:1012A0002068F9F77FFC2090BDF88000ADF80A00B7
:1012B0000B98F9F799FA0646F9F776FA014632469D
:1012C0002068F9F76FFC2090BDF88000ADF82C0085
:1012D000BDF81E00ADF880002098F9F785FA0646A3
:1012E000F9F762FA014632462068F9F75BFC209074
:1012F000BDF88000ADF81E000998F9F775FA0646AA
:10130000F9F752FA014632462068F9F74BFC209073
:10131000BDF88000ADF82400F9F746FAA27800E0A5
:1013200088E001460198F9F73DFC2090BDF8800067
:10133000ADF80400F9F738FAA278BDF80610ADF858
:10134000801001462098F9F72DFC2090BDF8800010
:10135000ADF80600F9F728FA0146A278BDF80A00B0
:10136000ADF880002098F9F71DFC2090BDF88000B2
:10137000ADF80A00F9F718FA0146A278BDF81E0088
:10138000ADF880002098F9F70DFC2090BDF88000A2
:10139000ADF81E00F9F708FA0146A2780B98F9F7A4
:1013A00001FC2090BDF88000ADF82C00F9F7FCF9A5
:1013B0000146A2780998F9F7F5FB2090BDF8800066
:1013C000ADF8240014F8020FBDF82E10503810FBB1
:1013D00001F1AF2091FBF0F1ADF82E1014F82619B1
:1013E000BDF83420503911FB02F191FBF0F0ADF85B
:1013F00034002846FDF7D6F8054601460EA801F050
:1014000033FB0D480F9004F114060020CDE91006BF
:101410001B90CDF848D00EAA1A212046FDF7FEF801
:10142000324669462846FBF741FB0EAA1B2120469F
:10143000FDF7F4F822B070BDFC0603080846002151
:101440000185416280F82A10022101F0B5B8000040
:101450002DE9F04F87B00D465C4801F0B1FC012842
:1014600049D12846FDF798F806462846FDF7D2F8F8
:101470000446132E33D04FF002082C2E3ED0152EEA
:1014800039D107462846FDF78DF88346388D3C460E
:10149000002830D0786A00282DD005A9384601F000
:1014A0003DFD204601F00DFFBDF81410081A06B2EC
:1014B000204601F00DFFBDF81610081A05B22046AF
:1014C00001F065FD82466846FAF7C5FD6A460021CF
:1014D000204603F01FF800244FF0060967E00021C2
:1014E00002F012FB04462846FDF792F8B0F900100E
:1014F000A14200DA048007B0BDE8F08F208D0028FB
:10150000F9D0606A0028F6D02846FDF781F800255A
:1015100007462E462846228DC4460DE0636A33F9FD
:101520002010A94200DD0D460CEB8001595EB1424E
:1015300000DD0E46401C80B28242EFD800212046DA
:1015400002F0E2FA2918304439807880D3E7786ACB
:1015500030F824103144ADF80C10042101EB840163
:10156000415A3144ADF8101097F82A10C90708EB1A
:10157000840121D0415AAAEB01002844ADF80E00A5
:10158000796A09EB8400095AAAEB01002844ADF8F6
:10159000120004AB03AA69465846FAF74FFD9DF8BE
:1015A0000900641C20F004008DF80900A4B2388DF5
:1015B000401EA042CBDC9EE7405A2844ADF80E0006
:1015C000796A09EB8400085AE0E7000054820308B6
:1015D00010B58A42029C01DB904207DA8A4201DBA5
:1015E000884209DD8A4203DC904201DC204610BDBE
:1015F0008A4203DC884201DB184610BD521AE41A05
:10160000401A604390FBF2F0184410BD70B504001E
:1016100010D0094D0146686807F03CFB010007D077
:10162000A8682044A860EA68904200D81046E860A4
:10163000084670BD004870BDF4C0012070B500249C
:10164000084E254656F8340038B100F06BF806EB2A
:10165000C40046F8345085718580641CE4B2102CB7
:10166000F0D370BD20CB01202DE9F04105000BD057
:101670000022224C4FF0FF30012600BF04EBC201D4
:101680008B79DB0703D014E00020BDE8F081898866
:10169000A9420ED305D104EBC200867154F8320082
:1016A000F3E7002804DB04EBC0039B88994200D2D7
:1016B00050B2521CD2B2102AE0D3002805DB04EB52
:1016C000C0018E7154F83000DFE7002704EBC7003B
:1016D0008079C00704D07F1CFFB2102FF6D3FEE73D
:1016E00054F83700294600F041F830B104EBC70147
:1016F0008E718D8044F83700C7E7FEE720CB0120CC
:10170000074A002152F83130834204D102EBC10173
:10171000002088717047491CC9B21029F2D3704764
:1017200020CB0120094910B588420DD000280BD0EC
:10173000064C0146606807F081FAA168814201D930
:10174000081A00E00020A06010BD0000F4C00120D5
:1017500010B54FF4E041034807F062FA02494860CF
:1017600010BD000004C40020F4C0012010B539B140
:10177000094A904208D1BDE810400846FFF746BF2D
:10178000FFF7D0FF044810BD0A46014602484068F2
:10179000BDE8104007F091BAF4C00120DEF741BD6A
:1017A000DEF73FBD13460A461946DEF75BBDDEF79E
:1017B00060BDDEF75EBDDEF75CBDDEF75ABDDEF76D
:1017C00058BDFF22DEF74EBDFF22DEF74BBD826C17
:1017D0008A4206D0426B8A4205D190F86100012806
:1017E00001D801207047002070472DE9F0410446E0
:1017F000FCF7D2FE07283FD12046FCF70BFF054639
:101800002046FCF709FF0446406BA84202D0A06CBA
:10181000A84231D194F8600084F86100294620463E
:10182000FFF7D5FF002827D104F154063046E7F72B
:1018300000FD074601463046E7F70DFD05001BD0C9
:1018400039463046E7F790FD3846FFF76BFF14F84E
:10185000600F2946401E20703046E7F785FD20784E
:10186000401E04F860092046296800F031F9284636
:10187000BDE8F041FFF756BFBDE8F08110B5044662
:101880005430E7F7C0FC002084F8600010BD000071
:101890002DE9F04149480C460188204604F022F821
:1018A0000021204603F0ECFF94F86200002520F0B0
:1018B0000E0084F86050C0B284F8615020F001003E
:1018C00084F86200042104F15400E7F7CFFC2046BD
:1018D00000F002FF0121606200F066FAE5636564D2
:1018E000A564E56421463648256400F099FD064666
:1018F00000F00CFE42F264073946304603F0DCFF8C
:101900000121304603F0CCFF0121304603F0B8FF3F
:101910004FF480484146304600F046FA02213046F6
:1019200000F04AFE264831461C30A66200F078FDE1
:10193000064600F0EBFD42F2D1723946304604F023
:101940009DF80021304603F09BFF02231A46002138
:10195000304603F079FF0221304600F02DFE41466B
:10196000304600F021FA30462663F7F735FD06468B
:1019700023460722134900F0CBF94146304600F0D8
:1019800013FA0021304603F07BFF30466663FDF713
:10199000D7FB0DA1FEF7E4F8206BFEF701FD06462C
:1019A000012100F001FAE5622346A6632565BDE842
:1019B000F0411C220549184600F0AAB9820F002008
:1019C00054060308EB170208EF819300AB1B0208D3
:1019D00010B50C460021204603F052FF02231A46A0
:1019E0000021204603F030FF2046BDE810400221D0
:1019F00000F0E2BD01F15400E7F705BC10B50C465C
:101A0000084601F005FB416A204603F08AFF0121E8
:101A1000204603F035FF02231A460021204603F03A
:101A200013FF2046BDE810404FF4804100F0BCB9E0
:101A300010B5486A0C46002803D0FFF773FE00205B
:101A4000606210BD10B50446006B002833D0E16A17
:101A5000002930D094F86210C1F3410111B301297B
:101A600002D0022908D11CE0002103F075F8002102
:101A7000D4F82C0003F014FF206B03F049FAE06A5D
:101A800003F046FA206B04F011FA206B01F012FA11
:101A90000028206B4FF0010109D0BDE8104000F094
:101AA0008BBD012103F058F80121E06AE2E7BDE8AF
:101AB000104000F079B910BD10B50C460121204648
:101AC00003F0DEFE2046BDE81040022100F074BDA8
:101AD00070B50446C06A0D46A84265D010B1616A6F
:101AE00003F01FFF85B104F15400E7F7C7FB50B1C5
:101AF000056094F86000401C84F860002846A16AE4
:101B000003F00FFF03E0FEE72046FFF7B7FEE562B4
:101B1000206D48B1216C00294FF0010102D000F086
:101B200087F901E000F082FD206CD0B194F86200EA
:101B3000C10711D00007A06C4FF0010106D500F0DD
:101B40003BFD0221A06C00F02FF905E000F02CF91C
:101B50000221A06C00F030FD94F86000022808D249
:101B600010E094F86000022803D294F862000007A5
:101B700008D50121606B00F01FFD0221606B00F0B1
:101B800013F907E00121606B00F00EF90221606B90
:101B900000F012FD00221C212046FCF73FFD2046EC
:101BA000BDE87040FFF74EBF70BD10B5FCF734FDC7
:101BB0000446C06A78B1A26B6AB1416A39B1104675
:101BC000FFF774FA0121A06B00F0F6FC03E001219D
:101BD000104600F0E9F8206C002813D0E26C002ACF
:101BE00010D0416A41B11046FFF760FAE06CBDE8E1
:101BF0001040012100F0E0BCBDE81040012110467A
:101C000000F0D2B810BD10B50C46242104F1240018
:101C1000E7F72CFB04F13000BDE810401C21E7F78A
:101C200025BB10B50C4601F13000E7F7ECFA04F1E2
:101C30002400BDE81040E7F7E6BA00002DE9F043C4
:101C400097B00D46314801F0BBF801285BD128461A
:101C5000FCF7A2FC06462846FCF7DCFC0446152EE1
:101C600051D12846FCF79EFC81466946204601F08A
:101C7000F3F86A4649462046EBF716FE6A4649469F
:101C80002046F1F707FE6A4649462046EFF760FD19
:101C9000BDF80400BDF80010401A401C00B200EB73
:101CA000D07040100E18BDF802100D1804A8FAF7F5
:101CB00011FF4FF4003804AA4146204602F088FC88
:101CC00020460122414602F0D5F800B200EBD07068
:101CD000471020460422414602F0CCF800B200EB47
:101CE000D070F11B4010ADF85410291AADF8561001
:101CF000F119ADF858102844ADF85A0015AA04A9F6
:101D00004846FAF7D3FE17B0BDE8F0839005030804
:101D10002DE9F0411D4616460F46044600F060FAD4
:101D2000A0684FF08062817E02EBB1114FEAB16191
:101D30008176A06801F03F0101EB41018900C06894
:101D4000FFF714FDA168C860A16860B3897E6FF0D9
:101D5000030301F03F0101EB41026FF00B0101EBC6
:101D600082028750A068C268807E00F03F0000EBCE
:101D7000400003EB80000B1D1654A068C268807EF3
:101D800000F03F0000EB400003EB80001550A0681E
:101D9000C268807E00F03F0000EB400001EB800055
:101DA0001044BDE8F081FEE72DE9FF410C460746EF
:101DB00002F0C4FD0646E00702D0384602F065FD99
:101DC000F8692043F861E00711D00221384602F09B
:101DD00079FA60B1384601F0D5F8050007D0FDF773
:101DE00031F82846FDF7AEF808B102F04EFD38464E
:101DF00002F0A4FDB04202D114F0C07F07D03846F3
:101E000001F006F902F0D3FD384602F0D0FDE006FD
:101E10000CD502AA6946384601F061FA694638468F
:101E200002F056FD02A9384602F052FDBDE8FF81DE
:101E3000028C11438A4201D003F02CBE704700008F
:101E40002DE9F047174688464FF6FF7904460023F0
:101E50004A4639460CF01EFB618C00250426C1F36E
:101E60000512E06809E000BF06EBC503C3585FEA4E
:101E7000831C01D4DB0102D56D1CAA42F4D84FF0BB
:101E8000806202EBB1214FEAB1516184C1F30511C7
:101E9000C900FFF76BFCE060608C6FF00702C0F3D5
:101EA000051009E0E16802EBC00C8C4401EBC003B3
:101EB000DCE9001CC3E9001C401EA842F2D8E0681F
:101EC000082100EBC500DEF7D4F9E16841F8358060
:101ED000E06806EBC501425867F3170242504A46D4
:101EE00039462046BDE8F04703F0ACB970B5164658
:101EF0001D460446002203F0A0FE2A463146204635
:101F0000BDE8704003F078BD2DE9FF4F81B09346E6
:101F10008846019803F0CAFFB8F1000F03D1019879
:101F200001F076F8804600242546019801F070F80B
:101F30008146002101F08EFD06460021484601F051
:101F4000A3FE30440FFA80FA0021484601F044FF16
:101F5000304400B200900021404601F07BFD06466F
:101F60000021404601F090FE304407B20021404677
:101F700001F032FF304406B2BBF1000F0FD0BBF1CD
:101F8000160F34D2DFE80BF0D51123343F445467E9
:101F90006913828797A1A6B5BFC5CBD1FDFC0021EF
:101FA000404601F00CFD012822D03C461EE0404690
:101FB00000F09AFF0246019802F02FF9014602EB69
:101FC000D270401001EBD171A0EB61004DE04046B2
:101FD00000F08AFF0246019802F01FF902EBD2716D
:101FE000491000EBD070A1EB600009E03546A0E09D
:101FF000404600F079FF0246019802F00EF9101AEF
:10200000384404B2F2E73C461CE0304405B290E0AC
:10201000404600F069FF0246019802F0FEF80146D2
:1020200002EBD270401001EBD171A0EB610007E030
:10203000404600F059FF0246019802F0EEF8101AEF
:10204000384404B2404600F035FF0246019800F0E3
:102050009EFF101AD9E73C4609E0404600F044FFD5
:102060000246019802F0D9F8101A384404B24046EA
:1020700000F020FF0246019800F089FF02EBD271C8
:10208000491000EBD070A1EB6000BEE7019800F0B2
:102090007EFF4042BAE7404602F0BFF80246019890
:1020A00002F0BBF8014602EBD270401001EBD17197
:1020B000A0EB610007E0404602F0AFF8024601984D
:1020C00002F0ABF8101A04B2E0E7404600F05FFF00
:1020D00005462EE0404602F0A0F80246019802F0C4
:1020E0009CF802EBD271491000EBD070A1EB6000BC
:1020F00007E0404602F091F80246019802F08DF8A0
:10210000101A04B2E1E7019802F087F8404204B2E5
:102110000FE0019802F081F8404204B241E00198DA
:1021200002F07BF8404204B24EE0404602F075F8FF
:1021300004460021484601F042FC012848464CD0A4
:1021400000F0ECFFB8F8142004990A44B9F8141010
:10215000511A0144A1EB0A00204404B2484601F0A0
:10216000A9F8B8F816200E990A44B9F81610511AB1
:10217000014400980022081A284405B2012101E018
:102180001EE00AE0019803F058FD019805B02A46C8
:102190002146BDE8F04F03F02FBC404602F03DF869
:1021A0000446404600F0F3FE0246019800F0EFFEC0
:1021B00002EBD271491000EBD070A1EB600025E773
:1021C000404602F02AF80446404600F0E0FE02468F
:1021D000019800F0DCFE101A18E700F0FFFFB1E7ED
:1021E00010B504468068002813D10B484168491C8B
:1021F00041601C20FFF70AFAA06058B11C21DEF7ED
:1022000038F8A1680F204876A068017E41F00301EC
:10221000017610BDFEE700001CC001202DE9FC4145
:102220000E460546012102F041F8E0BB284600F0C9
:10223000F3FE044600F078FE0746F9F747F9A0429E
:102240000ED03846F9F74AF9A04209D03846F9F7D6
:102250002BF9A04204D03846F9F71EF9A04237D135
:102260004FF400242146284602F027F828BB2846D0
:10227000E7F7BCF8074605F114016846F6F704FED7
:10228000BDF80000C01BADF80000BDF80200C01B87
:10229000ADF80200BDF804003844ADF80400BDF804
:1022A0000600384400E013E0ADF8060031466A4607
:1022B0000846E6F770F900280BD0002301223146CA
:1022C000284601F0F7FE1CE0012101F0EFFF10B1FC
:1022D0000020BDE8FC812146284601F0EEFF80B9D0
:1022E000D5E90501CDE90001002301226946284610
:1022F00001F0E0FE31466A460846E6F74CF9002850
:10230000E7D0284600F084FE051EDDD10120E0E77D
:102310002DE9F0410E460746002501F01FFE04009E
:1023200035D03146384601F00DFE02282FD904EB96
:10233000D470012101EB60043146384601F008FEFB
:1023400020440FFA80F83146384601F0E3FD044698
:102350003146384601F0EAFD002C01DD214600E05F
:102360006142002801DD024600E04242914205DD63
:10237000002C01DD204604E0604202E0002800DC81
:102380004042404400B2002800DA28460546314663
:10239000384601F007FC04000ED03146384601F003
:1023A000F5FB022808D93146384601F0F5FB2044F8
:1023B000A84200DB05462DB238463146692201F0BD
:1023C00059FD04B2384631466A2201F053FD00B28D
:1023D000844200DC0446002C01DD281905B22846A1
:1023E000BDE8F08170B50D4606465B2201F042FD66
:1023F000C4B230462946162201F03CFD04B901243E
:10240000204670BD00231A460921FFF76FBD002842
:1024100003D00068884201D1012070470020704736
:102420002DE9F041074606460D464FF000083648B4
:1024300000E03668AEB1B1690142FAD0B069C0F3CC
:102440000F163046FFF7E2F8041E32D03146DDF7B2
:1024500010FFC4E900750126771F25B1A86888B36D
:1024600034E04646EDE7F8F7E9FF05001DD0EA68DD
:102470000AB3686A401C810068621046FFF776F96B
:10248000E860696A07EB810140F80140A4F8148014
:10249000A4F816800020F8F7E9FF401E20830020F2
:1024A000F9F72AF8401E608322E02046FFF73AF948
:1024B0000020BDE8F0810420FFF7A8F8E860046080
:1024C0006E62E3E7FFE72846FFF78AFEA868016827
:1024D00081B14168491C4160A86889000068FFF724
:1024E00045F9A9680860A968496807EB810144506B
:1024F0002046DEE70420FFF789F8A9680860046039
:10250000A8684660F4E70000F0FF0F0070B50546CC
:1025100002F04DFA002000F0AFFA284606F054F918
:10252000284600F08BF8012000F0A6FA4FF6FF7263
:102530004FF47021284602F085FE284602F06AFE1C
:10254000FCF7F4FC030007D0284602F0E8F918B1C4
:1025500029461846FCF73CFC284600F059FD0400CB
:102560000DD02A462221FCF759F82A46232120467D
:10257000FCF754F82846BDE8704002F086B970BDFB
:1025800010B5044602F081F902E000BF07F024FE16
:102590000021204600F02AFC0028F7D100231A462B
:1025A0001946204603F0C1F8A068002803D0002196
:1025B0000182A068418210BD7FB50C46064602F03C
:1025C000BDF90546E0060CD502AA6946304600F082
:1025D00086FE6946304602F07BF902A9304602F0D9
:1025E00077F9F069A043F061E0070ED0304602F0C1
:1025F0004CF9304602F0A2F938B1304600F008FD3F
:1026000002F0D5F9304602F0D2F9304602F096F9E0
:10261000A84202D114F0C07F07D0304600F0F8FC89
:1026200004B0BDE8704002F0C2B97FBD028C22EA5E
:1026300001018A4201D003F02DBA704770B50468D9
:102640000546206818B128602846FFF7F7FF2C6080
:1026500062682046002A03D02946BDE87040104732
:1026600070BD00002DE9F0414D680C46EDB12846E3
:1026700000F054FD0646284600F01CFE074628469A
:102680000021102201F0F6FBE98A12220844C01B47
:10269000E082401E60832846002101F0EBFBA98AFE
:1026A0000844801BA082401E208341F20200E061AA
:1026B000002D06D043F20200C4F81C0043F20230A1
:1026C000E06140F0740040F40060E06102D040F44A
:1026D0000040E061BDE8F08110B501460348FFF716
:1026E0009FFE0446FFF712FF204610BD300303088B
:1026F00070B5054602F0C9F8284600F089FC0400D0
:10270000284610D007F068FD204603F073F8002239
:1027100022212046FBF782FF2046BDE870400022C0
:102720002421FBF77BBF00F0FFFB040007D02069EA
:10273000A842284604D107F04FFD0020206170BD5B
:10274000BDE8704007F048BD70B50C460846E6F796
:10275000E7F9002000F090F92046144A002102F029
:1027600048FE012000F088F900212046F5F7C0FD61
:10277000204600F007FC10B12046FCF701FCA068E1
:10278000002811D00068002518B1FEF7CBFFA06823
:102790000560A068C06818B1FEF7C4FFA068C560F6
:1027A000A068FEF7BFFFA56070BD0000FFFF0F002F
:1027B0002DE9F047A2B08046FBF7EEFE0646404604
:1027C000FBF728FF012700240546122E72D0DFF800
:1027D0009492152E6CD0182E7AD14046FBF7E2FE6B
:1027E000824601462846EFF717FD0021284601F0F2
:1027F00055F950B105F59070FAF730F9060004D09C
:10280000F9F710FE3046FEF77BFF0021284601F065
:1028100019F900285CD002A8FAF75CF98DF80B4092
:102820008DF822408DF832408DF83E4002AA0021FA
:10283000284601F0CDFE0021284601F0FFFB80462E
:102840000021284601F0EEFB064605F1140168461A
:10285000F6F711FBBDF80010A1EB0800BDF804105D
:10286000ADF8000001EB0800ADF80400BDF802006F
:102870005146801BADF80200BDF806003044ADF8AB
:10288000060010A800F0F0F802A8149068461D9405
:10289000CDE91270CDF8449010AA1A212846FBF712
:1028A000BDFE6A4602A95046FAF700F9D4E001E0FD
:1028B00055E00DE04046FBF7ABFE064600780228E7
:1028C00006D00021284601F0E9F820B1022030703E
:1028D00022B0BDE8F0870021284601F015FB8246B2
:1028E0000021284601F0AAFB81460021284601F07C
:1028F00099FB804605F114016846F6F7BCFABDF86D
:1029000000105246A1EB0900BDF80410ADF800001C
:1029100001EB0900BDF80210ADF80400A1EB0800BE
:10292000BDF80610ADF8020001EB0800ADF8060096
:1029300069467068E5F757FE68B10021284601F046
:1029400075F8FD2807D328460021602201F092FA8D
:10295000C0B2FD2801D23770BAE73470B8E74046FC
:10296000FBF720FE804602A8FAF7B4F800212846BB
:1029700001F068F828B19DF82B0040F001008DF8B7
:102980002B0002AA0021284601F022FE0021284641
:1029900001F054FB06460021284601F043FB0746A0
:1029A00005F114018A466846F6F765FABDF800009D
:1029B0004146801BADF80000BDF804003044ADF87E
:1029C0000400BDF80200C01BADF80200BDF806000F
:1029D0003844ADF8060010A800F046F802A814909C
:1029E0006846CDE91240CDF8449010AA1A21284635
:1029F0001D94FBF713FE0021284601F04FF830B17B
:102A0000BDF8080018B1069E0127069401E0069E55
:102A100000276A4602A94046FAF748F8E7B11820AD
:102A2000FEF722FE0746BDF9082000235146F9F7BC
:102A300081FF05F590713846F9F730FB66B18DF8E6
:102A40000B408DF82A408DF832408DF83E406A46A2
:102A500002A94046069627E710AA1B212846FBF745
:102A6000DDFD35E73003030870B50D460446482107
:102A7000DDF7FFFB256070BD01490870704700005D
:102A800024C001202DE9FF4188460846FBF784FD5C
:102A900004464046FBF784FD0546012C23D0082C54
:102AA00023D0032C3ED02A2C3ED00D2C4CD00E2C03
:102AB0007DD0092C7CD00A2C7BD00F2C7AD0292CED
:102AC00079D0222C78D0242C77D0132C76D0152CCA
:102AD00003D0182C01D0122C34D104B04046BDE8EC
:102AE000F041FFF765BE2021FAE02021FFF79EFDAF
:102AF0004046FBF768FDFDF75AF9002822D108216E
:102B0000284601F0D3FB00281CD095F820004FF098
:102B10000101C007284602D0FFF788FD30E0FFF72B
:102B200087F92DE02021F8E000F072F90646002434
:102B300006E0A868006850F8240001F038FF641C23
:102B4000B442F6D3BDE8FF81082101F0AFFBF8B134
:102B50004046FBF75DFD0478132C06D0112C04D001
:102B6000142C07D0122C05D008E001212846FFF7CD
:102B70005FF903E001212846FFF758FD0A2CE1D058
:102B800004B02846BDE8F04100221C21FBF746BDF9
:102B90004FF40161284601F089FB0028D2D0284675
:102BA00001F0B0FE0028CDD10027284607E06DE0F7
:102BB00095E09AE0B0E0B5E0D1E0F2E0F6E000F0B8
:102BC000ADFA0646284600F009FB04464046FBF7EE
:102BD0001FFD007812281BD011280CD013282BD0F1
:102BE0001428AFD1284600F071FA800703D0002ED8
:102BF00038DC002C36DC284600F0C9F904462846AB
:102C000000F066FBE11704EB9171A0EBA1000BE073
:102C1000284600F0BCF90446284600F059FBE117AD
:102C200004EB917100EBA10001B204B03A462846D2
:102C3000BDE8F04102F0C8BD284600F047FA800721
:102C4000E6D0002E01DC002CE2DD284601F0E5FA9A
:102C50000446284600F035FBE11704EB917100EBC8
:102C6000A1000BE0284601F0D8FA0446284600F0FF
:102C700028FBE11704EB9171A0EBA10001B204B0B5
:102C80003A462846BDE8F04102F088BD4FF4806125
:102C900001F00CFB18B10121284602F063FD284623
:102CA00000F070F9FCF748F906460224FDF74AF8EF
:102CB00010B94046FBF787FCFDF785F8022801D0E4
:102CC000042800D106241EB144F00801284607E07C
:102CD00021462846FFF7ACF8082128461DE0402190
:102CE00004B0BDE8F041FFF7A3B84021FFF79EFC18
:102CF000284600F01AFE02287FF424AF02AA694693
:102D0000284600F0ECFA6946284601F0E1FD02A9E8
:102D1000284601F0DDFD15E70E2104B0BDE8F041C5
:102D2000FFF784BC002100F027FE0446002128465E
:102D300000F0DEFE204302D0284601F038FE28468F
:102D400000F066F80646002406E0A868006850F81F
:102D5000240001F02CFE641CB442F6D3F2E60021FC
:102D6000012201F087F806B228460021042201F072
:102D700081F804B20021284600F0FEFD074600213C
:102D8000284600F0B5FE384305D142F2D1708642A4
:102D900001D08442BFD104B02846BDE8F04101F023
:102DA00006BE688C40F002006884F4E70021FFF75B
:102DB000AFFA014604B04046BDE8F041FBF74EBC17
:102DC00010B50C4600B96068006868B10169002957
:102DD000FAD00021E160026921469047217E01205E
:102DE000C90700D0002010BD012010BD8068002858
:102DF00009D0002902DA4268511803D443680A4610
:102E00008B4201D800207047006850F822007047BC
:102E10008068002800D04068704770B50C460546B1
:102E200000F114012046F6F72FF8A868002812D008
:102E30002188808A081A2080A968A088898A084485
:102E4000A080A9686088898A401A6080A968E088A3
:102E5000898A0844E08070BD70B50C4605460021A3
:102E600000F0F8FD06462146284600F057F870426B
:102E700002B211462046F6F7A8F80021284600F0D5
:102E800003FF2188084420800021284600F04AFFE3
:102E9000A188081AA0800021284600F09DFF6188C3
:102EA000084460800021284600F088FEE188081A66
:102EB000E08070BD70B50446002100F08DFF05462E
:102EC0000021204600F07AFE06460021204600F050
:102ED000C1FD0246204600F05AF8401B801B5142BB
:102EE00000EB410000B270BD70B50446002100F057
:102EF000CBFE05460021204600F014FF06460021C7
:102F0000204600F0A7FD0246204601F086F9401B4E
:102F1000801B514200EB410000B270BD0A4600F137
:102F200014011046F5F7B0BF10B5416809B100F0C3
:102F300073F804460A48E6F77CF90EE00021426A7D
:102F400005E0C36853F82130A34208D0491C8A42E7
:102F5000F7D801460248E6F77EF90028EED110BD09
:102F6000A0CA01208068002805D0827E02F03F02BE
:102F70008A4201D800207047C06801EB410100EB94
:102F8000810070478068002800D080687047418BBE
:102F9000C08A081A401C00B2704770B5064600F09F
:102FA00037F8050001D000240AE0002070BD21465A
:102FB0002846FFF71BFFB04201D1204670BD641CBC
:102FC0002846FFF725FFA042F1D84FF0FF3070BD33
:102FD000F0B4468C00240425C6F3051613E000BFA8
:102FE000C76805EBC40C57F80C705FEAC71C09D51D
:102FF00027F07F479F4205D1C06850F83400F0BCED
:1030000004F016B9641CA642EAD8F0BC0020704750
:10301000002800D04068704700B50146FFF7F8FF70
:103020000028FAD1084600BD2DE9F047DFF894806A
:1030300006464446FFF7ECFE07460025DFF888A069
:103040000EE0B0685146006850F82500814601F056
:1030500034F920B9B9F91A00A04200DB04466D1C0E
:10306000BD42EED30021304600F0BCFE8146002177
:10307000304600F0A9FD07460021304600F0F0FC84
:103080000546444504D0708BC01B401B201A04B277
:10309000304600F053FC80463046FFF778FFA0EB47
:1030A0000900C01B694200EB4101A8EB0101304659
:1030B00000F00EF9081A00B2844200DD2046BDE897
:1030C000F087000001E0FFFF01000400806818B1F4
:1030D000407E00F00F0070470F20704770B50C461F
:1030E00005460C49F5F734F910B1806A404202E018
:1030F000284600F0E6F8208007492846F5F728F929
:1031000010B1806A404202E0284600F0E1F8608099
:1031100070BD00008FB70208A7B702082DE9F84F6D
:103120000646002100F051FC012807D0B0680028B5
:1031300002D0008A404200B2BDE8F88F002130463C
:1031400000F0F6FD00900021304600F0A3FD81461E
:103150000021304600F084FC804641F6FF7A544658
:103160003046FFF755FE074600250EE0B0681949C6
:10317000006850F82500834601F09FF820B9BBF99C
:103180001400A04200DC04466D1CBD42EED3544541
:1031900006D0B28A09EB08001044001B04B200E01C
:1031A0000D4C304600F0D8FB0546304601F035F8AE
:1031B0000099411AA1EB0901C8F1000001EB4000A0
:1031C000291A304600F07DF8084400B28442B3DD8D
:1031D0002046B1E70100040001E0FFFF2DE9F047C0
:1031E0000646002100F0F1FB01280AD0DFF8A0809C
:1031F00030464446FFF70CFE07460025DFF894A052
:1032000015E0B068002801D0B0F91000BDE8F087E3
:10321000B0685146006850F82500814601F04DF82D
:1032200020B9B9F91800A04200DB04466D1CBD426C
:10323000EED30021304600F07BFD074600213046EA
:1032400000F028FD81460021304600F009FC0546CB
:10325000444504D0308BC01B401B201A04B23046BA
:1032600000F07AFB8046304600F0D7FFC11BA1EB8F
:103270000900694200EB4101A8EB0101304600F072
:1032800020F8081A00B28442C0DD2046BEE70000E4
:1032900001E0FFFF010004008068002802D0007EEA
:1032A000C0F3810070478068002802D0007EC0F320
:1032B000011070478068002802D0408A404200B266
:1032C00070478068002802D0008A404200B27047F0
:1032D0008068002802D0408A404200B270472DE941
:1032E000F04F91B016460C464FF0FF3705460022CE
:1032F0003B46114620460097F5F781FE00223B46EB
:10330000114630460097F5F77AFE1021284600F066
:10331000CDFF002816D0284600F007FB070011D08B
:103320000020FCF715FD8046022F08D010E0FCF7C6
:103330003EFDA84209D04046FCF70AFD8046B8F1A0
:10334000000FF4D111B0BDE8F08FB8F1000FF9D043
:103350002846FFF7AFFF05902846FFF765FE0C9063
:103360002846FFF7DBFE0A902846FFF737FF089054
:103370002846FFF7ABFE8146002019F00C0F0090A5
:1033800014D0012F10D0032F02D0022F07D00DE050
:103390000598002808DC0C98002805DC06E040466B
:1033A000FCF7F6FC0C2801D10120009000200990C8
:1033B0005FEA897014D0012F10D0032F02D0022FA2
:1033C00007D00DE00A98002808DC0898002805DCE2
:1033D00006E04046FCF7DCFC032801D101200990FF
:1033E000009909980843ADD04FF4803739462846F4
:1033F00000F0EBFA012800D000200E903946284654
:1034000000F0F0FC06903946284600F0DDFB0F90F6
:103410003946284600F03EFC80463946284600F0F2
:1034200087FC814628460122394600F023FD0FFA29
:1034300080FB2846FFF7ABFD0490284600F0EDFE28
:103440000390009800B158468246099800B158464A
:10345000109028463946212200F00CFDC0B2022807
:1034600008D228463946312200F004FDC0B20228B5
:10347000FFF468AFDDE9040101440C98A02708447B
:1034800000B20B900098002870D00B980028FBD059
:10349000E88A7080688BF0800E9840B1A98A01EBB1
:1034A00008003080ABF101010844B08007E0298BAF
:1034B000A1EB0900B080A0EB0B00401C3080069906
:1034C0000498411A0F98091A1098081A0499009044
:1034D00048430B9990FBF1F000B205900020F7F7FC
:1034E000B3FF00EB8001502000EB4100B0F5A07F5E
:1034F0000ADB0020F7F7A8FF00EB8001502000EB6B
:10350000410090FBF7F000E001200599884201DAC4
:10351000084616E00020F7F797FF00EB80015020E7
:1035200000EB4100B0F5A07F0ADB0020F7F78CFF2D
:1035300000EB8001502000EB410090FBF7F000E031
:103540000120009900B2091A0AB2049B0B99C91A0A
:1035500009B200290BDCE98A069808447080698B5F
:103560000F98091A1098081A401EF08090E00C9BE2
:1035700012FB03F393FBF1F1511A069AEB8A114403
:10358000194409B2401E71800844F080B5F9162034
:1035900006981044814238DA70800020F7F754FF13
:1035A00000EB8001502000EB4100B0F5A07F0ADB6A
:1035B0000020F7F749FF00EB8001502000EB4100AD
:1035C00090FBF7F000E00120B6F902100844B6F9CC
:1035D0000610884219DD0020F7F736FF00EB800166
:1035E000502000EB4100B0F5A07F0ADB0020F7F788
:1035F0002BFF00EB8001502000EB410090FBF7F027
:1036000000E0012071880844F080B5F91A20109874
:10361000B6F90610121A0F98101A814238DDF080A0
:103620000020F7F711FF00EB8001502000EB410074
:10363000B0F5A07F0ADB0020F7F706FF00EB800162
:10364000502000EB410090FBF7F000E00120B6F9BC
:103650000610081AB6F90210884219DA0020F7F7A6
:10366000F3FE00EB8001502000EB4100B0F5A07F9D
:103670000ADB0020F7F7E8FE00EB8001502000EBAA
:10368000410090FBF7F000E00120F188081A7080FB
:103690000A99039801440898084400B204900998D4
:1036A00000283FF44FAE04980028FAD0698B0F9899
:1036B000081AE080A0EB0B00401C6080A88A2080E4
:1036C000288BA0800399A1EB0801A1EB0901A1EBD4
:1036D0000A00039900904843049990FBF1F000B26E
:1036E00002900020F7F7B0FE00EB8000502606EBBA
:1036F00040004FF4A07B584509DB0020F7F7A4FEFB
:1037000000EB800006EB400090FBF7F000E00120AA
:103710000299884201DA084613E00020F7F794FE88
:1037200000EB800006EB4000584509DB0020F7F76E
:103730008BFE00EB800006EB400090FBF7F000E012
:103740000120009900B2091A0AB2DDE90331C91A51
:1037500009B2002916DCA98A0E9840B14144AAF1A9
:10376000010008442080298BA1EB090008E001EB4F
:1037700008002080298BA1EB0901A1EB0A00401E63
:10378000A080DFE5089B12FB03F393FBF1F1511AD4
:103790000E9A09B2EAB3AA8A401E531808EB0A022D
:1037A000991809B221800844A080B5F9140010448A
:1037B000884233DD20800020F7F746FE00EB8000D2
:1037C00006EB4000584509DB0020F7F73DFE00EB13
:1037D000800006EB400090FBF7F000E00120B4F918
:1037E00000100844B4F90410884217DD0020F7F7F0
:1037F0002BFE00EB800006EB400058450ADB002062
:10380000F7F722FE00EB800006EB400090FBF7F09C
:1038100001E039E0012021880844A080B4F90410B7
:10382000B5F9182077E0A0800020F7F70DFE00EB37
:10383000800006EB40005D46A84272DB0020F7F7EF
:1038400003FE00EB800006EB400090FBF7F0B4F9BC
:103850000410081AB4F90010884292DA0020F7F731
:10386000F3FD00EB800006EB4000A8425BDB00208C
:10387000F7F7EAFD00EB800006EB400090FBF7F065
:10388000A188081A20805DE5AB8A4144194409B239
:10389000401E21800844A080B5F9142002EB0800E6
:1038A000814232DA20800020F7F7CEFD00EB800065
:1038B00006EB4000584509DB0020F7F7C5FD00EB9B
:1038C000800006EB400090FBF7F000E00120B4F927
:1038D00000100844B4F90410884216DD0020F7F700
:1038E000B3FD00EB800006EB4000584509DB0020EB
:1038F000F7F7AAFD00EB800006EB400090FBF7F025
:1039000000E0012021880844A080B5F91820B4F90E
:103910000410A2EB0A02A2EB0900814283DC11E54C
:10392000FFE7012093E70120AAE7806818B1007E35
:1039300000F00300704703207047000008B50549F8
:103940006A46496800912C21FAF768FEBDF9020029
:1039500008BD00004C03030808B505496A4609681C
:1039600000912C21FAF75AFEBDF9000008BD0000B5
:103970004C030308008C704710B5092200F07AFA56
:10398000C0B210BD10B5092200F074FAC0B210BD6B
:10399000662200F06FBA10B5512200F06BFA0028D1
:1039A00000D0012010BD10B5502200F063FA00B223
:1039B00010BD10B5502200F05DFA00B210BD10B578
:1039C000162200F057FAC0B210BD10B5162200F052
:1039D00051FAC0B210BD10B5162200F04BFAC0B2B9
:1039E00010BD10B5162200F045FAC0B210BD10B5DA
:1039F000162200F03FFAC0B210BD10B5162200F03A
:103A000039FAC0B210BD10B5162200F033FAC0B2B8
:103A100010BD70B50C460546202200F02BFA024678
:103A200021462846BDE87040E5F710BD10B52122BB
:103A300000F020FAC0B210BD10B5682200F01AFAEA
:103A4000C0B210BD10B5342200F014FA002800D026
:103A5000012010BD10B5322200F00CFA00B210BDEA
:103A600010B5322200F006FA00B210BD10B53222B5
:103A700000F000FA00B210BD10B5322200F0FAF9E1
:103A800000B210BD10B5322200F0F4F900B210BD42
:103A900010B5322200F0EEF900B210BD10B51722B9
:103AA00000F0E8F9002800D0012010BD034A10B54D
:103AB000528900F0DFF9C0B210BD0000820F002073
:103AC00010B5042200F0D6F900B210BD10B50422E2
:103AD00000F0D0F900B210BD10B5042200F0CAF910
:103AE00000B210BD10B5042200F0C4F900B210BD40
:103AF00010B50A2200F0BEF980B210BD10B50A223E
:103B000000F0B8F980B210BD10B5492200F0B2F94A
:103B100000B210BD10B5062200F0ACF900B210BD25
:103B200010B5052200F0A6F900B210BD10B5602254
:103B300000F0A0F9C0B210BD70B50E460546FFF703
:103B4000F5FF02281AD9FF24FD2802D2C0EB00207D
:103B5000040A0EB1002603E02846FFF759FA05468D
:103B600055B131462846FFF7E1FF022806D9FD2866
:103B7000F2D24443240AEFE7022C01D8002070BDA2
:103B8000FD2C01D3FF2070BD204670BD10B537223B
:103B900000F070F9C0B210BD10B5382200F06AF91B
:103BA00000B210BD10B5352200F064F900B210BDAE
:103BB00010B5112200F05EF900B210BD10B511224F
:103BC00000F058F900B210BD10B5112200F052F902
:103BD00000B210BD10B5112200F04CF900B210BDBA
:103BE00010B5112200F046F900B210BD10B5112237
:103BF00000F040F900B210BD10B5112200F03AF902
:103C000000B210BD10B5112200F034F900B210BDA1
:103C100010B5112200F02EF900B210BD10B511221E
:103C200000F028F900B210BD10B5112200F022F901
:103C300000B210BD10B5112200F01CF900B210BD89
:103C400010B5152200F016F900B210BD10B51522FE
:103C500000F010F900B210BD10B5152200F00AF9FD
:103C600000B210BD10B5152200F004F900B210BD6D
:103C700010B5152200F0FEF800B210BD10B51222EA
:103C800000F0F8F800B210BD10B5122200F0F2F802
:103C900000B210BD10B5122200F0ECF800B210BD59
:103CA00010B5122200F0E6F800B210BD10B51222D5
:103CB00000F0E0F800B210BD10B5122200F0DAF802
:103CC00000B210BD10B5122200F0D4F800B210BD41
:103CD00010B5122200F0CEF800B210BD10B51222BD
:103CE00000F0C8F800B210BD10B5122200F0C2F802
:103CF00000B210BD10B5122200F0BCF800B210BD29
:103D000010B5122200F0B6F800B210BD10B51222A4
:103D100000F0B0F800B210BD10B5132200F0AAF800
:103D200000B210BD10B5132200F0A4F800B210BD0F
:103D300010B5132200F09EF800B210BD10B513228A
:103D400000F098F800B210BD10B5132200F092F800
:103D500000B210BD10B5132200F08CF800B210BDF7
:103D600010B5132200F086F800B210BD10B5132272
:103D700000F080F800B210BD10B5132200F07AF800
:103D800000B210BD10B5132200F074F800B210BDDF
:103D900010B5132200F06EF800B210BD10B513225A
:103DA00000F068F800B210BD10B5142200F062F8FF
:103DB00000B210BD10B5142200F05CF800B210BDC6
:103DC00010B5142200F056F800B210BD10B5102244
:103DD00000F050F800B210BD10B5102200F04AF803
:103DE00000B210BD10B5102200F044F800B210BDB2
:103DF00010B5102200F03EF800B210BD10B5102230
:103E000000F038F800B210BD10B5102200F032F802
:103E100000B210BD10B5102200F02CF800B210BD99
:103E200010B5102200F026F800B210BD10B5102217
:103E300000F020F800B210BD10B5102200F01AF802
:103E400000B210BD10B5102200F014F800B210BD81
:103E500010B5102200F00EF800B210BD10B51022FF
:103E600000F008F800B210BD10B5102200F002F802
:103E700000B210BD2DE9F8438846064614460121DC
:103E8000104603F0EBFA0746002515E06B46224684
:103E900041463046F2F78DF80546012827D07FB11C
:103EA000022D05D0B8F1000F02D04FF0000803E05A
:103EB0003046FFF7ADF80646002EE7D1012D16D0AB
:103EC000B8F1000F03D1012C05D0042C03D02046FB
:103ED00003F05CFA0AE031680FE0012C0AD0C88ACE
:103EE00050B161B1012C0CD0B1F9160000900098CE
:103EF000BDE8F883888AF3E709680029EDD100203E
:103F0000F4E7B1F91400F1E710B50B22FFF7B2FFA7
:103F100000B210BD10B54122FFF7ACFF00B210BDDA
:103F200010B54122FFF7A6FF00B210BD10B5422226
:103F3000FFF7A0FF00B210BD10B54222FFF79AFFB5
:103F400000B210BD10B54522FFF794FFC0B210BDFE
:103F500010B54322FFF78EFF00B210BD10B540220E
:103F6000FFF788FF00B210BD70B50C46054655221C
:103F7000FFF780FF024621462846BDE87040E5F77E
:103F800065BA5722FFF776BF5722FFF773BF572254
:103F9000FFF770BF5722FFF76DBF5722FFF76ABFC9
:103FA0005722FFF767BF5722FFF764BF10B55822AB
:103FB000FFF760FF00B210BD10B55822FFF75AFF9F
:103FC00000B210BD10B55822FFF754FF00B210BD6B
:103FD00010B55922FFF74EFF00B210BD10B559229F
:103FE000FFF748FF00B210BD10B55922FFF742FF9E
:103FF00000B210BD10B55922FFF73CFF00B210BD52
:1040000010B55922FFF736FF00B210BD10B5592286
:10401000FFF730FF00B210BD10B56E22FFF72AFF88
:1040200000B210BD10B56A22FFF724FF00B210BD28
:1040300010B56A22FFF71EFF00B210BD10B569224D
:10404000FFF718FF00B210BD10B56922FFF712FF8D
:1040500000B210BD10B56D22FFF70CFF00B210BD0D
:1040600010B50122FFF706FF00B210BD10B5012206
:10407000FFF700FF00B210BD10B50122FFF7FAFEF6
:1040800000B210BD10B50122FFF7F4FE00B210BD62
:1040900010B50122FFF7EEFE00B210BD10B50722E9
:1040A000FFF7E8FE00B210BD10B50822FFF7E2FEF0
:1040B00000B210BD2DE9FF4107460888ADF80000A9
:1040C0004888ADF802000888ADF80400C888ADF84B
:1040D00006008888ADF8080048880C46ADF80A004C
:1040E000A088ADF80C00E088ADF80E001D4616461D
:1040F0006946384601F0AAFE2B463246384601A9E9
:1041000001F0A4FE2B463246384602A901F09EFE7D
:104110002B463246384603A901F098FEBDF900301F
:10412000BDF90400834201DA1D4600E00546BDF9F1
:104130000810BDF90C20914201DA0E4600E0164647
:10414000B54205DA834201DA1A4604E0024602E08B
:10415000914200DA0A462280BDF90030BDF9041010
:104160008B4201DD1D4600E00D46BDF90800BDF99A
:104170000C20904201DD064600E01646B54205DD02
:104180008B4201DD1A4604E00A4602E0904200DD5F
:104190000246A280BDF90230BDF90620934201DA41
:1041A0001D4600E01546BDF90A10BDF90E0081421A
:1041B00001DA0E4600E00646B54205DA934201DA1E
:1041C000184604E0104602E0814200DA08466080AA
:1041D000BDF90230BDF906108B4201DD1D4600E03D
:1041E0000D46BDF90A00BDF90E20904201DD0646DC
:1041F00000E01646B54205DD8B4201DD184604E0BD
:10420000084602E0904200DC1046E080052211469C
:104210002046F4F7DAFEBDE8FF81018B808A081A98
:10422000401C00B2704770B50546FEF7F1FE040071
:1042300012D0A88AA18A451A2046FFF742F8054401
:1042400000212046FFF720FD2D1A00212046FFF710
:1042500001FC281A00B270BDB5F9140070BD70B52C
:104260000546FEF7D5FE040012D0E88AE18A451A19
:104270002046FFF72DF8054400212046FFF7ACFD4E
:104280002D1A00212046FFF7E5FB281A00B270BD69
:10429000B5F9160070BD10B50446FFF7E0FF024601
:1042A0002046FEF774FE104400B210BDC069814381
:1042B00001D00020704701207047C069084000D03D
:1042C00001207047008C084000D0012070477FB566
:1042D0000D4606460221FFF7E9FF002820D0802185
:1042E0003046FFF7EFFFE8B902A93046FEF795FD2B
:1042F0000022294602A8E4F736FA040012D04FF44F
:1043000080313046FFF7D2FF70B101208DF80400F4
:1043100000956A4611213046FAF780F99DF80400AD
:1043200004B070BD0020FBE72046F9E7F8B514465D
:104330000D4606465022FFF79DFD00B26080002822
:1043400010D0304629465322FFF794FDC0B22073A7
:10435000022807D929463046FFF7EEFB022802D88B
:1043600000202073F8BDFD2804D2217B11FB00F052
:10437000000A2073207B0228F4D9522229463046B5
:10438000FFF778FD024629463046E5F75FF80090D2
:10439000BDF800002080304629465422FFF76AFD10
:1043A000A060304629465122FFF764FD00B101208C
:1043B000617B002D60F382016173D3D029463046C2
:1043C000FFF73AFB617B60F301016173F8BDF8B55B
:1043D00014460E4605464622FFF74CFDC0B2E07279
:1043E000022807D931462846FFF7A6FB00210228FC
:1043F00001D8E172F8BDFD2804D2E27A12FB00F088
:10440000000AE072E07A0228F4D921804FF480702B
:104410006080288BA98A4822401A401C00B200EB19
:10442000D0704010A080688BE98A401A401C00B20E
:1044300000EBD0704010E08028463146FFF71AFDAF
:1044400010F0FF00A0720DD0472231462846FFF73A
:1044500011FD024631462846E4F7F8FF0090BDF80A
:1044600000002081002EC5D031462846FFF7E4FA2F
:104470002073F8BDF8B514460D4606465622FFF7E0
:10448000F9FCC0B2A076022807D929463046FFF7CA
:1044900053FB022802D80020A076F8BDFD2804D2E4
:1044A000A17E11FB00F0000AA076A07E0228F4D9BC
:1044B00029463046FFF758FD0090BDF80000A08166
:1044C000304629465822FFF7D5FCA08230462946BF
:1044D0005922FFF7CFFC6082304629465A22FFF767
:1044E000C9FCA17F60F30201A1773DB129463046A6
:1044F000FFF7A2FAA17F60F3C501A17729463046F4
:10450000FFF73FFD2060304629465B22FFF7B2FCF3
:104510002077F8BDF8B514460D4606464E22FFF743
:10452000A9FCC0B22072022807D929463046FFF7FD
:1045300003FB022802D800202072F8BDFD2804D217
:10454000217A11FB00F0000A2072207A0228F4D9A7
:10455000304629464922FFF78DFC00B260800028D2
:10456000EBD04D2229463046FFF784FC024629460F
:104570003046E4F76BFF0090BDF800002080304625
:1045800029464A22FFF776FC00B2A08028B13046C7
:1045900029464B22FFF76EFCE080304629464C222C
:1045A000FFF768FC08B1012100E00021607A61F3A7
:1045B0008200810861F3C3006072002DBDD02946DE
:1045C0003046FFF739FA617A60F301016172F8BD94
:1045D000F8B514460D460646FFF7AEFA074685B114
:1045E000022F09D80020E070A07684F8220084F819
:1045F0002A0084F83600F8BD29463046FFF71CFA39
:10460000A070304629460B22FFF734FC2080E0786A
:10461000002856D0304629462122FFF72BFCC0B295
:10462000E07002284DD929463046FFF7F2F9009094
:10463000BDF80000A080304629462622FFF71AFC6C
:1046400048B1417A490706D0A31D01460A221846FF
:10465000DBF7E7FD35E0304629462322FFF70AFC69
:10466000E17B60F30201E173480721D0294630461F
:10467000FFF7CFF90090BDF80000E0802222294624
:104680003046FFF7F7FB024629463046E4F7DEFEE8
:104690000090BDF800006081304629462422FFF7D3
:1046A000E9FB2072304629462522FFF7E3FB207301
:1046B000304629462722FFF7DDFBE17B60F3C50189
:1046C000E173304629463222FFF7D4FB00B2208442
:1046D00028B394F8220010B3304629463122FFF760
:1046E000C9FBC0B284F82200022818D930462946F6
:1046F0003322FFF7BFFB94F82310302260F345010B
:1047000084F8231029463046FFF7B4FB02462946B9
:104710003046E4F79BFE0090BDF80000E083294698
:104720003046FFF73FFAE084E8B194F82A00D0B1B0
:1047300029463046FFF72AFA84F82A00022812D9BF
:1047400029463046FFF728FA20853622294630468A
:10475000FFF790FB024629463046E4F777FE0090CB
:10476000BDF80000A084A07E80B3304629462822F0
:10477000FFF780FB206148B3304629462922FFF726
:1047800079FBC0B2A076022820D92069FBF790FA05
:1047900002286CD02A2229463046FFF76BFB0246DE
:1047A00029463046E4F752FE0090BDF80000208311
:1047B000304629462B22FFF75DFBE076304629463E
:1047C0002C22FFF757FB00B10120207794F8360028
:1047D00070B329463046FFF7C1FBE08540B394F83B
:1047E0003600022824D929463046FFF7ABFB84F86F
:1047F000360002281CD929463046FFF78BFB20865D
:1048000029463046FFF792FB608629463046FFF77F
:104810009FFBA086442229463046FFF72BFB024629
:1048200029463046E4F712FE0090BDF80000A0854E
:10483000FD2FBFF4E0AE14F8030F10FB07F0000AE1
:1048400004F8140BE07810FB07F0000AE070E07A3F
:1048500010FB07F0000AE072E07C10FB07F0000A92
:10486000E074E07F10FB07F0000AE077F8BD29460E
:104870003046FFF786FB606129463046FFF774FB40
:104880000090BDF800002083A0E77CB50546E4F762
:10489000ADFD044605F114016846F4F7F5FABDF8DC
:1048A00000006946001BADF80000BDF80200001BC7
:1048B000ADF80200BDF804002044ADF80400BDF8D6
:1048C00006002044ADF80600284600F001F87CBD43
:1048D0007CB50C460546FEF727FBF6F723FE0028BD
:1048E0000FD021466846F4F7CFFA69462846FDF70F
:1048F00095FC002805D02846FEF716FB6946E4F72C
:104900001DFC7CBD0068002808D0017E8907F9D015
:10491000007E00F00300012800D0002070470068EE
:10492000002809D0017E11F00C0FF8D0007EC0F3F2
:104930008100012800D000207047000010B5044617
:104940000849FFF7BAFC08B1002010BD2046FEF769
:104950005FFB0028F9D00021FFF7D0F80028F4D041
:10496000012010BD010006007CB50546E4F73EFDC0
:10497000044605F114016846F4F786FABDF8000014
:104980006946001BADF80000BDF80200001BADF841
:104990000200BDF804002044ADF80400BDF8060094
:1049A0002044ADF806002846FDF738FC7CBD10B564
:1049B000418C41F001014184FEF72EFB418C41F016
:1049C00004014184FEF7B0FA4068002803D0BDE836
:1049D000104004F0D3B810BD2DE9F04799461746B2
:1049E00088468246FEF714FA0646002523E000BFFB
:1049F000DAF80800B9F1000F006850F8254005D03A
:104A00004FF480212046FFF751FC98B9A18A00237A
:104A100001EB0800A082E08A3A463844E082218B0C
:104A200001EB08002083608B4146384460832046B8
:104A3000FFF7D2FF6D1CB542DAD3BDE8F0872DE950
:104A4000FF47456816460F4604469DB30021284699
:104A5000FFF71AF9804600212846FFF7BDF9814685
:104A60004FF480212046FFF721FC48B1A98A07EBCB
:104A70000800084407B2E98A06EB0900084410E080
:104A80002846FEF71EFCAA8A02EB0801081A3844E1
:104A900007B22846FEF71CFCEA8A02EB0901081A55
:104AA000304406B200212846FEF7D4FF39183044BE
:104AB0000FB206B2A08A381A07B2E08A301A06B2DC
:104AC0000FB9002E40D02046FFF7DFFE02A9204696
:104AD000FEF724FA4FF0000875B169462846FEF744
:104AE000BBF90022694602A8E3F77DFD5FEA0008F2
:104AF00002D1284600F07EFEA08A32463844A082C9
:104B0000E08A39463044E082208B002338442083F9
:104B1000608B304460832046FFF75EFF8DB12246F4
:104B200022212846F9F77AFD2046FFF7AEFE002243
:104B3000694604F11400E3F756FDB8F1000F07D100
:104B400004E02046FFF7A1FEBDE8FF870028FBD068
:104B5000284600F04FFEF7E770B50C00064604D576
:104B6000FEF756FAFEF754F904443046FEF715FAFC
:104B700002463046FEF74CFA0546002C2DDBFEF7C8
:104B800047F9A04229DD944227D015DA6FF00301DE
:104B9000A24214DDA86801EB82030068C35840F804
:104BA0002230521EF4E7A86801EB82030068C35864
:104BB00040F82230521C00E00421A242F3DBA86836
:104BC00000222221006840F824602846F9F726FDDB
:104BD0002846BDE87040FFF758BE70BD2DE9F04192
:104BE0000D460646FEF75FFBA0B93046FEF762FBB6
:104BF00004463046FEF718FA00280BDA002C09DDCF
:104C00004042844200DB044622B22B46002130465B
:104C100000F08AFC3046FEF73FFB002825D13046E5
:104C2000FEF77CFA04463046FEF7D8FA0746002124
:104C30003046FEF7CAFE01280BD0002F15DA002CF3
:104C400013DD7842844200DB044621B22B46002269
:104C500006E0002C09DA002F07DD2B460022214652
:104C60003046BDE8F04100F05FBCBDE8F0812DE9C1
:104C7000F047894686B00446866802A94846FEF792
:104C80004DF94846E4F7B2FB0146024602A8F4F7A4
:104C90009CF902AA314604A8E3F77DFC4FF40025F5
:104CA0000DF1100A20B929464846FFF7FFFA98B1DE
:104CB0004FF00108224614214846C4F808A0F9F72D
:104CC000ADFC224615214846F9F7A8FC22461621DC
:104CD0004846F9F7A3FC01E04FF000082946484692
:104CE000FFF7E4FA20B1306800907068019006E0A8
:104CF00009F1140231466846E3F74DFC90B1C4F85F
:104D000008D04846FEF784F80746002508E0D9F8A1
:104D10000800006850F82510204605F0F9FE6D1CCB
:104D2000BD42F4D3B8F1000F10D0224617214846F7
:104D3000C4F808A0F9F772FC224618214846F9F792
:104D40006DFC224619214846F9F768FCA66006B0BA
:104D5000BDE8F0872DE9F14F82B00298FFF7EEFD34
:104D600000287CD10298FEF753F9009000210298A8
:104D7000FFF794F9824600210298FFF795F907465C
:104D8000009868B1FEF7B0F881460098FEF792F8F7
:104D90000546CAF341304FF0640B012803D012E0FE
:104DA0003A46514692E02AF4C040B0F5FA6F0ADC68
:104DB000B0F57A7F01DDC0F57A7000FB09F090FB59
:104DC000FBF00FFA80FAC7F3413001280DD127F428
:104DD000C040B0F5FA6F08DCB0F57A7F01DDC0F5B0
:104DE0007A70684390FBFBF007B200216B220298B7
:104DF000FFF740F806B200216C220298FFF73AF85C
:104E000002B20298FFF709FA80460298FEF7BFF84F
:104E10000446C6F3413001280ED126F4C040B0F557
:104E2000FA6F09DCB0F57A7F01DDC0F57A7000FB1E
:104E300008F090FBFBF006B2C2F3413001280DD11F
:104E400022F4C040B0F5FA6F08DCB0F57A7F01DDDE
:104E5000C0F57A70604390FBFBF002B200E055E0D1
:104E60000AEB060006B2B81807B200210298FEF756
:104E700089FD50B1012827D0801E082824D2DFE800
:104E800000F00B13202B3318383B00210098FEF75D
:104E900096FD012808D017E009EBD971491008EBFD
:104EA000D870A1EB600001E0A9EB0800304406B225
:104EB0000AE005EBD570401004EBD471A0EB610063
:104EC00000E0281B384407B23A463146029803B046
:104ED000BDE8F04FFFF7B3BD09EBD971491008EBFE
:104EE000D870A1EB600001E0A9EB0800304406B2E5
:104EF000E7E7A9EB080006E009EBD971491008EBD8
:104F0000D870A1EB6000304406B2D2E7BDE8FE8F56
:104F10002DE9F04F0446408C87B0010501D54005CE
:104F20007ED42046FEF774F85FEA000878D0204669
:104F3000FEF7F4F80190608C002600054FF4FA6B40
:104F400042F2D17A03D52046FFF767F95DE00021F0
:104F50002046FFF785F80546504501D1012600E0BF
:104F60000026C5F34130012805D125F4C04058453D
:104F700001DC012000E0002081464046FDF7B4FF3F
:104F8000074626B12046E6F7EDFA05462BE0B9F1D3
:104F9000000F28D0B8F82200000518D400214046A0
:104FA000FFF75EF8504512D100212046FEF752FD72
:104FB000054600212046FEF767FE00EB05090021AB
:104FC0002046FEF7AFFE411901EB09000AE025F487
:104FD000C040B0F57A7F01DDC0F57A707843642176
:104FE00090FBF1F005B2204600210222FEF742FFBD
:104FF0000FFA80F9204600210322FEF73BFF02B2A0
:105000003B4649462846F5F786FB07462046FEF70D
:1050100051F90090608C4FF00009400505D500E083
:105020006BE02046FDF7B3FF53E000212046FEF77A
:1050300047FDA0F51C510546D13906D00020814618
:10504000C5F34130012802D007E00120F7E725F43D
:10505000C040584501DC012000E000208346404666
:10506000FDF728FF8246B9F1000F04D02046E6F78D
:1050700007FA05461BE0BBF1000F18D0B8F8220074
:10508000400507D400214046FEF71AFDA0F51C514B
:10509000D13936D025F4C040B0F57A7F01DDC0F5B6
:1050A0007A7000FB0AF0642190FBF1F005B2204613
:1050B00000210522FEF7DEFE0FFA80FB20460021CC
:1050C0000622FEF7D7FE02B2534659462846F5F7A8
:1050D000EDFA054656EA090605D0DDE90021002370
:1050E000204600F022FB2046FFF797F8B8421BD17C
:1050F0002046FDF74CFFA84216D1002007B0BDE8BE
:10510000F08F00212046FEF7A5FC05460021204631
:10511000FEF762FE00EB050B00212046FEF74EFD78
:10512000411901EB0B00C1E72046FFF7AEFB02A9D6
:105130002046FDF7F3FE04A94046FDF78DFE002250
:1051400004A902A8E3F74FFA060002D1404600F096
:1051500051FBE08A6D1E2844608300212046FEF743
:105160002EFC01281CD0A08A7F1E3844208302AA6E
:1051700029212046F9F752FA224622214046F9F722
:105180004DFA2046FFF781FB608C002240F00200C0
:10519000608404A904F11400E3F725FA36B904E0A9
:1051A000208BC01B401CA082E1E710B1404600F0FC
:1051B00021FB204600F002F801209FE738B50446A5
:1051C000E4F714F905460020ADF800006A46132103
:1051D0002046F9F723FABDF90000A84202D0204684
:1051E000FFF753FBA06818B1BDF80010C18209E0B9
:1051F000BDF8000030B12046FCF7F2FFA168BDF811
:105200000000C882BDF90000A84202D02046FFF786
:105210003CFB38BD70B505460021FEF721FF044672
:1052200000212846FEF74CFC42F2D1718C4203D09B
:10523000884201D0002070BD2846FFF7B8FB01204E
:1052400070BD00002DE9F84F0446514890460D46C8
:105250000078002870D02046FFF717FB05F47F0583
:105260000421404602F0FAF806460221404602F0C8
:10527000F5F881460121404602F0F0F80090102137
:10528000404602F0EBF807464FF6FF7BEEB1B5F56E
:10529000702F12D08DB1204600210422FEF7EAFDC6
:1052A00000B242F2D17A504507D0204600210122B7
:1052B000FEF7E0FD00B250454DD100222A212046E4
:1052C000F9F7ACF92046FFF772FB4FF4702A554509
:1052D00000D085BBD84500D02EB12046FDF798FE02
:1052E00008B1FFF764FB554500D025BB1FB320462E
:1052F00000216E22FEF7BEFD00B240B9204600211B
:105300006D22FEF7B7FD00B2B0F5807F01D0022715
:1053100014E0204600216122FEF7ACFDC0B2FF2858
:1053200007D1204600216822FEF7A4FD10F0FF0FF0
:1053300003D0012702E00EE028E00027A06820B19A
:10534000817E67F38711817605E027B12046FCF75F
:1053500047FFA068F4E75F46B84502D0B9F1000FF7
:1053600002D02046FFF72AFF2046FFF78EFAB84505
:1053700004D0009949EA0600084207D0B5F5803FFD
:1053800004D02046BDE8F84F05F08ABEBDE8F88F8E
:1053900024C001202DE9F04104460E46408C002136
:1053A00015460423C0F305100BE000BFE26803EBD1
:1053B000C107D259D70103D522F07F42AA4202D0B9
:1053C000491C8842F2D8884202D10020BDE8F08111
:1053D000E06850F83100314602F07AF828B13246E0
:1053E00029462046FFF72EFF01E00028EED00120DD
:1053F000ECE72DE9F05F4FF6FF7A0F0005461FFA44
:1054000082F802F47F09564602D0F87900B90026E6
:105410000024214659E0EA68042000EBC40B9646BC
:1054200052F80B00C0F307424FEA024C524683B2D7
:10543000904501D0434509D1B9F5702F01D0CC4535
:1054400004D12FB15EF83430BB4201D0641C3CE083
:10545000800104D500234946284609F01BF8E86876
:1054600050F80B10CA0101D489010CD550F8340052
:1054700002F08DF8E86850F83400FCF753F9E96859
:10548000002041F83400204608220AE0E96802EBD7
:10549000C00C01EBC0036144401CD1E900C1C3E969
:1054A00000C1698CC1F30511491E8142EED8688C98
:1054B0000109491E61F309106884C0F30510C10099
:1054C000E868FCF753F90121E860688CC0F3051027
:1054D000A042A0D8002908D0002E06D03246494666
:1054E0002846BDE8F05FFFF7ADBEBDE8F09F0000C5
:1054F00070B506460B480078002812D000200CE05A
:10550000002506E0E06850F82510304605F0A5FEBD
:105510006D1C606AA842F5D82046F5F7CDFF04005F
:10552000EED170BD24C001202DE9F041164607469A
:1055300092B00D4651EA06007AD0012B1DD03E49AB
:105540003846F2F7D5FE3D493846F2F7D1FE002243
:1055500009213846F9F762F8012869D1324629460F
:105560003846E3F74FFF012862D112B03846BDE854
:10557000F04100220A21F9F751B83846FDF7D4FC72
:1055800080466846F2F7FCFE2D484FF4C874009739
:1055900003902DB34046F5F769FF40102A460021DD
:1055A000F2F755FFC82801D2C82002E0A04200D976
:1055B00020460B903846FDF784FE4142281A089198
:1055C000CDE909101D4801901E4807906A4609213F
:1055D0003846F9F723F801282AD16846F2F744FF44
:1055E000002E25D04046F5F787FF401032460021B7
:1055F000F2F72DFFC82801D2C82002E0A04200D94E
:1056000020460B903846FDF763FE4142301A089160
:10561000CDE90910084801900A4807906A46092117
:105620003846F8F7FBFF012802D16846F2F71CFF65
:1056300012B0BDE8F0810000A7B702088FB70208DA
:1056400015B40208E78301082DE9F04715468246A4
:1056500099460C4651EA050065D0504600F026FCFC
:105660005046FDF72EFE40420FFA80F808EB04008A
:1056700004B200215046FEF7A8F9012813D0002CEF
:1056800013DC25DA5046FDF749FD06465046FDF786
:10569000A5FD304400B2002800DA002040428442D8
:1056A00016DA04B214E0002C02DA4FF000040FE026
:1056B0000EDD5046FDF732FD06465046FDF78EFDE5
:1056C000304400B2002800DA0020844200DD0446A5
:1056D0005046FDF7FDFD404206B2701905B2002D9F
:1056E00002DD4FF0000510E00FDA5046FDF7E2FD55
:1056F00007465046FDF798FC384400B2002800DA0F
:1057000000204042854200DA05B2A4EB080001B255
:10571000A81B02B251EA020005D04B465046BDE834
:10572000F047FFF701BFBDE8F08770B516461D468C
:1057300004461A4600F032F82A4631462046BDE8B3
:10574000704000F041B838B50D46044600F0AEFB9D
:10575000002000902B466A46214604F1140005F013
:1057600067FE38BDF8B50E46044600F09FFB0020EA
:1057700000902046FDF74CFC054604F114070AE0B2
:1057800033466A462146384605F052FE2C462046EE
:10579000FDF73EFC0546002DF2D1F8BD70B50D4673
:1057A000144606460749F2F7A3FD3046FDF789FD8A
:1057B000401B01B223463046BDE870400022FFF78F
:1057C00043BF00008FB7020870B50D461446064669
:1057D0000749F2F78DFD3046FDF77AFD401B02B216
:1057E00023463046BDE870400021FFF72DBF000082
:1057F000A7B702081FB5044602AA6946FDF76FFD68
:105800006846F3F7B6FB20B902A8F3F7B2FB00280D
:1058100010D06846F3F7ADFB18B169462046FFF794
:1058200057F802A8F3F7A5FB002803D002A92046E9
:10583000FFF74EF81FBD70B50D460446FCF7D0FCCF
:10584000A068858270BD000070B516461D460446EE
:10585000002200F03BFA00223146204600F01EFAFA
:1058600000222946204600F039FA04480022018827
:105870002046BDE8704000F03EBA0000820F0020D4
:1058800010B50446002200F011FA044800220188F5
:105890002046BDE8104000F02EBA0000820F002024
:1058A00010B50446002200F009FA2046FDF7B0FBCF
:1058B000BDE81040FFF77BB838B50C46054600231D
:1058C0006A460421FDF784FB012807D0002804D193
:1058D00000222146284600F009FA38BD0098A0426F
:1058E000F6D138BD10B5044689B2002200F003FAA3
:1058F0002046BDE81040FFF75AB82DE9F0410C46AC
:1059000015461F4606461946F0F704FA2A46214670
:1059100001F02CFF224639463046BDE8F041FFF742
:1059200091BC70B5064640680C46002863D0002C38
:1059300061D03046FEF7A9FF2046FCF751FC304607
:105940007568FDF72AFB0146042207E0A86802EB10
:1059500081030068C35840F82130491C2846FDF7F0
:1059600057FA801E8842F1DAA9684868401E4860EC
:10597000A96805D0820008681146FBF7F7FE03E02E
:105980000868FBF7CFFE0020A9680860A168486896
:10599000401C4860A26881001068FBF7E7FEA16820
:1059A00008602046FDF734FA6FF0030101EB800038
:1059B000A16809680E5028467460FFF71BFF324645
:1059C00022212846F8F72AFE002224212846F8F74B
:1059D00025FE324622212046F8F720FE0022232110
:1059E0002046F8F71BFE3046FEF7E1FF3046BDE8E3
:1059F0007040FEF74ABF70BD70B51546044600F012
:105A0000F4F929462046BDE8704000F004BA70B5AC
:105A10000C460546FCF7E4FBA868417E01F00F0147
:105A2000A14200D0447670BD70B50C460546FCF727
:105A3000D7FBA868017E64F38301017670BD70B561
:105A40000C460546FCF7CCFBA868017E64F3051103
:105A5000017670BD70B50C460546FCF7C1FBA86821
:105A6000017E01F00302A24207D064F30101017636
:105A70002846BDE87040FEF708BF70BD70B51546FA
:105A8000044600F09CF929462046BDE87040FFF727
:105A900013BF00002DE9F34F8FB08246008C1099A0
:105AA00088427DD00490AAF820105046109A04999C
:105AB000E3F78CFD5FEA000872D04FF420742046B3
:105AC000FBF7D2FD83462146DAF7D3FB00242046BC
:105AD0006EE000BFDAF80C00042200EBC90102EB13
:105AE000C9050A91405920F07F4000F0ADF90590BA
:105AF000DAF80C00405920F07F4000F0A2F906903F
:105B000010990598884351D10A98406880014DD476
:105B10000A980BAA6721006801F08CFB012845D187
:105B200000270B9D3AE000261CE000BF06EB860133
:105B30000BEB81010E914868079000F085F9089001
:105B4000079800F07EF9296831F817200E99098925
:105B50008A4206D10699884203D10599089888425D
:105B600002D2761CA642E1D3A64216D104EB8400F1
:105B7000AA892BF820200BEB8000298A4180A96894
:105B8000C1602968641C31F81710018169680161DE
:105B90000A99496821F07F4141607F1C286800E034
:105BA00048E030F8170008B1202CBCD309F10100FF
:105BB0008146BAF82200C0F30511494501D9202CCD
:105BC00088D300250FE000BF05EB85010BEB8106B4
:105BD000706800F036F9014600965046109B049A12
:105BE000E3F754FC6D1CA542EED35846FBF788FD45
:105BF000B8F1010F0ED0B8F1030F11D0B8F1020FB8
:105C000018D15046FEF741FE11B05046BDE8F04FA6
:105C1000FFF7D4BA11B05046BDE8F04FFEF735BEDD
:105C200011B05046BDE8F04F4FF6FF724FF47021AF
:105C3000FFF708BB11B0BDE8F08F13460A460921F3
:105C4000FFF75BBE13460A461621FFF756BE07B4A0
:105C500081B01346BDF80810ADF80010009A20215D
:105C600004B0FFF74ABE13460A462821FFF745BE97
:105C700013460A462121FFF740BE07B481B0134600
:105C8000BDF80810ADF80010009A302104B0FFF7FD
:105C900034BE13460A463221FFF72FBE13460A468A
:105CA0000149C988FFF729BE820F002013460A4622
:105CB00001494988FFF721BE820F002013460A469A
:105CC00001494989FFF719BE820F002013460A4691
:105CD00001498988FFF711BE820F002013460A464A
:105CE00001490989FFF709BE820F002013460A46C1
:105CF0000421FFF702BE13460A460A21FFF7FDBD45
:105D000013460A460221FFF7F8BD13460A466021F2
:105D1000FFF7F3BD70B514460D46064600F016F8C1
:105D200022462946304600F016F8224629463046DB
:105D300000F016F8224629463046BDE87040AFF321
:105D4000008013460A461121FFF7D7BD13460A46C5
:105D50001221FFF7D2BD13460A461321FFF7CDBD2E
:105D600013460A461021FFF7C8BD13460A460B2109
:105D7000FFF7C3BD13460A465B21FFF7BEBD07B45C
:105D800081B01346BDF80810ADF80010009A5521F7
:105D900004B0FFF7B2BD13460A465721FFF7ADBD69
:105DA00013460A460121FFF7A8BD13460A460721FC
:105DB000FFF7A3BD13460A460821FFF79EBD38B57D
:105DC0000C46054600236A460121FDF701F901282A
:105DD00007D0002804D1002221462846FFF7E0FF23
:105DE00038BD0098A042F6D138BD38B50C460546FE
:105DF00000236A460721FDF7EBF8012807D00028A9
:105E000004D1002221462846FFF7CFFF38BD009875
:105E1000A042F6D138BD38B50C46054600236A4687
:105E20000821FDF7D5F8012807D0002804D1002269
:105E300021462846FFF7BEFF38BD0098A042F6D1A4
:105E400038BD00F47F00704780B270472DE9F04103
:105E50001E4615468846070025D0E3F7CDFA0228EE
:105E600013D000249EB13DB13846FDF7D1F833463A
:105E70002A464146FFF7EAFF002C14D0324641463D
:105E80003846BDE8F04108F059BB0124EAE724B1E7
:105E900032464146384608F051FB002D03D03846C3
:105EA000FDF7B6F8D7E7BDE8F081000070B50B4DFF
:105EB0002978002911D101212970FDF7ADF8044698
:105EC00006E000BF20F0040060842046F1F7FEFFEA
:105ED000608C4107F6D40020287070BD080F0020A8
:105EE00008B5132802D209B1042905D9F4F772FCC8
:105EF0000090BDF8000008BD044A491EC9B202EB7B
:105F0000C00000EB4100008808BD0000907F03083E
:105F100008B5132802D209B1052905D9F4F75AFCAE
:105F20000090BDF8000008BD054A491E00EB800046
:105F3000C9B202EB400000EB4100008808BD000040
:105F4000D27E030808B5132805D3F4F743FC00906C
:105F5000BDF8000008BD024901EB4000008808BD03
:105F6000AC7E0308002801DAC0F57A7040F40050D6
:105F700000B270472DE9FE4F17460C0005461E463D
:105F800002D1B7F5807F73D028883188401A01B2DA
:105F9000298068887288801A00B26880002C69D0D5
:105FA000DFF80CB1DBF80000A04244D02046B4F585
:105FB000616F01DDA4F56160002801DA00F5616020
:105FC0000A2190FBF1F8C8F1000101EB810100EB1F
:105FD000410908F1010A0FFA88F002F0E9FE029087
:105FE0000FFA8AF002F0E4FE08F15A01019008B2BB
:105FF00002F0DEFE0AF15A01009008B202F0D8FE6B
:1060000003460298C9F10A0808FB00F10198009ABA
:1060100000FB09110A2091FBF0FC08FB02F103FBD5
:1060200009120A2192FBF1F14FEA6C124911CBE9F6
:106030000121CBF80040B5F90010B5F90200B7F521
:10604000807F21D0DBF80820DBF8043002FB01F46C
:1060500003FB1044B6F800C07C434B430CEBA44454
:106060002C8002FB00307188784301EBA0406880EF
:10607000BDE8FE8F3288794302EB212129805988BF
:10608000784301EB2020F2E7DBF80830DBF804204E
:1060900003FB01F402FB104437884A4307EBA424B6
:1060A0002C8003FB0020718801EBA020DFE70000BB
:1060B000B00F002010B5B0F90420B0F900304088CE
:1060C000D21A02EBD27252100C8813444988104441
:1060D000E31A081A12FB02F113FB03F210FB002073
:1060E000884201D8012010BD002010BD104810B515
:1060F00010F8301F0F4A41F080010170A2F5E15104
:106100004FF46163A1F11C00F5F7A6F80A48F5F712
:10611000B3F80948F02101804FF4A071418007498C
:1061200041610749C160BDE81040F5F7CFB80000F4
:10613000B80D002040500120606C0120D1D700082C
:106140000434012010B5E1F71BFA0648F9F7C1FD48
:1061500004480121017004494160F9F7CFFD03496A
:10616000886010BD90CC0120E9E10208C80F002032
:1061700070B50C460123002110E0D50706D01D465E
:10618000A5FB003601FB006105FB0411A0FB0056D6
:1061900004FB006600FB046452102846002AECD180
:1061A000184670BD2DE9FC410E46002507462A46DB
:1061B0001431E2F718FA002826D001213046FEF704
:1061C00075F800BB3046E3F717F9E0B900208DF809
:1061D00000006A46122130460197F8F71FFA9DF831
:1061E000000002280FD03046FCF712FE401E0400CB
:1061F0000ED4B068006850F824103846FFF7D2FF7C
:10620000050009D102E00020BDE8FC81641EF0D544
:106210009DF8000000B935462846F5E72DE9FC4118
:106220000025DFF8B4804FE0294491F83011E9BB34
:10623000002441E0011991F83011C1BBA5423AD0C8
:1062400000EBC40100EBC50030303031E2F71FFA3B
:1062500068B37068B04600EBC40200EBC501684645
:1062600030313032E2F712FB6846F2F782FE064622
:10627000D8F8040000EBC5003030F2F77AFE07468C
:10628000D8F8040000EBC4003030F2F772FE384456
:10629000864210D2D8F80400464600EBC500694695
:1062A0003030F2F7FAFD0120716801E00BE002E006
:1062B000214481F83001641CD8F804004646B0F847
:1062C0005011A142B6D86D1CD8F80410B1F8502175
:1062D000AA42A9D8BDE8FC8128C0012010B591F8D8
:1062E0002A000C4620F0010081F82A000020888452
:1062F000C884088510212046FCF75EF94FF4007130
:106300002046FCF759F921460548FCF789F8FCF7C7
:10631000FDF82046BDE81040002202A100F00AB9B5
:106320008C8203084F7074696F6E20310A4F70744D
:10633000696F6E20320A4F7074696F6E20330A4F96
:106340007074696F6E20340A4F7074696F6E2035F7
:1063500000000000F8B50E465648FCF731FD012854
:106360002ED13046F8F718F905463046F8F752F9BD
:1063700004462C2D1CD02A2D23D0292D2DD0012DC3
:106380002DD0022D37D0082D50D0032D4ED00E2DFC
:1063900050D00F2D5DD00D2D66D0132D7CD0152D36
:1063A00001D0182D0CD13046BDE8F840EAF70BBEFD
:1063B0003046F8F72DF905462046EFF77DFF288097
:1063C000F8BDEFF7A4FC18B100222A21F8F726F94E
:1063D0002046FEF71FFF002141E0002140E0A06AB7
:1063E00020F400312046A162EFF791FCBDE8F840AF
:1063F0003149F1F77DBFF9F7A5FC6946F9F7E8FCEB
:10640000BDF802000028DBD02046EFF780FC0546EF
:10641000FDF725FFBDF80210084401B22846FFF73A
:10642000FAFCA06A40F40030A062F8BDBDE8F84074
:1064300004F056BEFCF7A6FDF8F77EFD0546F9F719
:1064400081FCF9F7C0FC042800D115B1E08C20854F
:10645000F8BDE18C208D8142FAD0E08401212046F4
:10646000BDE8F84004F0A2BC3046F8F7D1F8007857
:10647000132812D0122810D0142801D01128E7D1E7
:10648000E08C0028E4D0258D401E81B201222046F8
:1064900000F0BBF82585F8BD06E0E08CA18C401C1F
:1064A0008842F8D2258DF0E7EFF731FCBDE8F840DF
:1064B000FEF784BE7082030885B9020870B50E46E7
:1064C0000846F8F769F80446152805D031461848FB
:1064D000FCF776FC012823D13046F8F79BF80546F7
:1064E000132C08D0292C1CD0152C19D13046BDE80E
:1064F0007040E9F70FBC3046F8F78AF804462846A2
:10650000FCF786FDEFF7D8FE06462846FDF785FE28
:106510000246B4F90000B11A884200DC0846208027
:1065200070BDFCF775FDBDE87040002104F03EBC75
:106530008C8203082DE9F84F15465FEA01090446ED
:106540000DD02046EFF7E3FB4FF0000B0090A4F8CE
:1065500026B0A4F828B0A4F824B0584606E0FEE718
:106560000A2902D1A18C491CA184401C19F80010F1
:106570000029F5D1A08C401CA08494F82A00DDB33A
:1065800040F0010184F82A104846D9F77DFE471CE7
:10659000C7EBC7008246FBF767F806460025A0F167
:1065A000010800BF07FB05604946D9F782FE6D1C54
:1065B00007FB05F10A20EDB201F80800072DF1D321
:1065C0000AEB060101F801BC31460098FAF76EFDAE
:1065D0003046FBF795F8A08C00EB4001E184C0EB5E
:1065E000C000A0842046F0F705FEE08C20850098CE
:1065F000BDE8F84FFEF7E2BD20F0010084F82A0064
:1066000049460098FAF752FDEFE7F0B490F82A30C7
:10661000DC07838C1ED00724B3FBF4F4C58CA142A5
:10662000B5FBF4F716D207FB1455AEB20FFA86FC91
:10663000ACEB0105002D01DCA1EB0C05B5EB540F13
:1066400005D90D468E4201D9291900E0291B04FB0A
:10665000071189B28B4200D8591EC1840185F0BC54
:10666000114604F0A3BB10B5F4F7E8FEBDE81040F6
:10667000F4F72CBF2DE9F047A6B099461546884699
:106680000646DDF8B8A0FCF74FFC0446FFF7EBFF29
:106690000746B04275D0A069B04272D0B8B104F0DC
:1066A0008FFE0021A069F1F723FE00221146A069A8
:1066B000FFF7A2F900226021A069FEF76BFE94F8B3
:1066C0002800800702D53846FCF712F8A769A661B2
:1066D000606938B194F82810890703D5FCF708F8E9
:1066E000002060614046B8F10A0F55D00B2853D006
:1066F0000C2851D00D284FD0B8F10E0F4CD00021EE
:1067000094F8280061F300006AF3410084F828003F
:1067100000213046F1F7ECFDFFF7A5FF0021F1F76E
:10672000E7FD002211463046FFF766F9FFF79BFFB1
:1067300000221146FFF760F9002260213046FEF783
:1067400029FEFFF790FF00226021FEF723FE55EAA5
:10675000090023D014A8F1F713FE564816905648A6
:1067600014961790C9F10006CDE91F5603A8F1F75A
:1067700007FE2069CDE90E560390B8F10F0F26D21F
:1067800000E014E0DFE808F0161A242A3037475BEF
:106790006C7D8240516476000121B1E7304604F0FF
:1067A0000FFEBAF1000F02D03846FBF7A1FF26B06A
:1067B000BDE8F08741481590002004E03F4815905F
:1067C0002046F4F753FE00211C90CDE91D0164E042
:1067D0003A4815902046F4F749FE0AE038481590EB
:1067E0002046F4F789FEEEE7354815902046F4F789
:1067F00083FE4042E7E7314815902046F4F736FE25
:1068000000211C90CDE91D012C4804900025204654
:10681000F4F72CFE22E0294815902046F4F726FED6
:10682000404200211C90CDE91D0124480490002520
:106830002046F4F71BFECDE90C500B952DE02048C7
:1068400015902046F4F758FE00211C90CDE91D015B
:106850001B48049000252046F4F74EFE4042EAE72C
:10686000174815902046F4F747FE404200211C903F
:10687000CDE91D011248049000252046F4F73CFEA6
:10688000D9E7104815900020FF219DE70D4804909E
:10689000FF2000210B90CDE90C0100222521384674
:1068A000F7F7BCFE14A8F1F7DFFD03A8F1F7DCFD54
:1068B0007DE700009DB3020847B3020879B90208DA
:1068C0007FB90208FFA2020870B50020086791F89E
:1068D00074000C4620F0030081F874004FF44071FE
:1068E0002046FBF769FE10212046FBF765FE0020DD
:1068F000F4F7AAFD502505EBC000B0F5A07F08DB3A
:106900000020F4F7A1FD05EBC000A02190FBF1F001
:1069100000E0012001B22046BDE87040FEF78BBFC9
:106920002DE9F34F83B0FE480499FCF749FA01289A
:1069300052D10498F7F730FE05460498F7F76AFE3F
:10694000044600F065FA0646112D17D0012D46D0F9
:10695000022D78D0082D77D0032DFCD00E2D74D0C9
:10696000292D73D0132D72D00D2D71D0152D33D14B
:10697000049805B0BDE8F04FE9F70AB90498F7F7B5
:1069800047FE0546A06810B1B0F9147000E000277A
:1069900004F168016846F2F7C8FA3A4611466846BB
:1069A000F2F713FB002268462968E1F7DCFE287144
:1069B000002811D1022E0FD104F160016846F2F7D0
:1069C000B4FA3A4611466846F2F7FFFA00226846E2
:1069D0002968E1F7C8FE287105B0BDE8F08F2046B0
:1069E000FDF753FF94F8740040F0010184F874102F
:1069F0009EB1012E11D0022EEED1F9F7A3F969460E
:106A0000F9F7B6F92046FDF708FC05462046FCF7E5
:106A1000BEFA854204DB012503E004F1240042E0D4
:106A2000002500212046FCF7E8FFDDB30128BDF971
:106A300000000ED0B4F96C108842EEDCB4F960109E
:106A400088423EDB0DE069E0F2E024E131E136E12D
:106A5000A6E1B4F968108842DFDBB4F9641088421B
:106A60002FDCB4F96400B4F96010401A00EBD07068
:106A700001EB6002BDF90010501A002800DC881AF2
:106A800002B2B4F96C30B4F968001B1A03EBD3738B
:106A900000EB6303581A002800DCC81A00B29042C9
:106AA0002CDB33E003E0206796E7207194E7BDF923
:106AB0000200B4F96A309842AFDBB4F96620904224
:106AC00002DD04F13000EEE7B4F96210521A02EB75
:106AD000D27201EB6202111A002900DC811A0DB298
:106AE000B4F96E10C91A01EBD17103EB6102111AEE
:106AF000002900DC811A08B2A84207DA04F1240058
:106B000044F8700F207920F00200CEE704F1300045
:106B100044F8700F207940F00200C6E7206F00288B
:106B2000C2D0F9F70FF90546F9F74DF90128BBD1A5
:106B300069462846F9F71CF9D4E90A010F1A2046DC
:106B4000F0F7F3FD00284FF00001204634D0FDF7A8
:106B5000CBF8804600212046FDF714F90646204672
:106B6000FDF75BFBA0EB0800801B05B2002120466F
:106B7000FCF743FF012818D0B4F91420BDF9001028
:106B800002EB0800081A784305EBD57100EB6100B1
:106B900090FBF5F0A16A256F0844D4E90A2104F1BD
:106BA00030039D4224D1616A23E0B4F91800BDF995
:106BB0000010801B401AE6E7FDF744F90646002165
:106BC0002046FDF72BF805462046FCF7E0F9401B70
:106BD000B4F91A10801BBDF902202944511A00B2E1
:106BE000794300EBD072C1EB620191FBF0F0D1E789
:106BF000226B884201DA064600E00E46964201DA30
:106C0000114602E0884200DA01462868884287D0AF
:106C10009D424FF00102204602D1F2F723FB01E032
:106C2000F2F745FB00221C212046F7F7F7FCD3E6DC
:106C300094F8740020F0010184F8741000212046BB
:106C40002167FDF722FE2046FCF79CF90646F8F77F
:106C500073F90546F9F776F8F9F7B5F80428E6D19F
:106C6000002DE4D0204600F0D3F802280CD194F88F
:106C70007400810704D440F0020084F87400ABE68D
:106C800020F0020084F8740005B03046BDE8F04FF3
:106C90000021F8F7D2B9F9F755F8F9F794F8042874
:106CA00001D00228C3D114F8740F20F00200207024
:106CB00092E605B02046BDE8F04FFEF77FBA4FF4EC
:106CC000403739462046FDF70FF8814639462046C1
:106CD000FDF758F8804639462046FDF7B3F80646DA
:106CE00039462046FCF79AFF05466D223946204674
:106CF000FDF7C0F800B2009039462046FDF7A4F930
:106D0000834639462046FDF793F982462046FDF733
:106D100084FA00EB4B072046FCF739F902E000004B
:106D2000A882030800EB4A008742204604DAFDF7F8
:106D300074FA00EB4B0003E0FCF729F900EB4A0082
:106D40000099401010FB01F040F30F2049464246E5
:106D5000C14500DC1146B54201DD2A4600E032465D
:106D6000914207DD49464246C14501DD0D4604E03A
:106D7000154602E0B54200DC354605444FF440318B
:106D80002046AD1CFBF7C4FA284404B20498F7F778
:106D90003FFCB0F90010A14200DD0C4604801BE668
:106DA0000498F7F735FC0078132813D0112811D078
:106DB000142801D01228F2D194F8740080072046DC
:106DC00017D4F2F741FA0122401E01462046F2F79D
:106DD0006EFA15E094F874008007204604D4F2F7A8
:106DE00033FA0122401CF0E7F2F71FFA0122411C9E
:106DF00003E0F2F71AFA411E01222046F2F732FAB6
:106E000005B02046BDE8F04F00221C21F7F706BC74
:106E100010B5F2F705FA012802D0022800D00020B0
:106E200010BD00000FB40A4608B505A9009101463F
:106E30000348049BE3F79EF901B05DF814FB0000E2
:106E4000F19C000810B500204866B1F874000C46AB
:106E500020F0FF00401DA1F87400012008670C48D5
:106E600088664042C866B1F87400012120F4E060F1
:106E700000F58060A4F87400204601F007FC0121B1
:106E8000204601F088FB2046BDE8104000F00AB91A
:106E90009F860100026F416E8B1AC26E934209DB1E
:106EA000002B03D5002901DD4A424266426E016F84
:106EB000521A06E0B0F87430DB0502D5914200D1D9
:106EC000826E426600F0EEB870B50E465548FBF78C
:106ED00077FF01287ED13046F7F75EFB0546304646
:106EE000F7F798FB0446082D17D00D2D72D1F8F74F
:106EF00029FFF8F768FF05463046F7F789FB006879
:106F0000132868D0142867D011287ED0122879D190
:106F10002046BDE87040FFF7BDBFF8F713FFF8F754
:106F200052FF042820460CD001F02AFB0546D9F771
:106F3000ABF9616C6A5C2E2A31D0814233D1411E9B
:106F400036E0FCF71FF8F7F7F7FF00285AD0B4F83F
:106F5000740000F00F02012A54D9C0F34120022826
:106F60000DD00A200021521EFFF702F9236FDA1715
:106F7000181A8A4151DB0A212046216703E0206F5D
:106F8000012804DD2046BDE8704000F067B80A2003
:106F90000021921EFFF7ECF8206720463EE02046D5
:106FA00001F0A7F907E031B9E06E002803DA01210A
:106FB000204601F0F7FAB4F87410636C01F00F0288
:106FC000C1F30315521E98B2AB4209D911F0F00F6C
:106FD00006D003E016E016E01CE016E0401E80B28A
:106FE000111AE06E002800DA491C012020670020F9
:106FF00006E0226F02EB82025200401C80B2226740
:107000008842F6D370BD042DBCD12046BDE8704047
:1070100000F00AB8042D3FF47BAF2046BDE8704075
:1070200000F028B820050308026F416E8B18826EAD
:10703000934209DC002B03DD002901DA4A42426653
:10704000426E016F0A4406E0B0F87430DB0502D5E9
:10705000914200D1C26E426600F024B8016F0A224C
:1070600091FBF2F1002901DD016701E001220267D5
:1070700000F018B8D0E91A21002901DA4B4200E0EB
:107080000B469A4201DD114602E0002900DA49422E
:10709000026F02EB820252008A4200DC026700F0BB
:1070A00001B800002DE9F0418EB0054608A8122174
:1070B000D9F7DFF8E86E00276B6E08AC002808DA15
:1070C000002B01DB2B2000E02D208DF82000641C1C
:1070D00000E00127002B00DC5B4235A20E2102A854
:1070E000FFF7A0FE02A8D9F7CFF895F874100DF1BC
:1070F000080801F00F010E1A002E10DD4046D9F7E6
:10710000C3F880B2414683190A5CCA54401EFAD5BE
:107110000020302201E00A54401CB042FBDBB5F8ED
:10712000740010F0F00F04D0C0F3031600204146A5
:1071300005E000F00F06F9E704F8012B401CB0420F
:1071400002DA0A5C002AF7D195F8742012F0F00FE9
:1071500010D02E2204F8012B03E000BF04F8012B0D
:10716000401C95F8742002F00F02824202DD0A5C96
:10717000002AF3D108A9284601F0C2FA95F8740054
:107180000A2200F00F00296F04E000BF91FBF2F12A
:10719000401EC0B20A29F9DAB04201DD401CC0B27B
:1071A000C01BC1B2284601F0FDF90EB0BDE8F08168
:1071B0002564000030B50C4691B002212046FBF753
:1071C000FBF96846F1F7DCF81548CDE900404FF6C9
:1071D000FF70ADF84000134801680B9142680892B7
:1071E00002F5B470CDE909206846F1F73DF90E4883
:1071F000079000204FF4B4750890CDE909050B48BD
:1072000001906846F1F730F92A4600212046F1F74F
:1072100031FD4FF487712046F1F7DDFD11B030BD2F
:107220004DAA000840C00120B583010853AA0008F8
:1072300000F052B870B514468288C379A2F57F4534
:10724000FF3D07D07BB3012B35D90668002206EB42
:1072500083052DE0002213E0056805EBC2052E88AA
:1072600026F440468E420AD12888010429D44004DD
:1072700001D5304614E068682060012070BD521CC2
:107280009342E9D825E000BF35F8120020F44040D1
:1072900088420CD135F812100B0412D4490403D5DE
:1072A00000F074F8E8E714E006EB82000FE0521CEF
:1072B0009342E9D80DE022F440438B4209D11104F6
:1072C00001D5022070BD510401D51846E8E70068D9
:1072D000D2E7002070BD000070B514468288C379E3
:1072E000A2F57F45FF3D07D07BB3012B35D906685A
:1072F000002206EB83052DE0002213E0056805EB74
:10730000C2052E8826F440468E420AD12888010400
:1073100029D4400401D5304614E06868206001207B
:1073200070BD521C9342E9D825E000BF35F8120029
:1073300020F4404088420CD135F812100B0412D4CE
:10734000490403D500F022F8E8E714E006EB8200D8
:107350000FE0521C9342E9D80DE022F440438B42E7
:1073600009D1110401D5022070BD510401D5184680
:10737000E8E70068D2E7002070BD0821D8F779BFA0
:10738000C07908B100207047012070471CB5002269
:10739000FF21452855D01EDC302844D00EDC2228A1
:1073A00041D006DC032853D0062851D0202830D104
:1073B00035E0252845D029282BD142E0362832D087
:1073C00004DC31283DD0332823D13CE0372838D0A5
:1073D00044281ED127E0552825D00EDC4E2830D079
:1073E00006DC46282DD047281DD04D2811D11AE0A3
:1073F000522818D053280CD123E0602821D004DC77
:1074000056281ED0572804D120E0612819D06D28B5
:1074100002D0009200981CBD4FF4807014E0FF224F
:107420001146104602E0002211461046F3F755FBC4
:107430000190BDF804000190BDF80400ADF8000013
:10744000E8E70091E6E70F200090E3E70248FBE75A
:1074500041F6FF70F8E700007840030810B50C46CD
:10746000E2F7C4F9204000D0012010BD2DE9F04121
:10747000154D0646154C286818B900216160702129
:10748000218021884A1C12F4404F02D00020BDE820
:10749000F08162686F398A420AD21F3131F01F07CA
:1074A00010D03946FAF762F90028F0D028606760FA
:1074B0002088401C80B22080296821B1014401F855
:1074C000716CE4E7FEE7FEE7F0C0012004C1012093
:1074D0002DE9F0410F4681880446A1F57F40FF3831
:1074E00053D0E07900284BD0012804D02668002131
:1074F00006EB800547E021F44040B84245D100202A
:10750000A080E0713BE000BF35F8112022F440423A
:10751000BA4237D1022811D0401E00EB4000400093
:10752000FAF774F8010030D02160E079401EC0B253
:10753000E07101EB80030020024619E00120E071B8
:1075400021B12888A0803068206015E06888A0807C
:107550007068F9E735F810C0BC4508D056F820E04F
:1075600041F822E035F810C023F812C0521C401C2C
:1075700094F807C08445EDD23046FAF7D3F80120DD
:10758000BDE8F081491C8842BED80020F8E710B55C
:1075900004468088A0F57F41FF390BD0E0790128AF
:1075A00002D92068FAF7BEF82046BDE8104008214D
:1075B000D8F75FBE10BD0A46652100F0D7B803B406
:1075C00082B0BDF80C10ADF80010009A522104B042
:1075D00000F0CCB80A46512100F0C8B80A46502144
:1075E00000F0C4B803B482B0BDF80C10ADF80010C0
:1075F000009A202104B000F0B9B803B482B0BDF8FD
:107600000C10ADF80010009A222104B000F0AEB8C2
:107610000A46282100F0AAB80A46212100F0A6B89F
:1076200003B482B0BDF80C10ADF80010009A302100
:1076300004B000F09BB80A46312100F097B80A4622
:10764000342100F093B80A46332100F08FB80A467F
:10765000322100F08BB80A46172100F087B80A469D
:10766000622100F083B80A46632100F07FB80A4621
:10767000042100F07BB803B482B0BDF80C10ADF863
:107680000010009A4D2104B000F070B80A4649215C
:1076900000F06CB80A46062100F068B80A460321DB
:1076A00000F064B803B482B0BDF80C10ADF800105F
:1076B000009A362104B000F059B80A46372100F08C
:1076C00055B80A46382100F051B80A46352100F075
:1076D0004DB870B50C46054600F02CF821462846FA
:1076E00000F02CF82146284600F030F821462846C4
:1076F000BDE87040AFF300800A46112100F036B8B3
:107700000A46152100F032B870B50C46054600F067
:1077100019F821462846BDE87040FFF7F1BF70B563
:107720000C46054600F006F821462846BDE87040A4
:1077300000F004B80A46122100F018B80A461321D6
:1077400000F014B80A46142100F010B80A461021BF
:1077500000F00CB870B50C460546FFF7F7FF214660
:107760002846BDE87040FFF7C7BF0000014B00F09E
:1077700007B8000079770208108019607047000090
:107780002DE9F047044680888946A0F57F411D46D3
:10779000FF3969D0E17929F4404617464FF00108D6
:1077A000012937D92268084602EB81030CE000BFAB
:1077B00033F810C02CF4404CB44505D102EB8001E5
:1077C00003EB40020B462CE0401EF1D5491C01EBB7
:1077D000410041001046F9F7C9FF010044D0216083
:1077E000E07901EB800205E002EB400C32F810304A
:1077F000ACF80430401EF7D5E079401CC0B201EB74
:10780000800303EB4002191FE0710B4639464846DE
:10781000921E20E02AD120F44040B04207D12346F6
:10782000221D39464846AC46BDE8F04760470C206B
:10783000F9F7ECFE002817D021682060E279521C8D
:10784000D2B2E27100EB8202A38822F8023B031D50
:10785000016039464846A8473046E1F7C1FFA179A3
:1078600008FA00F21143A171BDE8F08784F807809F
:107870002346221DEDE70A460B21FFF777BF03B42D
:1078800082B0BDF80C10ADF80010009A442104B08D
:10789000FFF76CBF0A464221FFF768BF0A46452141
:1078A000FFF764BF0A464321FFF760BF0A46402145
:1078B000FFF75CBF70B50C46054600F029F821467D
:1078C0002846BDE87040FFF7D2BE0A465B21FFF7AD
:1078D0004DBF03B482B0BDF80C10ADF80010009A93
:1078E000552104B0FFF742BF0A465721FFF73EBFBC
:1078F0000A465921FFF73ABF0A466A21FFF736BF09
:107900000A466921FFF732BF0A466721FFF72EBFFB
:107910000A460121FFF72ABF2DE9F0470F46DDE9AE
:1079200008891E46154604461421D8F7A2FC276094
:1079300005B9044DC4F80490083484E86001BDE83A
:10794000F08700001B8401084162FCF79EBF0068BD
:107950004FF0FF314162FCF798BF10B54FF0FF3098
:107960000C46486210212046FAF726FE08212046E0
:10797000FAF71AFA2046BDE810404FF48061FAF792
:1079800013BA08460021F0F7B3BC00002DE9F04718
:1079900089463548FBF714FA01285CD14846F6F7CA
:1079A000FBFD04464846F6F735FE8046132C08D00A
:1079B0001C2C52D0152C4ED14846BDE8F047E9F7B3
:1079C000CBBB4FF440352946FCF794F907462946CE
:1079D0004046FCF7DDF9064629464046FCF738FAF2
:1079E000044629464046FCF71FF9B74201DD3946F7
:1079F00000E03146A04201DD024600E0224691420D
:107A000005DDB74201DD384604E0304602E0A04221
:107A100000DC2046841C29464046FAF779FC2044C5
:107A200005B24846F6F7F4FD0446B0F90000A84256
:107A300000DD054625804FF4003529464046FAF71B
:107A400067FC0146B4F90000814203DB2946404649
:107A5000FAF75EFC2080BDE8F08700F007F84046AA
:107A6000BDE8F047FCF711BFC4820308F0B591B040
:107A7000064600216522FCF7FDF907002DD03046AF
:107A8000FBF778FF746A00F00100611C4FF4807509
:107A900001D038B905E008B1002403E02C460025E8
:107AA00003E00025601B002801DD601B00E0281BAF
:107AB0007843070A00213046F0F71AFC6846F0F7D1
:107AC0005FFC07480894CDE900600648039009A9C7
:107AD000684681E8B000F0F7C7FC11B0F0BD0000C7
:107AE000497902084F79020810B501208884C884BA
:107AF0000C460220F9F78AFD2063E08C4000F9F77C
:107B000085FDE062216B82200880E16A0880E08CBC
:107B1000A18C48438100A06AF9F728FE0021A062E9
:107B2000016010BD70B500250C462E4615E000BF63
:107B300050F8250078B1406828B1F9F7F3FDA06A44
:107B400050F825004660A06A50F82500F9F7EAFDD4
:107B5000A06A40F825606D1CADB2A08CE18C484352
:107B6000A842A06AE4DC08B1F9F7DCFDE06A08B1DC
:107B7000F9F7D8FD206B002803D0BDE87040F9F775
:107B8000D1BD70BD2DE9FC410F466E48FBF718F9D9
:107B9000012843D13846F6F7FFFC05463846F6F78C
:107BA00039FD04462A2D14D02C2D17D0012D37D0A5
:107BB000022D35D04FF6FF76082D49D00E2D66D018
:107BC0000D2D68D0152D29D13846BDE8FC41E9F7C7
:107BD00073BBBDE8FC41002103F072B93846F6F7EB
:107BE00017FD034600200146A28C05E0256B35F801
:107BF0001150491C284400B28A42F7D800210A4695
:107C0000E58C05E0E66A36F81260521C314409B290
:107C10009542F7D8401E1880491E5980BDE8FC8166
:107C200001AA6946EEF755F90128F7D1A18EBDF8F2
:107C30000400814204D1E18EBDF800209142EDD0D4
:107C4000A086BDF800102046E186FCF71EFEE5E7A1
:107C5000FCF71BFEF8F776F8F8F7A9F8A18EB14209
:107C60000AD0E18EB14207D030B900221C21204653
:107C7000F6F7D4FC0128D1D1F8F764F8F8F7A3F8A7
:107C8000012801D00328C9D1A686E686C6E7BDE84B
:107C9000FC41FCF7FABD3846F6F7BAFCA18E056840
:107CA000E08E0F468446B14201D0B04207D1002099
:107CB000A086E086204603F030FD2046E7E7A38C4F
:107CC0008B4200DC0021E28C824200DC0020142D7B
:107CD0000ED0132D0ED0112D0ED0122D9ED1401C82
:107CE0008B420DDC511E814208DD0021401C0EE05C
:107CF000491EF5E7491CF3E7401EF1E7591E06E06F
:107D0000002904DA10B1591E401E00E00021824211
:107D100001DC501E02E0002800DA00208F4201D171
:107D2000844594D0A186E0862046FCF7AEFD20462F
:107D300003F0F3FC02B02046BDE8F04100221C2114
:107D4000F6F76CBCE08203082DE9F0414A4E0C4680
:107D5000307881F82C00012849D0022849D0042825
:107D600002D0082806D101E0012100E009212046C7
:107D7000FDF786FD42F2640529462A462046FDF7B6
:107D80007DFE2046F1F77AFB07462046FAF7A4FC71
:107D9000804601213846F1F783FF0420F9F736FCCD
:107DA00036A1606201603846616AF1F7A7FE0023E0
:107DB0001C2233493846F9F7ABFF4FF4804138466F
:107DC000F9F7F2FF00231A462E494046F9F7A0FFC3
:107DD00000214046FDF73EFE94F82C00012815D006
:107DE000022813D0042806D008281DD103E0002162
:107DF000BDE70821BBE7B6F9022029463846FDF762
:107E00003DFE29464046FDF7DAFF09E02A46B6F96D
:107E100002103846FDF732FE29464046FDF74CFD7C
:107E200001214046FDF73CFDF7F780F810B13946D7
:107E3000F6F7CEFF94F82C0010F00C0F08D00021BC
:107E40004046FDF71DFD03214046FDF7EDFD07E02F
:107E500001214046FDF714FD03214046FDF7EFFDEB
:107E600080214046F9F7A0FF4046BDE8F0414FF4BD
:107E70008061FAF7A1BB0000240F00200000000081
:107E8000ADB00008E5D2000870B591F82C000C46A2
:107E900010F00C0F4FF000060DD0002508E0606ACE
:107EA00050F82500F9F73EFC606A40F825606D1C2B
:107EB000208DA842F3D894F82C0080070DD000251F
:107EC00008E0606A50F83500F9F72CFC606A40F869
:107ED00035606D1C208DA842F3D8606AF9F722FC4A
:107EE000666270BD70B50C460A48FAF769FF012852
:107EF0000ED12046F6F750FB05462046F6F78AFBE2
:107F0000292D05D1418DBDE87040002200F00AB84E
:107F100070BD0000E80403080121FAF767BF0021E3
:107F2000FAF764BF2DE9F0470646408C91460C46AF
:107F3000C00447D4308DA04200D8441E3046FDF71F
:107F4000B5FF3046FFF7E8FF05003BD096F82C0060
:107F50004FF0000110F00C0F28461CD01522FBF743
:107F600089FF07B22846FAF7BFFF80460021304656
:107F7000FBF731FD012804D007EB0800604301B294
:107F800004E0604207EB0801414309B24A46284633
:107F9000FDF704FC0DE01422FBF76CFF07462846B2
:107FA000FAF788FF3844604301B24A462846FDF795
:107FB0000BFC3046FFF7B3FFA1B24FF48072F1F72C
:107FC00043FD7485BDE8F0872DE9F343044690F83E
:107FD000600083B00107049803D50A2830D00D282B
:107FE0002ED00027CDE90007E94649462046EFF7A5
:107FF000E9F9012824D1DFF8CC80002104A8D8F8C1
:10800000002090470646A16B2046254639B100F076
:10801000B7FA2D4909688847A96B884210D2686B66
:1080200088B1007878B10297474604E03A6802A91F
:108030009047B04207D0686B0299415C0029F5D1A6
:1080400005B0BDE8F08394F86000400702D52046F3
:1080500002F00CFAA06A38B1606AF8F73CFC0078CC
:1080600010B92046FCF711FC4A46616C606AF8F7CB
:1080700039FC204600F098F894F86000400714D5C9
:10808000E06AD8F701F905464846D8F7FDF82918FF
:10809000491CE06AF9F76AFBE06288B14A46616C04
:1080A000E1F78AFC2046E2F74FFE616C2046491C4E
:1080B00000F078FA00221C212046F6F7AFFABFE75D
:1080C000FEE7000024C10120C00F0020F8B50D001C
:1080D000044609D094F86000400702D5204602F01B
:1080E000C5F9606B18B900E0FEE7A06B98B10020FD
:1080F0002A4E2B4F009009E0326869462846904787
:108100003968884701462046FFF75EFF0098285CE3
:108110000028F1D1F8BD29462046EFF753F9012890
:10812000F8D1A06A38B1606AF8F7D5FB007810B9C9
:108130002046FCF7AAFB2A46616C606AF8F7D2FB7E
:10814000204600F031F894F86000400714D5E06A4A
:10815000D8F79AF806462846D8F796F83118491CF9
:10816000E06AF9F703FBE062B0B12A46616CE1F71F
:1081700023FC2046E2F7E8FD0A492846666C0968B8
:1081800088473118204600F00DFA2046BDE8F84037
:1081900000221C21F6F742BAFEE7000024C10120AC
:1081A0002CC10120C00F002070B50446406AF8F7CA
:1081B00096FB4FF6FF75A84204D1606AF8F78DFB75
:1081C000A84209D02946606AF8F7D2FF2946606ABA
:1081D000BDE87040F8F7C9BF70BD000010B591F858
:1081E00060000C4620F0040081F860000020C862A6
:1081F000086340F2DC51A1876063A06394F85410D7
:1082000041F0010184F854100121616494F8541084
:1082100041F0020184F85410A4F8400094F8601072
:1082200021F00A0184F860106062A0622046F8F72D
:10823000B7F860626420FDF795FE0146606AFDF7BD
:10824000BEFD0CA1606AF8F731FF00231A460A4907
:10825000606AF9F75DFD4FF480612046F9F7A4FDEF
:108260000021204600F09EF92046BDE8104003F0B2
:10827000F9BD0000000000008F7D010810B5014627
:108280000348FAF7CDF80446FAF740F9204610BD46
:10829000FC82030838B50446416C406A6A46F8F728
:1082A0002FFA00212046FBF7B1FE054600212046AB
:1082B000FBF779FE0089BDF802106D1C08442844C4
:1082C000ADF80200B4F84000ADF80000606AFAF7BB
:1082D0005EFEBDF9021088420ADD6946606AF8F761
:1082E00011F90146204634F8405F00F05BF9258023
:1082F00038BD416C002902D0491E00F053B97047C7
:10830000416C491C00F04EB938B50446416C406AD6
:108310006A46F8F7F5F900212046FBF777FE054697
:1083200000212046FBF73FFE0189BDF802002944E9
:10833000401A401CADF80200B4F84000ADF800004F
:108340006946606AF8F7DEF80146B4F84050204606
:1083500000F028F9A4F8405038BD000038B50446B4
:10836000406C00283FD021A069460068009020465C
:10837000EFF728F8012836D1606AF8F7ACFA616C9B
:1083800005460122491EE1F75FFA2946606AF8F7BF
:108390008DFE2046FFF708FFA06A38B1606AF8F743
:1083A0009AFA007810B92046FCF76FFA94F860004A
:1083B00040070ED5616C0122491EE06AE1F744FADC
:1083C000E06AD7F761FF411CE06AF9F7CFF9E06294
:1083D00050B1616C2046491E00F0E4F800221C21D7
:1083E0002046F6F71BF938BDFEE700007F000000CD
:1083F00070B5456C0446691C00F0D4F8606CA84266
:1084000004D02046BDE87040FFF7A8BF70BD70B52E
:10841000C86A0C46002510B1F9F784F9E562206BB3
:1084200010B1F9F77FF92563A06A002802D0F9F7A7
:1084300079F9A56270BD000070B50E463F48FAF7A5
:10844000BFFC012878D13046F6F7A6F8044630463E
:10845000F6F7E0F805460E2C12D00D2C14D0012CA6
:1084600060D0022C5ED0032C5CD0082C5AD0152C86
:108470005DD0182C60D13046BDE87040E6F762BB95
:10848000BDE8704003F0EEBC3046F6F7C1F8016875
:10849000132910D0142913D0112916D0122919D05C
:1084A00008291CD07F291FD0022922D0032922D0DD
:1084B0000A2927D031E02846BDE87040FFF720BFE9
:1084C0002846BDE87040FFF714BF2846BDE870405D
:1084D000FFF71ABF2846BDE87040FFF7DBBE28460D
:1084E000BDE87040FFF73ABF2846BDE87040FFF78F
:1084F0007FBF002101E047F6FF712846BDE87040CC
:1085000000F050B8284600F01DF830B12846BDE80C
:10851000704000221F21F6F781B82846BDE8704060
:10852000FFF752BD3046BDE8704006F0CDB830468A
:10853000BDE87040E9F7CEBA70BD0000FC820308C8
:10854000406C704790F86000C0F3C00070470000B6
:108550001FB5016B11B1084604B010BD0021FBF737
:1085600022FD002342F222026946F6F7C4F808B160
:1085700001A0F1E701A0EFE7E280A2002A000000DD
:1085800090F86010490702D4406AF8F7A4B9C06AAD
:1085900070474163704710F8542F61F34102027035
:1085A00070470000F8B50546406C0C46A04267D005
:1085B000686AF8F790F9334909688847002C00DAAF
:1085C0000444844203DCA4F5FE41FF3900D1044693
:1085D00028466C64FDF76AFC00212846FBF7E3FCA3
:1085E00006466A462146686AF8F78AF8B6F90840EE
:1085F0002846FAF75FFEBDF90210884203DD01222A
:108600002846FDF7E1F82846FAF754FC06462846C6
:10861000FAF750FEBDF902100A19101AB04206DD31
:10862000881B204401B201222846FDF7CDF82846D8
:10863000FAF774FDBDF90010884203DD01222846D7
:10864000FDF7ACF82846FAF74FFC06462846FAF73D
:1086500065FDBDF900100A19101AB04206DD881B2D
:10866000204401B201222846FDF798F8BDF8001019
:108670002846A5F8401003F0F5FB284602F0A8F8BC
:10868000F8BD0000C00F0020816370472DE9F04164
:10869000044690F860000D46C0F3C001A9422DD0F9
:1086A00065F3C30084F8600042F2D1782DB14746EB
:1086B0006420FDF757FC064604E06420FDF752FCF9
:1086C000074600263946606AFDF779FB00223146ED
:1086D000606AFDF715FB25B141462046FDF7ECF831
:1086E00004E0002204212046FCF754FE2046BDE8A9
:1086F000F04100231A461946FDF717B8BDE8F0818E
:10870000F8B50D00044606D0FFF74EFD606B47F646
:10871000FF7618B900E0FEE7A06B10B327A1606AEE
:10872000F8F7C4FC31462046FFF73CFF94F86000A0
:1087300041074FF0000001D5E16A0870204E214F3B
:10874000009009E0326869462846904739688847B2
:1087500001462046FFF738FC0098285C0028F1D13C
:1087600007E02946606AF8F7A1FC31462046FFF78A
:1087700019FFA06A38B1606AF8F7ADF8007810B94F
:108780002046FCF782F894F8600040070ED5284692
:10879000D7F77AFD411CE06AF8F7E8FFE06260B1C4
:1087A0002946D7F786FD2046E2F7CEFA2046BDE8F7
:1087B000F84000221C21F5F731BFFEE70000000061
:1087C00024C101202CC1012070B5044600F081F8BD
:1087D00005000AD02046054A0021FCF70AFE214682
:1087E0002846BDE87040E2F721B970BDFFFF0F00D9
:1087F00000B500F059F8002800D0014800BD000085
:10880000E0C300202DE9FF47994607460C9E00F083
:108810004BF8214D40B9002028704FF41270F8F742
:10882000F5FE1E490860E860F2F708FEF2F71EFE4A
:108830004FF00108B0F5A07F01DC032007E0F2F75C
:10884000FDFDF2F713FEB0F5347F02DA0220687006
:1088500001E085F80180124CA4F12800E760BDF822
:1088600004100187BDF80810418766610D48A661B4
:108870002060C4E9076903F025FB27B13846F2F709
:1088800035FEA04202D10020FCF732FE85F80080C0
:1088900004B00348BDE8F0874C0F0020E4C001207D
:1088A000E0C3002081D3020802480068002800D0FD
:1088B00001207047E4C0012008B500F00AF808B1B3
:1088C000006902E01120FDF73DFB0090BDF80000BB
:1088D00008BD10B510B1FAF727FB01E0F2F7AEFDC5
:1088E000BDE81040F2F702BE10B5044600F002F8F1
:1088F000001B10BD0349012248680A700B78002B49
:10890000FBD07047A80F0020034900220A704A6874
:108910001044486070470000A80F002010B50C46B6
:1089200042F264010A462046FDF7A8F800231A46E1
:1089300008492046F9F7ECF980212046F9F734FA86
:1089400003212046FDF770F82046BDE810400321C2
:10895000FDF775B811E102082DE9F0410D46084612
:10896000FAF756FB064642F264010A462846FDF72E
:1089700085F82846FDF79AFA3046FAF79BFA0E4C2E
:108980002189484307B23046FAF7AEFAA1883A4641
:10899000484301B22846FDF72FF8217885F82410C6
:1089A000D4E90102104304D13046BDE8F041FDF79F
:1089B0002EB8BDE8F081000034C001202DE9F0415F
:1089C000074615460E460B48E0F758FC040010D049
:1089D000A7604FF0FF302660206100206061FFF744
:1089E00089FFE56004496060012008712046BDE808
:1089F000F081FEE794CA01200CC1012010B50446A5
:108A000001460548E0F7B0FC04490120C870204643
:108A1000BDE81040F8F786BE94CA01200CC10120C1
:108A200001484078704700000CC101202DE9F04753
:108A3000494CA07810B10120BDE8F0870120A0705A
:108A40002078002628B1FFF755FF5FEA000902D021
:108A500007E0A670EFE72069401C2061642800D978
:108A600026613E4D4FEA060884F8038084F80480AE
:108A70003B48E0F7DEFB286037E03948E0F7EBFBE6
:108A80002E680746307DC0072ED18246304600F062
:108A90007AF888B93069B0F1000A01DD401E306112
:108AA000FFF728FF7060B16821B1BAF1000F01D063
:108AB000304688474FF0010AE07820B9306910B994
:108AC0003046FFF79BFFBAF1000F0DD02079E17817
:108AD000084309D028680028C6D100BF4FF0FF35F1
:108AE0001F48E0F7A6FB11E02F6029680029C4D1D8
:108AF000F4E7307DC00705D1304600F044F8A842C5
:108B000000D2054631461648E0F7A5FB0600F0D135
:108B10004846FFF7E9FEE1680844E060A068FFF717
:108B2000E3FEB0F5FA7F13D3E16864225143B1FB51
:108B3000F0F0C0B26070642801D9002001E0C0F1FB
:108B4000640060702646C4F80C80FFF7D3FEB06066
:108B500084F8028028466FE70CC10120E0C00120A4
:108B600094CA012001214161704710B50446FFF706
:108B7000C1FE2168401A401E606010BD00214161A5
:108B800070470161704710B504464068FFF7ACFEBE
:108B90002168814201D8002010BD081A10BD70B5AF
:108BA0000346083A0C4602F00300111AA00705D14B
:108BB000A1F10C0047F6F572904201D3002070BD80
:108BC0002078251F00F00300084320F0020040F049
:108BD0000101216029461846E2F7F7F82846E2F736
:108BE00029F9017902214160204670BD70B58107E5
:108BF00001D0002070BD00238060C0E90303194646
:108C000000EB810200EBC1145361002204EB8206E9
:108C1000521CB063202AF9DB491C0929F0DB70BD26
:108C200070B50C460546FFF7E1FF0646A4F59762CE
:108C300005F59761FFF7B3FF304670BD2DE9F041B0
:108C4000002611B3083905464E680C46F00700D0DF
:108C5000FEE70846E2F744F92179284689070CD552
:108C60002768AFB13979C90713D03946E2F7A0F9BF
:108C700021463846E2F78EF8044621462846E2F7B8
:108C800049F901462846E2F7A0F83046BDE8F081F0
:108C9000FEE7FEE770B50A46054604211046E1F7F7
:108CA00093FC044601462846E2F7CAF801462246EC
:108CB0002846BDE87040E2F753B92DE9F05F9046D1
:108CC0000C0081464FF0000522D0B8F1000F1BD0F8
:108CD000A4F108052846E2F738F9824668680421BD
:108CE00020F00307DAF8040020F00300384400F114
:108CF000040B4046E1F768FC0646B84500D966B16A
:108D00002879C0070CD0FEE74846FFF797FF44E0FC
:108D10001146FFF7BFFF05463FE00020BDE8F09F8A
:108D2000BE4216D99AF80400C00701D05E4510D99A
:108D300041464846FFF7AEFF05002ED04046474566
:108D400000D30746284621463A46D7F76AFA214615
:108D5000DAE7BE4206D929464846E2F7DBF828465C
:108D6000E2F7CBF828794F46C00700D0FEE731463E
:108D70002846E2F720F878B131462846E2F729F98B
:108D80000146406820F0020048603846E2F7C2F829
:108D900001463846E2F719F825462846BEE75A301C
:108DA00000B200F005B85A3000B200F001B800007F
:108DB0004FF4B47190FBF1F201FB1200002802DACB
:108DC00000F5B47000B20E495A2802DA31F91000E9
:108DD0007047A0F15A025A2A03D2C0F1B40000B27F
:108DE000F4E7A0F1B4025A2A01D210B202E0C0F5B1
:108DF000B47000B231F81000404200B27047000079
:108E0000288003082DE9FF4F83B05FEA0009119F16
:108E10007BD099F80000002877D00498002871D002
:108E20001098800702D541F6FF70069000243F4A53
:108E3000009401945268A346254626464FF0FF3819
:108E400069464846904782460098019050E0374A6C
:108E500001A948465268904783461098761CC0077F
:108E600004D051461298E0F7D1FD98BB5A465146BE
:108E70000498F5F7E7FC00B229180DB2002802DDCE
:108E80000598284405B2B8F1FF3F05D10598291A85
:108E90000698814200DDA0465046BAF10A0F1AD06A
:108EA000BAF10D0F17D00146A0F59C4045F2A5126E
:108EB000904210D9002005E01DA2125C8A420AD01F
:108EC000401CC0B21AA2125C002AF5D117B1B8F149
:108ED000FF3F08D008E024B9B8F1FF3F01D107B146
:108EE0003D60761E08E03D60DDE90040DA46009016
:108EF00019F804000028AAD1B8F1FF3F06D0139852
:108F000070B1404607B0BDE8F08F0CE02EB1BAF169
:108F10000D0F03D1BBF10A0F00D1009C2046F1E7F1
:108F20000FB1002038600020ECE7000020C10120D4
:108F3000202C2E3B3A2D5F002DE9FF4F83B00446D5
:108F40004FF00000DDF848A0DDF840902080934607
:108F50000F00608049D0BBF1000F46D05FEA8A70F5
:108F600002D541F6FF7011900025A846BBF80860B5
:108F700025E00020CDE9000A781902905946119B9E
:108F8000069AE0F799FC8044B4F9020006EB090167
:108F90000144B1F5004F28D2304448446080A8EB2A
:108FA0000501CDF800A05A46069B029800F022F871
:108FB000B4F90010814200DB084620804546785D08
:108FC0000028D6D15DB1781910F8010C0A2801D01B
:108FD0000D2804D1618806EB090008446080B4F9CB
:108FE000020028B1A0EB0900608007B0BDE8F08F57
:108FF0006680FAE72DE9FF471E46DDF8309090467F
:109000000D4607000CD0B8F1000F09D038780028C1
:1090100007D00020044602908DF80C00EDB923E043
:10902000002004B0BDE8F08702AB01AA69463846CB
:10903000E0F72AFC5FEAC97004D003A80099E0F7C2
:10904000E5FC50B9DDE900124046F5F7FBFB00B244
:10905000002802DD2044304404B20298A842E3D341
:10906000002C01DDA01B04B22046DAE710B5014652
:10907000802825D3002301F03F0242F08002B1F5A1
:10908000006F0AD2C0F3841141F0C00161F3070000
:1090900062F30F2063F3174010E0C1F3851444F02E
:1090A0008004B1F5803F0CD2C0F3033141F0E00100
:1090B00061F3070064F30F2062F3174063F31F604E
:1090C00010BDB1F5881F10D2C1F3824343F0F00305
:1090D000C1F3053163F3070041F0800161F30F2014
:1090E00064F3174062F31F6010BD002010BD000044
:1090F0002DE9F04100240F4606462546DFF824807E
:1091000007E0D8F800103019884700B9012004445E
:109110006D1CBD4202D2305D0028F2D12046BDE870
:10912000F081000020C10120F8B5074600200D465F
:109130000446064E009004E072686946384690473F
:10914000641C0098A842F7D32046F8BD20C1012036
:10915000F8B500240546074E009404E0726869469D
:1091600028469047641C0098285C0028F6D12046C9
:10917000F8BD000020C1012078B500250446009507
:1091800001B969460A68A05C030601D4054634E0CB
:1091900006260223B6EB501F06D1C006400D24E080
:1091A00004F03F031D1828E00E26B6EB101F02D175
:1091B0000007000C0FE01E26B6EBD00F1DD1521C8D
:1091C0000A604007A55CC00AB3EB951F13D105F0F8
:1091D0003F0500EB0530521C0A60A55CB3EB951F00
:1091E00009D105F03F0500EB8510521C0A60A45C14
:1091F000B3EB941FD4D0002078BD521C28460A60DF
:1092000078BD0000F8B5074608680025401E0C46EA
:109210000D4E086001E0042D13D2206831683844F7
:10922000884718B9216861B1491E21606D1CEDB2F3
:109230000028F0D020680090726869463846904750
:10924000F8BD0020F8BD000020C101200078010613
:1092500001D4012070470621B1EB501F01D102203B
:1092600070470E21B1EB101F01D1032070471E2162
:10927000B1EBD00F01D104207047002070470000EF
:1092800008B5009313460A4601460248E0F772FF0C
:1092900008BD0000F19C000870B50D460846F9F7BE
:1092A000B7FE0646F9F773FE04463046FAF7B5FFF7
:1092B000014622462846FCF7E1FB01212846FCF73F
:1092C000DFFA2846F9F708FA0446104842F2640625
:1092D0003146B0F900202046FCF7D0FB00212046A3
:1092E000FCF7CEFA02231A4600212046FCF7ACFA1E
:1092F0002846F9F7F1F904460121FCF7D1FA314685
:109300002046BDE87040FCF75ABD000030C0012087
:10931000D9F7C8FBDDF766FCDCF7CCFEDCF76CFEAA
:10932000DCF77EFFDCF7E4FFDCF722FEDCF742FE31
:10933000DCF736FFDCF754FFDCF796FFDCF7B6FF0F
:10934000DDF70AF8DDF724F8D7F79CFCDCF79EFB85
:109350000020DCF775FA012240211048D8F73FFFC2
:10936000DEF78CFFD7F7FEF9DCF7D4F9DDF7C4FAA6
:10937000DEF7F6FBF6F742FEFCF7B8FEFCF7E2FE7E
:10938000DEF7CCFEDEF728FCDEF726FCDEF724FC59
:10939000DEF722FCFFF74AFBF4E700000010024072
:1093A0002DE9FC5F0020F9F797F901905248F1F799
:1093B0007FFA014600220198FCF749FC0198F6F774
:1093C000EFFF04464DA1F7F771FE4E48F1F770FA32
:1093D000014600222046FCF7D2FC00224A492046E2
:1093E000FCF7D9FC0823002202212046F8F77EFD75
:1093F0002A2069250C220A218346002405EB020954
:1094000000EB010A4FEA000804EBD47020F00101E0
:109410004010611A00FB0AB709FB01F60A360198F1
:10942000EFF7DAFF3AB231B20090FCF7E5FA4246C4
:1094300029460098FCF722FB3448F1F739FA014637
:1094400000220098FCF703FC002206210098FCF79C
:109450008CFC234607222E490098F8F759FC009807
:10946000F6F79EFF06462B4850F824103046F7F7D3
:109470001DFEF1F72FFC014600223046FCF77FFC71
:109480003046F8F7BFFF641C082CBDDB0198EFF7EE
:10949000A3FF04462822DC21FCF7F0FA6FF0090351
:1094A000002205212046F8F721FD1B48F1F700FABC
:1094B000014600222046FCF7CAFB00220621204676
:1094C000FCF753FC0023072214492046F8F720FC40
:1094D0002046F6F765FF044611A1F7F7E7FDF1F71F
:1094E000F9FB014600222046FCF749FC2046F8F72C
:1094F00089FF0198BDE8FC9F2E1A1A004E6176651F
:10950000727400006045E900907E030860340F002B
:1095100091BD0008800E00205533330011BB0008B8
:10952000436F6E66696700002DE9F0414FF4807467
:109530000E4607462246F0F77BFA05462146384696
:10954000EFF77AFF002D06D0224631463846BDE8B7
:10955000F041F0F779BABDE8F08100002DE9FF4F46
:109560001D468A880B888BB0D21A521C17B2CA8843
:1095700049880446511A491C1C98DDF868A00FFA66
:1095800081F9012805D0022805D003284DD14F4884
:1095900002E04F4800E04F4880465FEA0A0020881A
:1095A000ADF804002888ADF8080005D09AF800004E
:1095B000FD283DD319983EE0DDE901104346199A94
:1095C0009847009000202DE0002621E0BDF808001B
:1095D00035F81610884205D1BDF8040034F816108D
:1095E00088420FD004EB460043460088ADF80400E3
:1095F00005EB4600199A0088ADF80800DDE9011076
:109600009847009004EB4600BDF800100180761CDE
:10961000BE42DBDB0D9804EB4004189805EB4005D7
:109620000AF1010082464845CEDB0FB0BDE8F08F5D
:1096300019994843000A02460090DDE901104346AB
:109640009847099000203DE000262FE01AF8060018
:1096500058B3FD2801D3199802E019994843000A2C
:10966000BDF8081035F81620914208D1BDF8041055
:1096700034F81620914202D10099814210D004EBB7
:10968000460102460988ADF8041005EB4601434641
:109690000988ADF808100090DDE90110984709909D
:1096A00004EB4600BDF824100180761CBE42CDDBE1
:1096B0000D9804EB4004189805EB40051B98824474
:1096C0000BF1010083464845BEDBAEE7D3CF00086F
:1096D0004BCF000857D000082DE9FF4F0646888879
:1096E0000A888BB0801A401C07B2C8884988DDE917
:1096F00019BA401A401C0FFA80F85FEA0A001D46AA
:10970000584605D0FD287CD9A7F1040B002027E19D
:10971000FD2813D300247F000BE0304629463A464B
:10972000D6F77FFD0D98641C06EB4006189805EBF4
:1097300040054445F1DB0FB0BDE8F08F002021E08B
:10974000002415E006EB440A5A46BAF80000ADF8CA
:10975000180005EB44000088ADF81400DDE90501B0
:10976000F1F7D4F90590BDF81410AAF80010641CA4
:10977000BC42E7DB0D9806EB4006189805EB400568
:1097800009F1010081464045DADBD4E7D1460024E7
:109790001CE000BF99F80020AAB1FF2A06EB4400A4
:1097A0001AD009900088ADF8200005EB440000882D
:1097B000ADF81C00DDE90701F1F7A8F90690BDF846
:1097C00018100998018009F10109641CBC427CDA77
:1097D0005FEA8970DED178E005EB44010988F1E7A2
:1097E000D9F80000F0B3401C74D099F80020BAB149
:1097F000FF2A06EB44007AD007900088ADF82400D9
:1098000000E0B9E005EB44000088ADF82000DDE998
:109810000801F1F77BF90690BDF818100798018050
:1098200009F10100059099F80120AAB1FF2A06EB81
:10983000440060D009904088ADF8200005EB44005A
:109840004088ADF81C00DDE90701F1F75FF90690EB
:10985000BDF81810099841800598401C05900278C1
:10986000BAB100E02EE0FF2A06EB440047D0079093
:109870008088ADF8240005EB44008088ADF8200016
:10988000DDE90801F1F742F90690BDF818100798D4
:10989000818005984278AAB1FF2A06EB440032D0B5
:1098A0000590C088ADF8200005EB4400C088ADF8F5
:1098B0001C00DDE90701F1F729F90690BDF8181041
:1098C0000598C18009F10409241D5C4588DB3BE053
:1098D00000E00CE005EB440006EB440102880A803E
:1098E00042884A8082888A80C088C880EAE705EB7F
:1098F0004401098893E705EB44014988ABE705EB90
:1099000044018988C4E705EB4401C988D9E700BF51
:1099100099F80020AAB1FF2A27D006EB440009904D
:109920000088ADF8200005EB44000088ADF81C006D
:10993000DDE90701F1F7EAF806900998BDF818107B
:10994000018009F10109641CBC42E1DB0D9806EBC2
:109950004006189805EB40051B9882440198401C6E
:1099600001904045FFF612AFE5E605EB440006EB3B
:10997000440100880880E4E700202CE000241EE079
:109980001AF80400D0B1FD2801D35A4602E000FBCA
:109990000BF0020A06EB440003900088ADF81800B3
:1099A00005EB44000088ADF81400DDE90501F1F78E
:1099B000ADF805900398BDF814100180641CBC42FA
:1099C000DEDB0D981B9906EB400618988A4405EBE0
:1099D000400509F1010081464045CFDBABE60000C0
:1099E0002DE9FF4F85B09A460C46DDF850B0DFF701
:1099F000E5FE0390A0882188401A401C06B2E0884A
:109A00006188401A401C0FFA80F8BBF1000F01D0AA
:109A100000204BE000271DE0002515E01398029080
:109A20000AEB4500079A0088ADF8040060883844C6
:109A300000B2009020880599284403B2039800687A
:109A4000D0F81CC0E0476D1CB542E7DB12997F1CC3
:109A50000AEB410A4745DFDB09B0BDE8F08F00257E
:109A60001BE000BF1BF80500B0B113994843000A82
:109A700002900AEB4500079A0088ADF8040061885F
:109A800001EB090000B2009020880599284403B238
:109A900003980068C769B8476D1CB542E2DB1599A9
:109AA00009F101008B4412990AEB410A81464045B5
:109AB000D5DBD1E770B515460E460446802805D2A1
:109AC000E117002004EB9171891006E004F084FB9B
:109AD000411FCC4084F02001801F3060296070BDA0
:109AE000FD2902D2022901D80020704710FB01F0A5
:109AF00000EBC01101EBC030C0F3C750704700004D
:109B000070B516460D46F8F7E7FD04462322F0210E
:109B1000FBF7B4FF002211462046FBF76DFF2B48F0
:109B2000F0F7C6FE014600222046FCF790F800221E
:109B300011462046FCF7ADF8002211462046FCF7FE
:109B400014F900212046FBF785FF4EB32046EFF7BE
:109B500043FC06461C221E21FBF790FF0322114600
:109B60003046FBF749FF1A48F0F7A2FE01460022F3
:109B70003046FCF76CF8002204213046FCF7F5F87B
:109B80000023072213493046F8F7C2F83046F6F7AB
:109B900007FC064610A1F7F789FA3046F8F732FCC1
:109BA0002046F6F7FDFB06462946F7F77FFAF1F760
:109BB00091F8014600223046FCF7E1F800231A46EE
:109BC00009213046F8F792F9204670BD3E21160073
:109BD000553333008BB80008EF819300811E0129B3
:109BE00001D8801E70470128FCD9011F012901D826
:109BF000001F7047811F012901D8801F7047002076
:109C0000704700002DE9F04704460020F8F764FD96
:109C100081468148F0F74CFE014600224846FCF799
:109C200016F87E48012250F824104846FFF768FFD6
:109C30004846F8F751FD04462A220521FBF7DCFED1
:109C40008C22E6212046FBF719FF754D2846F0F7D8
:109C50002FFE014600222046FBF7F9FF00220121DA
:109C60002046FCF716F86F48F0F722FE0146002266
:109C70002046FCF702F8002204212046FCF775F884
:109C8000002211462046FCF745F803212046FBF749
:109C9000E1FE10212046F8F787F82046F6F780FB12
:109CA000042280461146FBF7A7FEF1F713F80146A0
:109CB00000224046FCF763F85BA14046F7F7F6F94F
:109CC0004846F8F709FD0646CF220521FBF794FE2A
:109CD0006C22E6213046FBF7D1FE2846F0F7E8FD7E
:109CE000014600223046FBF7B2FF00221146304603
:109CF000FBF7CFFF002204213046FCF736F80022A4
:109D000011463046FCF706F800213046FBF7A2FE6C
:109D10003046F6F745FB044649A1F7F7C7F9062296
:109D200008212046FBF768FEF0F7D4FF0146002229
:109D30002046FCF724F83046F4F75AF9054602228B
:109D40005821FBF759FE1A2282212846FBF796FE7E
:109D50003EA12846F4F77BFB304C2846903CA17985
:109D6000F4F7E7FB444F3846F0F7A2FD0146002226
:109D70002846FBF76CFFF0F7ADFF014600222846AE
:109D8000FBF7FDFF00231C223C492846F7F7C0FFE4
:109D90003046EFF721FB05462622D221FBF76EFE67
:109DA0006FF00703002205212846F8F79FF8384690
:109DB000F0F77EFD014600222846FBF748FF00220F
:109DC00006212846FBF7D1FF002307222C4928460D
:109DD000F7F79EFF2846F6F7E3FA054629A1F7F7BD
:109DE00065F92846F8F70EFBF0F774FF01460022EC
:109DF0002846FBF7C4FF206908B1FEF7FFFD424685
:109E0000FA212448FEF7DAFD4FF0FF312061FEF71A
:109E1000B8FE4846BDE8F0872E1A1A00800E0020D2
:109E20003E2116005533330046726F6D3A202D2DBA
:109E30002D0A286E6F206D65737361676573290045
:109E4000466F727761726420746F3A0043414E31FD
:109E50000A43414E320A5553415254310A55534137
:109E60005254320A494943310A494943320A53504C
:109E700049320A535049330060340F0045BB000893
:109E8000A9BC0008537461727420466F72776172C6
:109E900064000000A1BD00082DE9F041F4F7BAFB11
:109EA0000746F9F7B5F80646F9F7B2F80546EFF7B1
:109EB00091FF046800213046F8F798FFB84244F358
:109EC000074008D1012801D0401E07E00C2060F3B4
:109ED0001744601E1FE00C2819D0401C60F3174483
:109EE00044F30747A1B20C463A462846EFF774FF01
:109EF00001213046F8F77AFF0849224601EB870135
:109F000051F8043CBDE8F04105A1F7F706B901207E
:109F100060F31744601C60F30F04E1E790C0012078
:109F2000256420257300000070B50546F4F772FB28
:109F300004462846F4F770FB05462046F4F7FAF885
:109F400004462846EFF746FF0088641C62B262F3BD
:109F5000174081B22846BDE87040EFF73DBF0000D2
:109F600070B50D4600212846FAF7F6FD0021284677
:109F7000FBF786FC0023022219462846FBF764FC07
:109F80002846EFF729FA0646002228A1FBF76BFEC8
:109F900042F264013046FBF78FFC3046FBF786FF48
:109FA0003046F8F7F4FF044601463046FBF707FF5A
:109FB000002307221E493046F7F7AAFE0421304647
:109FC000F8F7FAFA2846F6F7EBF906460321F7F711
:109FD00031F8002202213046FBF7CCFE0121304649
:109FE000FBF75EFC2846EFF7F7F90646002211A1C1
:109FF000FBF739FE224611463046FBF73FFD0023B2
:10A0000007220B493046F7F783FE04213046F8F764
:10A01000D3FA00231C2208492846F7F779FE284680
:10A02000BDE8704000221C21F4F7F8BAEF819300DC
:10A03000999E0208EF81940049E802082DE9F04159
:10A040000F460846F8F7E4FF044600213846FAF7C1
:10A0500083FD00213846FBF713FC3846F3F7C8FFB1
:10A06000164D06466968F4F7F2F923461C22144996
:10A070003046F7F74DFE01213046FBF711FC38461C
:10A08000F3F7B6FF06462968F4F7E1F923461C22E8
:10A090000C493046F7F73CFE01213046FBF700FC47
:10A0A00000231C2208493846F7F732FE3846BDE83F
:10A0B000F04100221C21F4F7B1BA0000C0C0012019
:10A0C00099E90208299F02088DE8020870B50E4C34
:10A0D0000025A078022806D1607920B1FF21E07820
:10A0E000DDF7CEFD6571206910B1FEF787FC2561B3
:10A0F000A06910B1FEF782FCA561FFF751F9BDE838
:10A100007040012100F02EB8F00D002070B5144C05
:10A1100005460026206910B1FEF770FC2661A06993
:10A1200010B1FEF76BFCA661E5706671A671042D97
:10A1300006D0052D04D0062D06D0072D04D006E04C
:10A140002846DBF7B3FA02E02846DCF7A9FB2846ED
:10A15000FFF758FDBDE87040022100F003B8000091
:10A16000F00D002070B5094D04460E46E868002841
:10A17000204605D0F1F7E4F9E868F8F7B9FA01E00C
:10A18000F1F7DEF9EC60AE7070BD0000F00D00205C
:10A1900070B5094D04466868002808D044B12046CF
:10A1A000EBF700FBA9682044884200D3002070BD73
:10A1B0000248006870BD0000100F0020ECC00120B4
:10A1C000002902D00068091D42507047002901D0C3
:10A1D00000684250704700002DE9F041044600221B
:10A1E0002121F4F71BFA00287ED0608C40F48050C7
:10A1F000608401E0FFF7F0FF00212046F8F7F6FD4C
:10A200000028F7D12046F8F7BDFE06460020F5F7F6
:10A210009FFD054600271CE0A86AA04202D0E86A1C
:10A22000A04203D121462846F5F73AFE686BA042CA
:10A2300000D16F63686DB04207D1F5F793FDA0427E
:10A2400003D121462846F5F72BFE2846F5F780FD79
:10A250000546002DE0D12046DFF7BAF860680426F5
:10A260000028204602D0F8F798FE2AE0F8F75CFEB6
:10A2700005460020EA68696A05E000BF52F8203010
:10A28000A3420AD0401C8142F8D806E0E96806EBF8
:10A2900080028A5841F82020401C696A491E814288
:10A2A000F4D8686A401E81006862E868F7F75EFAD1
:10A2B000E8601DE0096806EB80028A5841F820201A
:10A2C000401C616889684A68521E8242F2D8606800
:10A2D00080684068401E486061688200896808683C
:10A2E0001146F7F743FA00E007E061688968086003
:10A2F0002046BDE8F041F7F715BABDE8F081C9B2D4
:10A300000022FBF702BDF0B50027DDE905458E1AF6
:10A31000012B05DC03280CD004280AD0052808D01E
:10A32000891A09B206282AD2DFE800F0290A032098
:10A33000140E2F80208806EBD67100EB61001CE024
:10A340002F802088304418E05B1E18B291FBF0F09B
:10A350002880F0BD91FBF3F02988084400B22880E2
:10A36000218800EBD07001EB600006E05B1C18B2A6
:10A3700091FBF0F02880218808442080F0BD2F80D8
:10A38000F0BD2DE9F05F05460C46501E53B1218803
:10A39000A1EB620121800844A080E88A6080688B7C
:10A3A000E08009E06188A1EB620161800844E080FF
:10A3B000A88A2080288BA0804FF44036314628465A
:10A3C000F9F792FC814631462846F9F7DBFC8246D4
:10A3D00031462846F9F736FD804631462846F9F7DA
:10A3E0001DFC834631462846F9F72EFE07463146C6
:10A3F0002846F9F71DFE0146208809EB0702801A5E
:10A400002080A0880AEB07021044A080608808EB37
:10A410000102801A6080E08859440844E080BDE869
:10A42000F09F70B50446EBF76BFC05001DD0F8F704
:10A43000AEFD06462046F8F73DFD864215DD0021BB
:10A440002846F9F7A4FD068900212846F9F7C6FD3C
:10A45000E18E3044414309B20022606AFBF7B4F94F
:10A46000606ABDE87040FAF710BA70BD2DE9F04798
:10A47000074690F8600040072FD5786AF6F72BFA68
:10A48000174909688847040027D03846FEF760F866
:10A490008146D5F7F9FE054604FB05F0401CF7F7A9
:10A4A000E3F88046002606E006FB058049462A467A
:10A4B000D5F7B7FE761CA642F6D36E43002108F806
:10A4C00006104146786AF6F7F1FD4046F7F718F9AD
:10A4D0003846BDE8F04700F07BB9BDE8F0870000E2
:10A4E000C00F002070470068FFF7C0BF2DE9F04F94
:10A4F000544E054689B070680168CC6BC96889689C
:10A500002160016809698A0701D4C90723D0F0F7DF
:10A51000F3FF401E07B27068F0F7A8FF401E03B2B9
:10A520000022114601A80097EEF769FD01A96160BC
:10A5300070680068027CC068920705D5826942F0A5
:10A5400002028261A16076E08169826961F3410261
:10A550008261A5606FE0A9882A88891A491C0FFAD0
:10A5600081F9E9886A88891A491C0FFA81F8F0F79D
:10A57000C3FF0146B5F90600814203DC7068F0F7BD
:10A58000BBFF401E07B242464946B2467068EBF731
:10A5900029FC81460026B5F902000DF10C0B28E0DC
:10A5A0002A88ADF80C20AA88ADF81020ADF80E006E
:10A5B000ADF81210C4F804B0C4F808B0DAF804001A
:10A5C0000168C96889682160BDF91210B94201DDCE
:10A5D000ADF81270BDF91260B74205D10068C068CD
:10A5E000816941F002018161204600F02DF80FFAE7
:10A5F00088F000EB0908A8F10101B942D0DDB742AB
:10A600001CD02988ADF80C10A988ADF81010ADF851
:10A610000E00ADF81270C4F804B0C4F808B0DAF84F
:10A6200004000168C968896821600068C0688169A0
:10A6300041F002018161204600F006F809B0BDE852
:10A64000F08F000028C001202DE9F0415F4C074643
:10A6500094B06068F0F706FFF968054609B138461E
:10A660008847606800680188408811FB00F0E9684D
:10A67000884201D1012000E00020296859B16968B1
:10A6800031B128B907E060680068816A01B1884784
:10A6900028690028F7D100256068F0F717FF7A686D
:10A6A00001461046FBF77EFD06466068416919B118
:10A6B0007868FBF777FD054656EA050051D16068DA
:10A6C000F0F71AFF401E0FFA80F86068F0F7CEFE30
:10A6D000401E03B20022114611A8CDF80080EEF70B
:10A6E0008EFC386BB0B103A8F2F7F4F9606811AAD8
:10A6F000C16A079190F829108DF82610418DADF8A8
:10A70000101090F829008DF80F003B6B03A9384614
:10A71000984726E06068C06A98B16946F5F754F832
:10A7200001281ED103A8F1F751F9606811AA90F829
:10A7300029108DF81710C36A03A93846F1F712F9EA
:10A740000FE003A8F2F7C6F96068418DADF810106C
:10A7500090F829008DF80F0003A938467A68F2F7BF
:10A76000A5F9606890F82810C9070CD006B90669E9
:10A770003846314600F0DCFA6068406990B105B9AE
:10A78000054629460BE0406928B105B9054629462A
:10A79000384600F0CDFA0EB9606806693146384691
:10A7A00000F0C6FA6068F0F77FFE0146384600F018
:10A7B000BFFA6068F0F770FE0146384600F0B8FA5C
:10A7C000606814B0BDE8F041E3F7C2BF28C00120C3
:10A7D0002DE9F04F89B004460021F9F7E4FB05901C
:10A7E00000212046F9F712FC0790606C0690606A21
:10A7F000F6F771F8724A8246069912689047DFF8B8
:10A80000C4B106460AEB0600DBF8002081460021B1
:10A810009047054605982F46B0F908803846ECF772
:10A8200092FF00B12027002239460598F4F70AF874
:10A8300007B202AA606A0699F5F762FF606AF6F746
:10A840004AF802460021606AF7F7CCFD616ABDF95B
:10A850000820B1F91430B1F918101A443A448A4268
:10A8600027DD94F86010090723D4032821D00020A5
:10A87000ADF808000798BDF80A2040441044ADF830
:10A880000A005DB150494846096888470644DBF82C
:10A8900000200AEB06000021904705462846ECF709
:10A8A00052FF00B12025002229460598F3F7CAFF80
:10A8B00007B24FF4E02B204659462665F9F7E8F831
:10A8C000054659462046F9F7CFFA00EB050A20461F
:10A8D00011225946F9F7CEFA00EB050959462046F0
:10A8E000F9F714FA4619204613225946F9F7C2FA25
:10A8F000BDF808302844991BBDF80A20ADF80C10AB
:10A9000018447F1EA2EB0A013844ADF80E10ADF8D2
:10A91000100002EB0901A8F101000844ADF8120093
:10A9200004F148010D466846EEF708FB606ABDF881
:10A930000010828A1144ADF80010BDF80210C08AE0
:10A940000844ADF80200606ABDF80410808A08442B
:10A95000ADF80400606ABDF80610C08A0844ADF87E
:10A96000060069462046F9F7B3FF03A92846EEF72B
:10A97000E5FA29466846EEF7E1FA606ABDF800108C
:10A98000828A1144ADF80010BDF80210C08A084454
:10A99000ADF80200606ABDF80410808A0844ADF882
:10A9A0000400606ABDF80610C08A0844ADF80600CD
:10A9B00069462046F9F78CFF09B0BDE8F08F00002A
:10A9C00028C1012024C1012020C101202DE9F0412E
:10A9D0002B4C002020606068B0F85051002D4DD005
:10A9E000002703E0411991F83011D1B16D1EF9D55E
:10A9F0000068416B01B1884760680168C9688A696D
:10AA000022F001028A610168C9688A6922F00202A3
:10AA10008A6190F82810002641F0040180F828107F
:10AA200022E02F46E4E7811991F83011D9B9BE42EE
:10AA300005D10168C9688A6942F001028A6101682A
:10AA4000C9688A6922F002028A6100EBC6003030D0
:10AA5000FFF74CFD606800EBC6003030EEF789FA76
:10AA6000216808442060761C6068B0F85011B1423B
:10AA7000D9DC10F8281F21F004010170BDE8F08135
:10AA800028C001202DE9F0410446ECF788FD20465E
:10AA9000F9F7C3FB054600212046F8F784FF281A82
:10AAA00000EBD07040F34F0694F83C0000F0030137
:10AAB0006420012903D0022904D0A08C0BE094F873
:10AAC000261001E094F827104FF4B47211FB02F144
:10AAD000B1FBF0F080B200B20746FEF769F910FB57
:10AAE00006F0C11321853846FEF75DF910FB06F02C
:10AAF000228D05EBD571C01302EB6102228500EBBC
:10AB0000610060852046BDE8F041ECF748BD0000DB
:10AB10002DE9F04F0C4682468BB001212046F9F713
:10AB2000C5FB00287ED12046DEF766FC050027D055
:10AB3000204600216122F9F79DF900F0FF09B9F1E3
:10AB4000020F6FD36B462A4621465046EDF76FF948
:10AB5000012867D10127002204F114016846DDF7BE
:10AB600042FDA8B100208DF82000CDF824D008AA1D
:10AB700012212046F3F752FD9DF8200038B107E07E
:10AB80000BB021465046BDE8F04FFAF770B80027E9
:10AB9000012D01D147F002073A4669465046F1F7C8
:10ABA000F9F905003ED0204600216F22F9F762F93D
:10ABB00000B260F30F068046204600217022F9F7AC
:10ABC00059F901B2C8F34130642261F31F464FF4D2
:10ABD000FA634FF47A7B012817D128F4C0409842D9
:10ABE00013DCB4F818C0B4F814805845ACEB080C6A
:10ABF0000CF1010C0FFA8CFC01DDC0F57A700CFB36
:10AC000000FC9CFBF2F060F30F06C1F34130012819
:10AC100013D121F4C04098420FDC618BE38AC91A3A
:10AC2000491C00E07EE009B2584501DDC0F57A70AC
:10AC3000414391FBF2F060F31F4602A8F0F7C6FE15
:10AC40008DF81390204600216E22F9F713F900B217
:10AC5000ADF80800B0F5616F02DDA0F5616003E0BA
:10AC6000002803DA00F56160ADF8080020460021F5
:10AC70006D22F9F7FFF8ADF80A002046002168229E
:10AC8000F9F7F8F88DF81400284840680068007C4F
:10AC9000C0F3C0008DF81C00B8070ED5D5E900013F
:10ACA000C5E902016889698A0844401E01B2E98148
:10ACB000B5F90600814200DDE881B5F90A00BDF969
:10ACC000061088422ADCB80705D53B462A4651467D
:10ACD0002046EDF779F821465046F9F7C8FFA08ADB
:10ACE00002AA8119DAF804000088081AADF80C00ED
:10ACF000E08A00EB2641DAF804004088081AADF833
:10AD00000E0029465046F1F740F9B80706D5E88904
:10AD1000401C6881698A0844401ECDE72946504698
:10AD2000F1F769F90BB0BDE8F08F000028C00120F1
:10AD30002DE9F0470C00814605D11B484068F0F72B
:10AD4000C5FB04002AD021464846FFF7E1FE1FE07C
:10AD50000027F8F75DF80646002508E0A0680068BF
:10AD600050F82510E7B14846FFF7D2FE6D1CB542FA
:10AD7000F4D34A4617212046F3F750FC4A461821DF
:10AD80002046F3F74BFC4A4619212046F3F746FCD0
:10AD9000A0464046F8F73CF90400D9D1BDE8F08759
:10ADA0004145E3D10127E1E728C001202DE9F04723
:10ADB00092B088460646EAF7AAFF05006BD0F5F781
:10ADC0008AFD024600212846F7F70CFB012838D0FF
:10ADD000022802D0032819D10CE03046F8F784F895
:10ADE00004462846F9F719FA201A00EBD07040F310
:10ADF0004F0108E03046F8F777F804462846F9F79F
:10AE00000CFA201A01B22846FAF7EFFF002130466B
:10AE1000F9F7C3F8044600213046F9F7EBF882460B
:10AE2000B4F908703046F8F745F8814630460021FD
:10AE30006522F9F71FF884B2B8F1000F03D014B1FE
:10AE400004E00021DFE73046ECF7D4F9F18C07EBA2
:10AE50000A00484309EBD971491007EBD772A1EBFF
:10AE60006201081A06B2B8F1000F17D0B4B16846F3
:10AE7000EDF786FA0F48CDE900502846F9F7EFF9CB
:10AE80000B940890CDE909060B4803900B480790F6
:10AE90006846EDF7E9FA12B0BDE8F08705492846A3
:10AEA000EDF726FA12B031462846BDE8F047FAF72A
:10AEB000B2BF000085B902081FB40208E783010889
:10AEC0002DE9F04F0C464FF4A02689B005463146D7
:10AED000F8F716FF079031462846F8F75FFF8346DC
:10AEE00031462846F8F7BAFF824631462846F8F739
:10AEF000A1FE814631462846F9F764F806903146AE
:10AF00002846F9F77DF8804631462846F9F748F893
:10AF1000059031462846F8F703FE07463146284695
:10AF2000F8F7F8FD06461CE0079BCDF808B0CDE920
:10AF30000083CDE903A9DDE90523A1B22846EBF79B
:10AF4000F7F8B04201DA014600E03146B94201DAD1
:10AF5000384602E0B04200DB3046E96A21F81400CE
:10AF6000641CE88CA042DFD82846FAF753F909B0F0
:10AF70002846BDE8F04FF9F788BC00002DE9F04FF6
:10AF8000464C8DB0606801680A7CD2077ED0C968E3
:10AF9000496800297FD000F5AC70DEF7DCF90028A5
:10AFA00079D160680168CA6893680C9311688B4214
:10AFB00000D151688946F0F759FA0B90202103A877
:10AFC000D5F757F90025A0463CE0411991F830111A
:10AFD000B9BB00F5AC70DEF72CF90646A0462EE0B2
:10AFE000D8F804003146444600F5AC70DEF733F97A
:10AFF00083466068314600EBC50203A83032DDF7B6
:10B0000021FA0746401C19D000240DF10C0A09E072
:10B01000DEF752F90AEBC401641C0A680260496851
:10B02000416064B2D8F80400BC42314600F5AC700F
:10B03000EEDBDEF799F93046F6F774FB5E46002E3C
:10B04000CED16D1CD8F804004446B0F85011A94286
:10B05000BBD8254600F5AC70DEF7EBF812E00B9894
:10B06000CDF80090CDE901046868DDE90B210068A6
:10B070002346C06B866BB0476868214600F5AC700C
:10B08000DEF7E9F80400EAD1686800E003E000F5C3
:10B09000AC70DEF7B8F80DB0BDE8F08F28C0012025
:10B0A0002DE9F0410746F7F7B3FE0546002412E00C
:10B0B000B868006850F824603046F9F7E6FB0022D3
:10B0C0002A213046F3F7AAFA3046F9F7DEFB30467C
:10B0D000FFF7E6FF641CAC42EAD3BDE8F081000054
:10B0E0002DE9FE4F0446EAF712FE060009D0F4F7F8
:10B0F00029FE8046F4F767FE042805D0022803D015
:10B1000012E00120BDE8FE8FE28C21462285042852
:10B110000AD10846F7F736FF0546F3F70DFF18B1D9
:10B1200000212846F3F789FF4046F4F74CFE01283A
:10B1300004D04046F4F747FE032863D1A06A800399
:10B1400031D4002569464046F4F712FEBDF80200EE
:10B15000F18A401AADF80200BDF80000B18A401A29
:10B16000ADF8000069463046F5F7CCF907463046A1
:10B17000F5F7B1FB8246002080460646DFF8949042
:10B1800001900DE0D9F8002001A9504690470A2807
:10B1900003D1B84501D06D1C2DB2DDF80480761CBA
:10B1A000BE42EFD327E000212046F8F7F6FE054621
:10B1B00000212046F8F71EFF2989B4F91A20084417
:10B1C000B4F9161007B2501A00EBD07001EB600012
:10B1D00005B20C214046F4F7B4FEF18A084400B2EF
:10B1E000281A90FBF7F0002800DA0020A18C814299
:10B1F00000DC481E05B2002D04DBA9B20122204666
:10B20000FBF703FAE08C029002AA1C212046F3F718
:10B2100005FA77E724C1012070B5D1E90245D5B11F
:10B22000D4B1E560AC6000EBC21505EB8305AE6BF5
:10B230008E420FD1AC6384420CD100EB8205012118
:10B240006C6901FA03F39C436C6103D1036991407B
:10B250008B43036170BDFEE7FEE72DE9F0410C462C
:10B26000498C06460020C1F305110EE026B1E268C4
:10B2700052F83020B24207D14FF6FF724FF47021DE
:10B280002046F9F7DFFF02E0401C8142EED820465D
:10B29000F7F7BEFD0746002507E0A068006850F8F4
:10B2A00025103046FFF7D9FF6D1CBD42F5D3BDE830
:10B2B000F0812DE9FF5F9846DDE9144ADDE911B51B
:10B2C000DDE90E76DEF77AFA00682946FF22D0F82B
:10B2D00038902046D4F7C6FF002003462FE010998F
:10B2E0000BFB00F2414307EB212106EB222209125E
:10B2F0004FEA222209D4DDF804C0614505DA002AAC
:10B3000003DBDDF808C0624501DB23540AE002FBE1
:10B310000811DDF800C0139A0CEB410102EB40026A
:10B3200009881180BAF1060F07D1139931F810205E
:10B330001FFA89F18A4200D12354401C00B2A8426E
:10B34000CDDBBDE8FF9F70B505460068F7F7ECFD63
:10B350000446006900222721F3F760F90022282122
:10B360006069F3F75BF9606928B194F828108907E0
:10B3700001D5F7F7BDF90020606114F8281F0022FD
:10B3800021F0010104F818196021A0602868FAF77B
:10B3900001F82068BDE87040F9F777BA70B5044647
:10B3A0000068F7F7C1FD0546FBF75DF968612368A2
:10B3B0002B61BDE87040002226211846F3F72EB914
:10B3C00070B50546F7F7B0FD040022D026695EB1DE
:10B3D000002225213046F3F721F9206920B100220F
:10B3E00026212846F3F71AF900202561A0615DB1F6
:10B3F000002227212846F3F711F9206920B1002205
:10B4000028213046F3F70AF92846BDE87040F9F7DD
:10B410003CBA70BD002200680A21F3F7FFB810B5EE
:10B420000068F7F7F5FDBDE81040EBF7E3BE00005C
:10B430002DE9FF4F85B090460C460846F7F7E8FD2A
:10B4400006461021F8F732FF00286FD03046F7F794
:10B450003DFE834600253046F7F725FF1434CDE93D
:10B46000024000B9059C00213046F8F7F9FA8246FF
:10B4700000213046F8F7B6FC504407B200213046B0
:10B48000F8F7A2FB504400B20190F08A618838447A
:10B49000421AB8F80210501A0FFA80F9728B01980C
:10B4A000101AE288801A081A00B200903046F7F7A6
:10B4B0006EFDC11B0198081A00B20490B9F1000F8B
:10B4C0000CDB0098002814DAB9F1000006DD05460F
:10B4D0003046F7F7EFFE401B0AD40AE00098002838
:10B4E00007DD404205B23046F7F79EFDE84200D541
:10B4F00000250398012804D0022807D003280DD185
:10B5000015E0F08A61883844294421E0718B019864
:10B51000091AE0882844081A284405B20024304655
:10B52000F7F7BAFE0090A8B1029F14E0BDE00498BE
:10B53000F18A00EBD07007EB60000844E288618874
:10B54000521A521C12B202EBD27205EB6202114483
:10B55000401AE1E7059F00213046F8F79BFB504475
:10B560000FFA80F900213046F8F7E2FB5044B18A27
:10B570000FFA80FA01EB09003988338B421AB8F8C8
:10B580000010501AA3EB0A02BB8800B2D21A891A23
:10B5900009B200280ADB002912DA002806DD044679
:10B5A0003046F7F7BBFD001B09D409E0002907DD91
:10B5B000484204B23046F7F711FEE04200D50024BD
:10B5C0003046F8F72AFEA0EB0901A1EB0A0000992A
:10B5D00000B2012904D0022907D003290DD122E0AD
:10B5E000B18A01EB0900398803E0318BA1EB0A0035
:10B5F000B9882144401A204404B22D493046ECF762
:10B6000077FE07462B493046ECF772FE384306D0EA
:10B6100000220A213046F3F701F8012845D15FEAFC
:10B62000CB7011D013E000EBD072B18A09EB62004D
:10B630000844B9883A88891A491C09B201EBD171CA
:10B6400004EB61011144D5E7002C00DA00245FEA25
:10B650008B7002D4002C00DD00245FEA4B7002D412
:10B66000002D00DA00255FEA0B7002D4002D00DD0A
:10B6700000250898B8F90010002800D0204608449A
:10B68000A8F80000B8F9021002D14FF0000000E065
:10B6900028460844A8F80200089B09B02A4621461B
:10B6A0003046BDE8F04FF9F73FBF09B0BDE8F08F75
:10B6B000A7B702088FB7020830B5AAB1B0F91A309F
:10B6C000B2F900401D19B0F93640A54201DAE31A7B
:10B6D0001380B0F91A40B2F90030E518B0F93A30E9
:10B6E0009D4201DD1B1B1380002915D0B0F91830D5
:10B6F000B1F900209C18B0F93420944201DAD21A32
:10B700000A80B0F91820B1F90030B0F938001344BC
:10B71000834201DD801A088030BD1CB50446828E4C
:10B72000C18E6B46EAF747F8BDF90000002801DA40
:10B7300040420CE02046F8F770FDBDF90410884245
:10B740000BDA2046F8F769FDBDF80410401A01B283
:10B75000012300222046F9F777FFBDF902000028F7
:10B7600001DA40420CE02046F7F711FCBDF9061063
:10B7700088420BDA2046F7F70AFCBDF80610401A9B
:10B7800002B2012300212046F9F75EFF1CBD10B56F
:10B790000346F7F796FD084401B2BDE810400022C9
:10B7A0001846DDF72FBE10B50346F7F791FD0844A4
:10B7B00002B2BDE8104000211846DDF723BEF8B5FF
:10B7C00005460C460846F1F785F94FF480363146B8
:10B7D0002846F8F72BF9E070022808D928463146A8
:10B7E0002022F8F747FB0090BDF80000A080284613
:10B7F00031463122F8F73EFBC0B2002784F8220020
:10B80000022814D9284631463222F8F733FB00B219
:10B810002084002809DD284631463022F8F72AFB2B
:10B820000090BDF80000E08301E084F82270284613
:10B8300031464522F8F71EFBC0B284F836000228D4
:10B840001AD9284631464022F8F714FB00B2E085A9
:10B8500000280FDD284643223146F8F70BFBA0866F
:10B86000284644223146F8F705FB0090BDF8000059
:10B87000A08501E084F8367031462846F8F75CF977
:10B88000FD280AD2E17811FB00F1090AE170414379
:10B89000080A84F8220084F83600E07830B994F879
:10B8A000220018B994F83600002805D03146284601
:10B8B000F8F72AFB20800120F8BD0000F0B5002138
:10B8C000274B4FF4E134084603EB0112491CC2E94F
:10B8D00000409060D0600229F6DB214B00222A2430
:10B8E00020334FF440254FF48016012702EB42012C
:10B8F000521C43F8314003EBC10101F1080C4860D0
:10B900008CE8610008754F75022AEFDB144B0022AA
:10B91000144C503330254FF4804600BF03EB4211E6
:10B92000521C10C1022A61C141F8100948618861A6
:10B93000C861F3DB0A4B00224FF4827490334FF45A
:10B94000007500BF03EB4211521CC1E90040886042
:10B95000C860C1E904058861C861022AF2DBF0BD54
:10B96000A0C20020801A0600A0F84410F8F78DBF8E
:10B97000A0F84610F8F789BF09B2FAF736BA09B24B
:10B98000FAF749BA09B2FAF746BA00002DE9F84FBA
:10B9900004464F1091460D464FEA610AC80700D190
:10B9A0007F1E60008346F5F75FFE06464B4600208B
:10B9B00026E000BF03EB4400009030F8021C69430E
:10B9C000601E15D4002200EB0A0C26F81010A445C6
:10B9D00001DA33F81C208A1AC11B012901D5198804
:10B9E00003E003EB410131F8021C401E1144E9D58C
:10B9F0005A4631461846F5F7D1FE009B08F1010082
:10BA00008046A042D6DB4FF47F51B1FBF5F2002017
:10BA100093B214FB04FC0CE039F8102042B18A42C6
:10BA200002D129F8103003E092FBF5F229F810203A
:10BA3000401C8445F0D8002039E000BF09EB4002EB
:10BA4000934613886B43002123E0002B02DA4FF06A
:10BA5000000C01E04FEAA31C26F811C0A1EB0A0C70
:10BA6000BCF1000F02DCB2F800C003E00CFB0408DC
:10BA700039F818C0A3EB0C0CCB195B1CA34200DBFC
:10BA8000631E03FB040802EB440239F81830491C1A
:10BA90006344A142D9DB5A46002105E036F8113053
:10BAA000138002EB4402491CA142F7DB401CA04278
:10BAB000C4DB3046BDE8F84FF5F722BE2DE9F0476C
:10BAC0000E468AB01F468046014615469146D41957
:10BAD00007A8EDF706FA05EBD57007EB600145F313
:10BAE0000002891A891EADF82010012101EB6000C7
:10BAF000ADF81E004046EDF756FABDF82010081AC2
:10BB0000ADF81C004046EDF722FABDF81E100023E8
:10BB10000844ADF822003A4607A901A8F0F70AFF49
:10BB20004D46B9F1010F01D04FEA69052046F5F7FE
:10BB30009BFD8246B046002734E021465046F5F78B
:10BB400043FE01A80090DDF804C023B23AB2002100
:10BB50005046E04740B19AF80000800190FBF5F1B3
:10BB6000A8F80010012018E061004046F5F725FE16
:10BB700015E000BF0AEB00021AF8001012F8012CC1
:10BB8000914204D108EB400131F8022C02E0890116
:10BB900091FBF5F228F81020401CA042EADB08EBEC
:10BBA00044087F1CA742C8DB5046F5F7A9FD01A851
:10BBB000F0F738FC012D14D020B232462946074652
:10BBC000FFF7E4FE09F00100284401B2012926DD57
:10BBD0004FF47F5090FBF1F2002093B204FB04F588
:10BBE00017E00020644304E036F810108A0932544C
:10BBF000401C8442F8DC0AB0BDE8F08736F810201B
:10BC000032B1FF2A0ED0920192FBF1F226F81020F9
:10BC1000401C8542F2D832463846FFF7B7FE002076
:10BC2000644307E026F81030F2E700BF16F8101062
:10BC30003154401C8442F9DCDDE7F0B597B007468B
:10BC400014460D4601A8F0F745FFFF2211461046A5
:10BC5000EEF7C6FE0090BDF800000090BDF80000B1
:10BC6000ADF8080000262A4601A93846F0F71EFF65
:10BC70000FA8F0F75FF923462A460FA93846009629
:10BC8000EFF7BEFE17B0F0BD2DE9FF47674C8046C9
:10BC90001E46A06E1546894608B1EBF725FFC4E99C
:10BCA0001C56EFF7CBFBEFF711FCF6F715FD4FF441
:10BCB000A072F021A066F9F7E1FE00221146A06E05
:10BCC000F9F79AFE0020EEF7F3FD01460022A06E80
:10BCD000F9F7BDFF0022C821A06EF9F7C9FF0022C5
:10BCE0001146A06EF9F7D5FF1021A06EF6F764FC9F
:10BCF000A06EF6F7F1FC05464822DC21F9F7BEFEFE
:10BD000006220A212846F9F777FE494E3046EEF71B
:10BD1000CFFD014600222846F9F799FF00220821AD
:10BD20002846FAF722F8002211462846F9F7B1FF13
:10BD300010212846F6F740FC2846F4F731FB074669
:10BD40004146F5F7B3F90623002202213846F6F7FB
:10BD5000CDF83848EEF7ACFD014600223846FAF738
:10BD60000EF82846FCF78AFA05461E22AA21F9F7A2
:10BD700085FE1A23002202212846F6F7B7F82EA1E5
:10BD80002846FCF706FC0A212846FCF77DFC012129
:10BD90002846FCF77BFC2F48EEF78AFD014600227F
:10BDA0002846F9F754FFEEF795FF01460022284692
:10BDB000F9F7E5FF4B4628A210216846DCF792FA16
:10BDC00069462846FCF79CFCE566A06EEDF756FB3D
:10BDD00016490446B031EDF791FE54220821204661
:10BDE000F9F70AFE9C22E0212046F9F747FE30468B
:10BDF000EEF75EFD014600222046F9F728FF0022FB
:10BE000011462046F9F745FF002206212046F9F7A2
:10BE1000ACFF00212046EDF743FF04B02046BDE80B
:10BE2000F04700231C220E49F5F772BFF00D0020E9
:10BE30003E2116006045E900303132333435363763
:10BE400038396162636465664142434445467858C7
:10BE5000000000002E1A1A0030782530386C580087
:10BE6000657A010830B591B005464FF4E0216522AE
:10BE7000F8F700F8040017D06846ECF781FA0F488D
:10BE80000B94CDE9005001200E9400210890CDE9DB
:10BE900009010B4807904FF6FF70ADF84000684667
:10BEA000ECF7E2FA11B030BD04492846ECF720FA6D
:10BEB00015F8540F40F001002870F3E759D5000839
:10BEC0003F8401082DE9FC41FE4DFF4C95F8200010
:10BED000C00703D0FD48EEF7FEFC03E0042112206A
:10BEE000FAF716F80090BDF80000608095F8200081
:10BEF000C00704D005211220FAF70AF803E0042154
:10BF00001220F9F7EDFF0090BDF80000A08095F831
:10BF10002000C00703D0EE48EEF7DDFC01E0EEF7AD
:10BF2000FDFE0090BDF80000E08095F82000C007FD
:10BF300003D0E848EEF7CFFC03E002211220F9F726
:10BF4000E7FF0090BDF800002081E068D03001F0EC
:10BF50000DFAE068D83001F009FA00264620CDE954
:10BF60000006D8485023DC4ADC492838FBF7D4FCCB
:10BF7000D44800965023D84AD84914380196FBF784
:10BF8000CBFCD049E0682839D030FBF7BDFCCD4967
:10BF9000E0681439D830FBF7B7FCE068083001F0EE
:10BFA000E5F995F82000C00704D002211220F9F726
:10BFB00097FF02E01220F9F7C5FF0146E06808305C
:10BFC000FBF710FBE06847F6FF7739460830FBF7D0
:10BFD00052FC0721E868EFF724F90146E0680830D1
:10BFE000FBF777FB0521E868EFF71BF90146E068EE
:10BFF0000830FBF78DFCE06866210830FBF70CFB8E
:10C00000B049E06814390830FBF77EFCE068103076
:10C0100001F0ACF9E068FF211030FBF7FDFAE068B1
:10C0200001F0A4F9FF21E068FBF7F6FA6088ADF8AB
:10C0300000000099E068FBF7D5FAA088ADF8000091
:10C040000099E068FBF745FC607801287ED0022863
:10C05000E8687CD05FF00A01EFF7E3F80146E0689A
:10C06000FBF770FB6078012872D00228E86870D076
:10C070005FF00A01EFF7D5F80146E068FBF740FBF7
:10C08000E068183001F072F9E06800211830FBF721
:10C09000F2FBE068FF211830FBF7BEFAE088ADF84C
:10C0A0000000E06800991830FBF79CFA2089ADF891
:10C0B0000000E06800991830FBF7B2FA0221E86846
:10C0C000EFF7AFF80146E0681830FBF7C0FAE06818
:10C0D00001211830FBF7B3FAA088ADF80000E06842
:10C0E00000991830FBF7F5FB607801287ED0022814
:10C0F000E8687CD05FF01001EFF793F80146E06844
:10C100001830FBF7E6FA6078012871D00228E86859
:10C110006FD00A21EFF785F80146E0681830FBF789
:10C1200011FB607801287DD00228E8687BD00A21C5
:10C13000EFF777F80146E0681830FBF7E1FA1220D4
:10C14000F9F700FF0146E068183003E076E078E098
:10C1500079E07BE0FBF78FFA0121E868EFF761F8FF
:10C160000146E0681830FBF791FAE068A03001F072
:10C17000FDF8544EE068283EA030B16BFBF792FA10
:10C180000321E868EFF74DF80146E068A030FBF7BF
:10C190009CFA0321E868EFF744F80146E068A03014
:10C1A000FBF78FFAE0687F21A030FBF786FAE068A2
:10C1B000A83001F0DBF8708FADF80000E06800995E
:10C1C000A830FBF76FFA0321E868EFF72AF8014679
:10C1D000E068A830FBF779FAE0687F21A830FBF728
:10C1E0006CFAE068203001F0C1F803E030E032E0A2
:10C1F00033E035E06078012839D00228E86839D08A
:10C200005FF00801EFF70DF80146E0682030FBF71A
:10C2100032FBE068FF212030FBF7FEF92089ADF802
:10C22000000001E01EE020E0E06800992030FBF70C
:10C23000D9F995F82000C0071ED034E00E21E86837
:10C240000AE70C2108E70E21E86813E70C2111E743
:10C250001821E86850E714214EE70E21E86859E7F5
:10C260000C2157E70E21E86862E70C2160E71021F6
:10C27000E868C7E70C21C5E71220F9F763FE01461D
:10C28000E0682030FBF7FBFAE06800212030FBF784
:10C290000DFBE0687F212030FBF700FBE068002108
:10C2A0002030FBF7F7FAA088ADF80000E0680099AD
:10C2B0002030FBF70EFB607801287DD00228E8686B
:10C2C0007BD00DE0E0C300204C0F00201A171500B2
:10C2D000302B280037322F001B840108380B03084D
:10C2E0005FF01001EEF79DFF0146E0682030FBF79C
:10C2F00016FA607801287DD00228E8687BD00A21F0
:10C30000EEF78FFF0146E0682030FBF723FA0521A6
:10C31000E868EEF786FF0146E0682030FBF7F0F9A9
:10C320000521E868EEF77DFF0146E0682030FBF765
:10C3300009FAFF49FD4808600831FE480860E068D6
:10C34000583001F013F8E068F9495830FBF787F9E5
:10C35000E06823215830FBF786F9E068603001F08F
:10C3600005F8F349E06808316030FBF778F9E068D8
:10C370007F216030FBF777F9E068C03000F0F6FF0E
:10C38000E0680121C030FBF766F9E0680121C030A8
:10C39000FBF755F9E068803000F0E8FF607801288D
:10C3A0007ED00228E8687CD05FF01001EEF739FFFC
:10C3B0000146E068803001E0E8E3E8E3FBF789F953
:10C3C000607801286ED00228E8686CD05FF0100118
:10C3D000EEF727FF0146E0688030FBF7B3F960789D
:10C3E00001287DD00228E8687BD01021EEF719FFE4
:10C3F000014601E0FEE3FEE3E0688030FBF780F9F0
:10C40000E068783000F0B2FF607801286AD0022836
:10C41000E86868D05FF00A01EEF703FF0146E068C4
:10C420007830FBF756F9607801287CD00228E8685C
:10C430007AD00A21EEF7F5FE0146E0687830FBF786
:10C4400063F9E068883000F091FF0A21E868EEF7B0
:10C45000E8FE0146E0688830FBF774F90A21E868D5
:10C46000EEF7DFFE0146E0688830FBF749F9E06847
:10C47000903000F07BFF1421E868EEF7D2FE014611
:10C48000E0689030FBF734FAE068983000F06EFF17
:10C49000E06802219830FBF718FAE068683003E0A2
:10C4A000EDE3EDE3EEE3EEE300F060FFE068002192
:10C4B0006830FBF70EF9E06800216830FBF742F9BD
:10C4C000E06800216830FBF71BF9E068703000F08D
:10C4D0004DFF607801287DD00228E8687BD003E01A
:10C4E000F1E3F1E3F1E3F1E35FF00201EEF799FE2E
:10C4F0000146E0687030FBF7ECF8607801286BD0FB
:10C500000228E86869D00221EEF78BFE0146E06858
:10C510007030FBF717F9607801287DD00228E868B1
:10C520007BD0022101E0F9E3F9E3EEF77AFE014660
:10C53000E0687030FBF7E4F8E068283000F016FFA0
:10C54000E068B16B2830FBF74DF8EEF7E7FB0146EA
:10C55000E0682830FBF7BDF9E068FF212830FBF7E1
:10C560005BF8E068303000F001FFE068B16B30301C
:10C57000FBF738F8E068B16B3030FBF7AAF9E068F8
:10C5800033213030FBF748F8E068383000F0EEFE39
:10C59000708FADF80000E06800993830FBF722F8A2
:10C5A000EEF7BCFB0146E0683830FBF792F9E06833
:10C5B000FF213830FBF730F8E068403000F0D6FE5D
:10C5C000708FADF80000E06800994030FBF70AF882
:10C5D000708F03E0FEE3FEE3FEE3FEE3ADF8000050
:10C5E000E06800994030FBF774F9E068332140308F
:10C5F000FBF712F8E068483000F0B8FE2089ADF88B
:10C600000000E06800994830FAF7ECFFE068FF218D
:10C610004830FBF701F801E0FDE3FDE3A088ADF849
:10C620000000E06800994830FBF753F9E0685030AB
:10C6300000F09CFEE088ADF80000E0680099503002
:10C64000FAF7D0FFE068FF215030FAF7E5FFA08845
:10C65000ADF80000E06800995030FBF73AF9E06867
:10C66000B03000F083FEE0683946B030FBF703F9E4
:10C67000E068B83000F07AFEE0680021B830FBF7DF
:10C68000FAF8E068C83000F071FE0321E868EEF7C0
:10C69000C8FD0146E068C830FBF732F90321E868BD
:10C6A000EEF7BFFD0146E068C830FBF725F9E0680A
:10C6B000F03000F05BFEE068B16BF030FAF792FF0B
:10C6C000E068FF21F030FAF7A7FF0621E868EEF7EF
:10C6D000A8FD0146E068F030FAF7FBFFE068394654
:10C6E000F030FBF7C8F8E068E03000F03FFEE068AB
:10C6F000C821E030FAF75FFFE068E83000F036FE6E
:10C70000E0687821E830FAF756FFE06800F58070BD
:10C7100000F02CFE2089ADF80000E068009900F5DB
:10C720008070FAF74CFF0F21E86805E0C7D50008D4
:10C730005C0F0020DD630108EEF773FD0146E06841
:10C7400000F58070FAF74AFFE068012100F580707B
:10C75000FAF740FFE06800F5847000F007FEE0683B
:10C76000B16B00F58470FAF72AFFE06800F5987065
:10C7700000F0FCFDE0684FF4827100F59870FAF764
:10C7800089FFE06800F59C7000F0F0FD0321E86887
:10C79000EEF747FD0146E06800F59C70FAF799FF57
:10C7A0000221E868EEF73DFD0146E06800F59C7067
:10C7B000FAF74DFFE068B16B00F59C70FAF730FFB7
:10C7C000E088ADF80000E068009900F59C70FAF789
:10C7D00009FFE068FF2100F59C70FAF71DFFE06893
:10C7E000002100F59C70FBF746F8E06800F5A070AA
:10C7F00000F0BCFDE068FEA100F5A070FAF708FFAC
:10C80000EEF78CFA0146E06800F5A070FBF761F8DE
:10C81000E068696900F5A070FBF766F8E06800F56C
:10C82000A47000F0A3FD0421E868EEF7FAFC404292
:10C8300001B2E06800F5A470FAF74BFFEEF76EFA6C
:10C840000146E06800F5A470FAF7CCFEE06800F558
:10C85000A87000F08BFDE068012100F5A870FAF7E0
:10C8600015FFA088ADF80000E068009900F5A870F9
:10C87000FAF701FFE06800F5947000F077FDE068DA
:10C88000002100F59470FAF7DAFE0A21E868EEF765
:10C89000C8FC0146E06800F59470FAF731FF208982
:10C8A000ADF80000E068009900F59470FAF7E3FE37
:10C8B000E06800F5887000F059FD0321E868EEF7A4
:10C8C000B0FC0146E06800F58870FAF7DFFE03214E
:10C8D000E868EEF7A6FC0146E06800F58870FAF714
:10C8E000CAFF0821E868EEF79CFC0146E06800F505
:10C8F0008870FAF7DFFF0221E868EEF792FC014644
:10C90000E06800F58870FAF7FBFEE06800F58C70CF
:10C9100000F02CFDE068394600F58C70FAF7ABFFAB
:10C920000821E868EEF77DFC0146E06800F58C70B0
:10C93000FAF7C0FFE068B16B00F58C70FAF752FEB1
:10C94000E068FF2100F58C70FAF766FEE06800F5FC
:10C95000907000F00BFD0121E868EEF762FC0146E3
:10C96000E06800F59070FAF791FEA088ADF800003D
:10C97000E068009900F59070FAF77DFE0221E86802
:10C98000EEF74FFC0146E06800F59070FAF7A1FE63
:10C990001220F9F7D7FA0146E06800F59070FAF72F
:10C9A00098FFE06800F5D07000F0E0FCE06800213E
:10C9B00000F5D070FAF78DFEE068002100F5D07028
:10C9C000FAF7A2FEE068002100F5D070FAF753FFF5
:10C9D000E068012100F5D070FAF73DFEE068002123
:10C9E00000F5D070FAF72FFEE06800F5EC7000F06B
:10C9F000BDFCE068002100F5EC70FAF73CFFE06850
:10CA0000012100F5EC70FAF726FEE068FF2100F541
:10CA1000EC70FAF701FEE088ADF80000E0680099DC
:10CA200000F5EC70FAF7DEFDA088ADF80000E068D4
:10CA3000009900F5EC70FAF74CFFE06800F5D4704F
:10CA400000F094FC607801287DD00228E8687BD053
:10CA50005FF00A01EEF7E5FB0146E06800F5D470EF
:10CA6000FAF75DFE607801286FD00228E8686DD083
:10CA70005FF00A01EEF7D5FB0146E06800F5D470DF
:10CA8000FAF768FE607801287ED00228E8687CD03A
:10CA90005FF00A01EEF7C5FB0146E06800F5D470CF
:10CAA000FAF732FE0121E868EEF7BBFB0146E068C9
:10CAB00000F5D470FAF7CBFDE068192100F5D470C9
:10CAC000FAF7B9FDA088ADF80000E068009900F51C
:10CAD000D470FAF7A5FDE068002100F5D470FAF7EC
:10CAE000B2FDE06800F5D87000F040FCE06800217D
:10CAF00000F5D870FAF7EDFDE068002100F5D87078
:10CB0000FAF702FE0121E868EEF78BFB0146E068C8
:10CB100000F5D870FAF79BFDE068192100F5D87090
:10CB2000FAF789FDA088ADF80000E068009900F5EB
:10CB3000D870FAF775FDE068082100F5D870FAF7AB
:10CB400082FDE06803E0D2E1D4E1D5E1D7E100F570
:10CB5000DC7000F00BFCE068002100F5DC70FAF7F7
:10CB6000B8FDE068002100F5DC70FAF7CDFDE06863
:10CB700000F5E47000F0FAFB607801287DD002280F
:10CB8000E8687BD00A2103E0BBE1BDE173E176E117
:10CB9000EEF747FB0146E06800F5E470FAF7BFFDE9
:10CBA000607801286DD00228E8686DD05FF002013E
:10CBB000EEF737FB0146E06800F5E470FAF7CAFDCE
:10CBC000607801287DD00228E8687BD05FF00A01F8
:10CBD000EEF727FB0146E06800F5E470FAF794FDF4
:10CBE000E06800F5E87000F0C1FB6078012803E020
:10CBF000EF808C0045E148E169D00228E86867D001
:10CC00005FF00201EEF70DFB0146E06800F5E87009
:10CC1000FAF785FD607801287ED00228E8687CD08C
:10CC20005FF00201EEF7FDFA0146E06800F5E870FA
:10CC3000FAF790FDE068002100F5E870FAF72EFEA3
:10CC4000E068002100F5E870FAF7E6FCA088ADF88E
:10CC50000000E068009900F5E870FAF73AFEE06835
:10CC600000F5E07000F082FBE068002100F5E07064
:10CC7000FAF755FD0021E06807E047E149E106E1E8
:10CC800009E148E109E10CE148E100F5E070FAF75B
:10CC90003BFDE06800F5F07000F068FBE0683321D0
:10CCA00000F5F070FAF7B8FC1220F9F74BF90146DD
:10CCB000E06800F5F070FAF795FCE06800F5F470B4
:10CCC00007E02DE12FE1EEE0F1E0F2E0F5E02CE10C
:10CCD0002EE100F04BFBE068002100F5F470FAF75C
:10CCE0009BFC6078012879D00228E86877D002217F
:10CCF000EEF797FA0146E06800F5F470FAF72AFDBE
:10CD0000E06800F5B07000F031FB0521E868EEF74F
:10CD100088FA0146E06803E00CE10EE1CFE0D2E0E2
:10CD200000F5B070FAF7B2FCA088ADF80000E0683A
:10CD3000009900F5B070FAF79EFC1421E868EEF750
:10CD400070FA0146E06800F5B070FAF7B3FD0F2104
:10CD5000E868EEF766FA0146E06800F5B070FAF7A9
:10CD6000E9FCE06800F5B47000F000FBE0683946CB
:10CD700000F5B470FAF77FFDA088ADF80000E06818
:10CD8000009900F5B470FAF72DFCE068FF2100F57A
:10CD9000B470FAF741FC0F21E868EEF742FA014659
:10CDA000E06800F5B470FAF785FDE06800F5AC7056
:10CDB00000F0DCFA0121E868EEF733FA0146E0689A
:10CDC00000F5AC70FAF743FC2089ADF8000000993B
:10CDD000E06805E079E07CE07DE080E0AFE0B1E094
:10CDE00000F5AC70FAF71CFCE068032100F5AC70AC
:10CDF000FAF729FCE06800F5B87000F0B7FAA088EF
:10CE0000ADF80000E068009900F5B870FAF708FC8A
:10CE10000221E86801E064E067E0EEF702FA01460B
:10CE2000E06800F5B870FAF712FC0121E868EEF747
:10CE3000F8F9404201B2E06800F5B870FAF77AFC00
:10CE4000E068042100F5B870FAF7FDFBE0684FF4E4
:10CE5000C87100F5B870FAF7AEFBE06800F5BC7079
:10CE600000F084FA95F82000C0076DD0022112204E
:10CE7000F9F736F86CE01821E868FFF733BA1421A7
:10CE8000FBE70E21E868FFF73BBA0C21FBE718210E
:10CE9000E868FFF78BBA1421FBE71821E868FFF771
:10CEA00097BA1421FBE71821E868FFF79FBA14210D
:10CEB000FBE70E21E868FFF7AFBA0C21FBE70E2174
:10CEC000E868FFF7B7BA0C21FBE70821E868FFF72D
:10CED0000DBB0621FBE70821E868FFF715BB06211B
:10CEE000FBE70821E868FFF71DBB0621FBE70E21E1
:10CEF000E868AFE50C21ADE50E21E868BAE50C2144
:10CF0000B8E50E21E868C5E50C21C3E50E21E86807
:10CF100039E60C2137E60821E86849E6062147E6AC
:10CF20000E21E86854E60C2152E60821E86869E61B
:10CF3000062167E60821E86874E6062172E6082102
:10CF4000E868D5E60621D3E601211220F8F7E0FFD4
:10CF50000146E06800F5BC70FAF7BBFCE06800F53C
:10CF6000C07000F003FA607801287DD00228E868DC
:10CF70007BD00A21EEF755F90146E06800F5C07054
:10CF8000FAF7A7FB6078012870D00228E8686ED015
:10CF90005FF00A01EEF745F900EBD0704110E06850
:10CFA00000F5C070FAF7B0FBE06800F5C47000F05F
:10CFB000DDF90121E868EEF734F90146E06800F593
:10CFC000C470FAF744FB2089ADF80000E0680099CE
:10CFD00000F5C470FAF724FBE088ADF80000E068C3
:10CFE000009900F5C470FAF7FDFAE068332100F506
:10CFF000C470FAF711FBE06800F5C87000F0B6F9EC
:10D00000607801287DD00228E8687BD05FF00A01B3
:10D01000EEF707F90146E06800F5C870FAF77FFB04
:10D02000607801286FD00228E8686DD05FF00A01AF
:10D03000EEF7F7F80146E06800F5C870FAF786FBEE
:10D04000607801287ED00228E8687CD05FF0020179
:10D05000EEF7E7F80146E06800F5C870FAF74CFB18
:10D060006078012870D003E047E149E14CE14EE1EE
:10D070000228E86869D00A21EEF7D3F80146E06893
:10D0800000F5C870FAF740FBE06800F5CC7000F0DE
:10D090006DF90A21E868EEF7C4F80146E06800F58A
:10D0A000CC70FAF79BFAE06800F5FC7000F05EF9CE
:10D0B0000421E868EEF7B5F80146E06800F5FC7079
:10D0C000FAF707FBE06800F5F87000F04FF9E06848
:10D0D00042F2640100F5F870FAF7E0FAE06800F552
:10D0E000007000F043F91220F8F72CFF0146E068C9
:10D0F00000F50070FAF776FAE0687F2100F500701D
:10D1000003E006E108E109E10DE1FAF785FAE068DC
:10D1100000F5027000F02AF9E068002100F50270C5
:10D12000FAF7C4FBE068002100F50270FAF7A3FBF0
:10D13000E06800F50E7000F019F9E068B16B00F5D9
:10D140000E7003E0F1E0F3E0F4E0F6E0FAF768FADD
:10D150000221E868EEF765F8400001B2E06800F5EA
:10D160000E70FAF774FAE068012100F50E70FAF714
:10D170006AFAE06800F50C7000F0F8F80221E8683F
:10D18000EEF74FF8404201B2E06800F50C70FAF794
:10D1900098FAE06800F5047000F0E8F8607801287B
:10D1A0007ED00228E8687CD05FF01001EEF739F8F5
:10D1B0000146E06800F50470FAF7B1FAE068002172
:10D1C00000F50470FAF7C6FAE068002100F5047073
:10D1D000FAF79AFAE068012100F50470FAF73BFAD1
:10D1E000E06800F5067000F0C1F80121E868EEF78C
:10D1F00018F80146E06800F50670FAF728FA208969
:10D20000ADF80000E068009900F50670FAF708FA3A
:10D21000E068012100F50670FAF715FA6078012838
:10D2200070D00228E8686ED05FF00A01EDF7F9FFD0
:10D230000146E06800F50670FAF74BFA60780128BD
:10D240006FD00228E8686DD05FF00A01EDF7E9FFC2
:10D250000146E06800F50670FAF752FAE06800F55A
:10D26000087000F083F86078012879D00228E86817
:10D2700079D01021EDF7D5FF0146E06800F5087080
:10D28000FAF73EFBE06800F5107000F06FF8E06818
:10D29000FF2100F51070FAF7BFF9EDF73FFD01E04F
:10D2A0004DE04FE00146E06800F51070FAF79AF99A
:10D2B0001220F8F747FE0146E06800F51070FAF713
:10D2C0009CF9E068394600F51070FAF7D4FAE06886
:10D2D000002100F51070FAF7E9FAEDF71FFD01469D
:10D2E000E06800F51070FAF7CAFAE068BDE8FC41A2
:10D2F000002100F51070FAF7D5BA0E21E86839E67A
:10D300000C2137E620E024E00E21E86842E60C21FB
:10D3100040E60E21E8687BE60C2179E60E21E868FC
:10D3200086E618E01AE00C2182E60821E8688FE61C
:10D3300006218DE60E21E8689EE60C219CE6182168
:10D34000E86833E7142131E70E21E8686EE707E06B
:10D3500009E00C216AE70E21E86877E70C2175E700
:10D360001821E86886E7142184E70000034909785A
:10D3700009B1FAF70CB9FAF700B800004C0F002019
:10D380002DE9F35F0198F5F743FEFE4C00287DD0B0
:10D39000FD490198F5F73BF800284BD00198F5F7C7
:10D3A00037FE0546F949F5F732F800286FD12846CF
:10D3B000F5F72EFEF549F5F72AF830B1E1680022BD
:10D3C00080310198F4F73CFDF9E30198F5F7E5FDAC
:10D3D00088B90198F5F71CFEED49F5F718F850B13A
:10D3E000E168002248310198F4F72AFDE168002243
:10D3F0007031019844E20198F5F7CFFD01280CD176
:10D400000198F5F705FEE249F5F701F828B1002289
:10D41000E1680198F4F714FDD0E70198F5F7F8FDFD
:10D42000DC49F4F7F4FF0028C0D1E168002218318C
:10D430000198C7E7D8490198F4F7E9FF002854D0CC
:10D44000E168002220310198F4F7FAFCE16800223B
:10D4500028310198F4F7F4FCE1680022D0310198FA
:10D46000F4F7EEFCE168202258310198F4F7E8FC6B
:10D47000E1682022D8310198F4F7E2FCE168042247
:10D48000A0310198F4F7DCFC202201E0FEE39CE0EF
:10D49000E1680198C831F4F7D3FCE1680122383122
:10D4A0000198F4F7CDFCE168802260310198F4F72F
:10D4B000C7FC0198F5F7ACFDB849F4F7A8FF38B9F7
:10D4C0000198F5F7A5FDB649F4F7A1FF00287CD037
:10D4D000E168002201F5E8710198F4F7B1FCE16818
:10D4E000202201F5F071019884E7AE490198F4F724
:10D4F0008EFF28B1E168002201F5A871019879E753
:10D50000A9490198F4F783FF4FF4A02808F1010915
:10D5100008F1040A002870D00198F5F779FDA349B5
:10D52000F4F775FF20B3E168002201F5FC71019862
:10D53000F4F786FCE168002288310198F4F780FC5A
:10D54000E168424620310198F4F77AFCE168984A94
:10D5500058310198F4F774FC954AE1686032603103
:10D560000198F4F76DFCE1684A4628310198FDE323
:10D570000198F5F74DFD8549F4F749FF30B3E168AF
:10D58000002250310198F4F75BFCE1680422A031DD
:10D590000198F4F755FCE168042201F50C7101983B
:10D5A000F4F74EFCE168824A58310198F4F748FCE0
:10D5B000E1684D464A4630310198F4F741FCE16894
:10D5C0002A4601F50E71019801E0F5E316E0F4F743
:10D5D00037FCE16855465246A0310198F4F730FC1B
:10D5E000734AE168183AA8310198F4F729FCE16818
:10D5F0002A4601F50C710198FCE662E00198F5F706
:10D6000007FD6449F4F703FF0028E16801984FF033
:10D61000000222D001F5C071F4F712FCE168042287
:10D62000A0310198F4F70CFCE1680822A8310198B8
:10D63000F4F706FCE168424601F5C4710198F4F77D
:10D64000FFFBE1685A4A58310198F4F7F9FB584A50
:10D65000E16860326031019825E01831F4F7F0FBA1
:10D66000E1680422A0310198F4F7EAFBE16808229E
:10D67000A8310198F4F7E4FBE168424620310198B3
:10D68000F4F7DEFB4A4AE168603260310198F4F752
:10D69000D7FBE168464A58310198F4F7D1FBE168BD
:10D6A0004A4628310198F4F7CBFBE1685246A03195
:10D6B0000198F4F7C5FB3E4AE168183AA831019891
:10D6C00098E63C490198F4F7A2FE4FF4003510B3F8
:10D6D000E168002230310198F4F7B2FBE1680022E2
:10D6E000B0310198F4F7ACFBE1680422A031019855
:10D6F000F4F7A6FBE1680822A8310198F4F7A0FB33
:10D70000E1682A4628310198F4F79AFBE1682A4635
:10D71000B0310198B4E028490198F4F778FE4FF44D
:10D72000403668B3E168002230310198F4F788FB95
:10D73000E1680022B0310198F4F782FBE16804222D
:10D74000A0310198F4F77CFBE1680822A831019828
:10D75000F4F776FBE1682A4628310198F4F770FB6C
:10D76000E1682A46B0310198F4F76AFBE168324675
:10D77000F0310198F4F764FB104DE1682A461FE090
:10D7800027E000004C0F002030030308E8040308E2
:10D7900094040308E40A0308908103088C06030834
:10D7A0007006030854820308AC8103083C05030893
:10D7B0002000050074810308A882030820000300EC
:10D7C000C8310198F4F73CFBE1683246D03101984A
:10D7D000F5E0FB490198F4F71AFEE8B3E16800228E
:10D7E00018310198F4F72CFBE168002268310198A8
:10D7F000F4F726FBE1680022B8310198F4F720FB2A
:10D80000E1680422A0310198F4F71AFBE1680822CC
:10D81000A8310198F4F714FBE1684FF48032083125
:10D820000198F4F70DFBE168E64A10310198F4F72E
:10D8300007FBE1684546424650310198F4F700FB8A
:10D84000E1682A4601F5AC710198F4F7F9FAE1684C
:10D850002A468031019800E013E0F4F7F1FAE1681C
:10D86000D94A58310198F4F7EBFAE1685246283169
:10D870000198F4F7E5FAD44AE168183A383101988A
:10D8800028E2D2490198F4F7C2FDD14FDFF840B346
:10D890007F3FE8B3E168002288310198F4F7D0FABD
:10D8A000E1680422A0310198F4F7CAFAE1685A4607
:10D8B00060310198F4F7C4FAE1682A4601F59C71D9
:10D8C0000198F4F7BDFAE1683A4628310198F4F777
:10D8D000B7FAE1683A4601F5A0710198F4F7B0FA99
:10D8E000BB4EE168603E324658310198F4F7A8FA21
:10D8F000E1683246C8310198F4F7A2FAE16832468D
:10D90000D8310198F4F79CFAE1682A46D03100E05A
:10D9100001E00198E8E3AF490198F4F778FDE8B336
:10D92000E168002248310198F4F78AFAE1680022A0
:10D93000B0310198F4F784FAE1680022E8310198E7
:10D94000F4F77EFAE168802260310198F4F778FA02
:10D95000E1680422A0310198F4F772FAE1683A46CE
:10D9600028310198F4F76CFAE1682A46B031019841
:10D97000F4F766FAE1685A4660310198F4F760FA04
:10D98000E1683246F0310198F4F75AFAE16832461C
:10D9900050310198F4F754FA324600E016E0E1689D
:10D9A000019801F5A471F4F74BFAE1688A4A6031F5
:10D9B0000198F4F745FAE1683A46D8310198F4F74E
:10D9C0003FFAE1682A46D83101988DE383490198EE
:10D9D000F4F71DFD4FF4E02BD8B3E16800221831B5
:10D9E0000198F4F72DFAE168002278310198F4F7F4
:10D9F00027FAE168002201F594710198F4F720FA02
:10DA0000E1684FF4803208310198F4F719FAE168BF
:10DA10006C4A10310198F4F713FAE168424601F5B7
:10DA200088710198F4F70CFAE1682A4601F58C71C7
:10DA30000198F4F705FAE1684FF4C02201F59071FE
:10DA40000198F4F7FDF9E1685A4601F588710198EB
:10DA50004AE3FFE762490198F4F7D9FC4FF48027C5
:10DA600028B3E168002218310198F4F7E9F9E16878
:10DA70000022E0310198F4F7E3F9E16800229031E7
:10DA80000198F4F7DDF9E168002298310198F4F784
:10DA9000D7F9E1680422A0310198F4F7D1F9E168DF
:10DAA0000822A8310198F4F7CBF93A461CE24D4917
:10DAB0000198F4F7ACFC40B3E168002218310198FA
:10DAC000F4F7BEF9E168002278310198F4F7B8F96B
:10DAD000E1680022D0310198F4F7B2F9E168202220
:10DAE000D8310198F4F7ACF9E16820225831019857
:10DAF000F4F7A6F9E1680422A0310198F4F7A0F93F
:10DB0000E1680822A831019859E737490198F4F7EC
:10DB10007EFCA0B3E168002218310198F4F790F977
:10DB2000E1680022C0310198F4F78AF9E168002227
:10DB300090310198F4F784F9E168002201F59871B9
:10DB40000198F4F77DF9E1684FF4803208310198CB
:10DB5000F4F776F9E1681B4A10310198F4F770F98F
:10DB6000E1683A4650310198F4F76AF9E1681F4AD2
:10DB700028310198F4F764F91C4A1F3269E1FFE784
:10DB80001B490198F4F743FCA0B3E168002201F5BA
:10DB900080710198F4F754F9E1682A4601F5807123
:10DBA0000198F4F74DF9E1682A4601F5847101986E
:10DBB000F4F746F9E1683246F031019894E246E222
:10DBC000E08203084000010020000500C88103082E
:10DBD00080000200C482030880000300C80A030812
:10DBE00070820308E4810308008203080100040036
:10DBF00058810308FFE7F9490198F4F708FC98B148
:10DC0000E168002201F580710198F4F719F9E168E3
:10DC10002A4601F580710198F4F712F9E1682A4665
:10DC200001F5847101985FE2ED490198F4F7EFFB8B
:10DC300088B1E168002218310198F4F701F9E16830
:10DC40000022B0310198F4F7FBF8E1682A4601F5AB
:10DC5000B471019848E2E3490198F4F7D8FBD0B3D6
:10DC6000E168002218310198F4F7EAF8E16800222F
:10DC700078310198F4F7E4F8E16880226031019886
:10DC8000F4F7DEF8E1680422A03100E0A1E1019898
:10DC9000F4F7D6F8E1680822A8310198F4F7D0F833
:10DCA000E1684FF4803208310198F4F7C9F8E1686F
:10DCB000CD4A10310198F4F7C3F8E168CB4A01F579
:10DCC000B8710198F4F7BCF8E1684FF4002201F54F
:10DCD000BC71019808E2FFE7C5490198F4F797FB8A
:10DCE00020B1E168002218310198C4E1C1490198CE
:10DCF000F4F78DFB28B1E168002201F5C8710198A5
:10DD0000F2E1BD490198F4F782FB0028F3D1BB4949
:10DD10000198F4F77CFB50B30022E1680198F4F716
:10DD20008FF86078E168012847D0703100220198AF
:10DD3000F4F786F8E1680422A0310198F4F780F83E
:10DD4000E1680822A8310198F4F77AF8E1684546BD
:10DD5000424620310198F4F773F8E168A84A60312F
:10DD60000198F4F76DF82A46E16801E016E026E034
:10DD700050310198F4F764F8E1682A4601F5027120
:10DD80000198F4F75DF89E4AE168603A58310198CD
:10DD9000F4F756F8E1684A4648310198F4F750F82C
:10DDA000E168524630310198F4F74AF8944AE16844
:10DDB000783A4031019897E19BE17831B6E7914993
:10DDC0000198F4F724FB60B1E16800221831019852
:10DDD000F4F736F8E168002201F504710198FFF7C5
:10DDE000F1BA89490198F4F712FB58B1E1680022B1
:10DDF00048310198F4F724F8E168002201F5087130
:10DE0000019871E181490198F4F701FB28B3E168B9
:10DE1000002250310198F4F713F8E168002201F56F
:10DE200006710198F4F70CF8E16804222831019892
:10DE3000F4F706F8E168042201F508710198F3F798
:10DE4000FFFFE168202201F508710198F3F7F8FF60
:10DE50002022E1680198583146E16D490198F4F7B4
:10DE6000D6FA58B1E168002218310198F3F7E8FFBB
:10DE7000E168002201F5D071019835E1654901980A
:10DE8000F4F7C5FA28B1E168002201F5D8710198CC
:10DE9000A5E761490198F4F7BAFA28B1E1680022D0
:10DEA00001F5DC7101989AE75C490198F4F7AFFA43
:10DEB000F0B1E168002201F5D4710198F3F7C0FFD9
:10DEC000E168202201F5F0710198F3F7B9FFE168EC
:10DED000212230310198F3F7B3FFE168012230319C
:10DEE0000198F3F7ADFF0422E16801982831FBE0C7
:10DEF0004B490198F4F78BFA20B94A490198F4F795
:10DF000086FA28B1E168002201F5E4710198EBE09E
:10DF100045490198F4F77BFA28B1E168002201F540
:10DF2000E07101985BE741490198F4F770FA28B174
:10DF3000E168002201F5EC710198D5E03C490198B7
:10DF4000F4F765FA28B1E168002201F5F47101984F
:10DF5000CAE038490198F4F75AFA58B1E16800224A
:10DF600018310198F3F76CFFE168002201F5F871B0
:10DF70000198B9E030490198F4F749FA28B1E1680D
:10DF8000002201F500710198AEE02C490198F4F7E8
:10DF90003EFAC8B1E168002218310198F3F750FF4A
:10DFA000E168002278310198F3F74AFFE168042222
:10DFB000A0310198F3F744FFE1680822A8310198E5
:10DFC000F3F73EFF5A468FE71D490198F4F71FFA11
:10DFD00018B10022E168019801E733E00405030865
:10DFE00090050308FC8203084000010002000700BE
:10DFF000E40A0308000B03081C0B030818070308B6
:10E0000080000500A8060308E0060308C40603080C
:10E01000AC0503083806030854060308E4050308A2
:10E020008C06030870060308C805030800060308E9
:10E030001C0603083C0503087405030820050308B3
:10E04000B00403082C490198F4F7E1F958B1E168EC
:10E050004FF4803208310198F3F7F2FEE168274A65
:10E060001031019840E026490198F4F7D0F948B101
:10E070000022E1680198F3F7E3FEE16800226831CD
:10E08000019831E01F490198F4F7C1F920B1E16826
:10E090000022C031019827E01B490198F4F7B7F935
:10E0A000B8B1E168002201F5CC710198F3F7C8FE20
:10E0B000E168002280310198F3F7C2FEE168324640
:10E0C00050310198F3F7BCFEE16832468031019887
:10E0D0000AE00E490198F4F79AF9002809D0E1689E
:10E0E0000198002201F5107102B0BDE8F05FF3F76E
:10E0F000A7BEBDE8FC9F0000CC040308400001005F
:10E10000E804030894040308AC0A0308FC060308A7
:10E110002DE9F84F0546F0F73FFA04462846F0F798
:10E1200079FA05460A2C4DD1F1F70CFE10B10079B1
:10E13000012847D02846F4F7D7FE06462846F4F7CC
:10E14000B9FE044669462846F4F7C8FFBDF9002029
:10E1500006EBD67002EB600090FBF6F07043BDF961
:10E16000021007B204EBD47001EB600090FBF4F0F6
:10E1700060430F260FFA80F800241AE02146284653
:10E18000F4F734FE8146F6F74EF882464846F6F735
:10E1900066F80146BA450BD1414509D1C5F824902E
:10E1A00099F8246000221C212846F0F737FA05E090
:10E1B000641C2846F4F72CFEA042DFD831462846DE
:10E1C000F7F725FCBDE8F88FC143491C0840B0FAB9
:10E1D00080F0C0F11F00704718B1B0FA80F0C0F1B4
:10E1E0002000401E7047000070B5174D0C460020FF
:10E1F00069688847154A002180B1B5F90C00B5F966
:10E200001630134D2E88864202DD6D889D4207DC54
:10E21000107808B1401E1070A1730FE01170FBE779
:10E220001178032901D2491C1170C9B2022903D304
:10E2300050809380012000E00020A073508820804F
:10E240009088608070BD0000B80D0020C80F0020CD
:10E2500004C70120FEB5066804460025728C042020
:10E26000C2F305120CE000BFF36800EBC507DB59F1
:10E270009F0104D5A76823F07F43BB4203D06D1CE8
:10E28000AA42F1D8FEBDA388442B5DD00EDC332B0F
:10E290004DD006DC202B57D0222B55D0302B13D15C
:10E2A00052E0342B43D0362B0ED14DE0622B41D0BF
:10E2B00006DC472B48D0552B46D0572B04D136E0EF
:10E2C000672B34D0682B32D069B3FF292DD0D4E925
:10E2D0000302121A4A4300EB22200090F068012743
:10E2E00001AA50F835001946F8F7A2FF60B1DDE940
:10E2F0000010814208D1BDF80020BDF804309A42D8
:10E3000002D1814200D10027F068A188009A50F81C
:10E310003500F9F72BFA002FB4D0A288A168206845
:10E32000F6F790FFFEBDE068D7E72069D5E7FF2943
:10E33000FBDAF8E7E0680028F7D02269002ACCD0A1
:10E340008029CADB0092C9E7002901DCA0892AE004
:10E35000FF2901DB208A26E0228AC8B291B20A0294
:10E36000A78942EA11218AB2B9B20F0247EA112104
:10E37000001D89B2C70841EA01400C4942EA024245
:10E3800008400A40121A7A4300EB5210084040EA53
:10E39000104080B2010241EA1020ADF8080080B2BE
:10E3A0000290BDF80800ADF8000097E71FF8E007FD
:10E3B0002DE9F04104682648A6882568DAF739FF78
:10E3C00010E0A1420BD008682268904207D188680B
:10E3D000A268904203D18888A288904236D01C4817
:10E3E000DAF739FF0100ECD1698C00270420C1F372
:10E3F000051129E0EA6800EBC703D258930122D542
:10E40000A36822F07F429A421DD121461048DAF7D4
:10E41000ABFF2046F3F786F9E868314600EBC70406
:10E420002068F9F755F8E86850F83700F8F7A8FFC2
:10E4300000280BD06068216820F07F422846BDE8A4
:10E44000F041F6F7D6BF7F1CB942D3D8BDE8F081C2
:10E45000E8CA012070B50468A068A28800F47F06AD
:10E4600031462068F5F706FDE060A5880020A08011
:10E4700023462A463146206800F00CF8A580A168A2
:10E480002068E7F755FFA1880068E268BDE87040A2
:10E49000F9F76CB92DE9FF5F07469A460E4600254D
:10E4A0002548DAF7DFFE04464FF470284FF00409E0
:10E4B0003CE054453CD021461F48DAF7D0FE834665
:10E4C0002068B84231D1A068B04201D046452CD175
:10E4D000A1880298814203D0A0F57F41FF3924D161
:10E4E000002511E0F86809EBC50141588A010AD5F9
:10E4F000464503D021F07F41B14204D150F83500A8
:10E50000A188F8F7E5FF6D1C788CC0F30510A842D0
:10E51000E8D800212046E9F7EBFE21460648DAF765
:10E5200023FF2046F3F7FEF801255C46002CC0D1FE
:10E5300004B02846BDE8F09FE8CA01202DE9F84F55
:10E5400092468B46044600216E22F5F793FC06B2F4
:10E55000204600216D22F5F78DFC05B216B9B5F500
:10E56000807F62D0204600216F22F5F783FCADF852
:10E570000000204600217022F5F77CFCADF8020077
:10E58000BDF900006427C0F341314FF4FA684FF43D
:10E590007A79012915D120F4C040404511DC04F1FD
:10E5A0001400EAF7F4FC0146BDF9000020F4C04075
:10E5B000484501DDC0F57A70414391FBF7F0ADF8B5
:10E5C0000000BDF90200C0F34131012911D120F44E
:10E5D000C04040450DDC618BE28A891A491C09B2B2
:10E5E000484501DDC0F57A70414391FBF7F0ADF885
:10E5F0000200A08ABDF80010BAF1000F0844ADF87F
:10E600000000E08ABDF802100844ADF8020006D010
:10E61000704206B24FF4803090FBF5F005B26B46C5
:10E620002A4631465846F7F7A5FCBDE8F88FF0B505
:10E63000D0E90646059D4FF480772EB9BC4203D140
:10E6400008021860100239E0B0F928C0A1EB0C01F3
:10E65000B0F92AC0A2EB0C029EB1BC421AD14469A7
:10E6600006694C4306FB1244066A06EBA4041C60D0
:10E6700003694B434169406A01FB023100EBA10091
:10E680001CE0066A01FB04611960416A806902FBB3
:10E69000001013E0466907694E4307FB12666643A4
:10E6A000046A04EBA6241C6003694B43416901FB27
:10E6B00002318269406A514300EBA1202860F0BD1D
:10E6C00000880988401A70472DE9F04186B0064657
:10E6D000F1F738FB050072D03046EFF79BFF044698
:10E6E00090F8540080076AD52846F1F76CFB0228A1
:10E6F00065D02846F1F767FB042860D06946606A58
:10E70000F4F70CFC03A92846F1F732FB04A92846CC
:10E71000F1F75EFBBDF90C10002950DBBDF90E00CE
:10E7200000284CDBBDF80020891AADF80810BDF8B0
:10E730000210401AADF80A003046EFF72DFF0646EA
:10E74000606AF5F76AFD0146606ABDF90820002796
:10E750000546002A01DA01200EE08A4202DB47F674
:10E76000FF77F8E702A9F1F7CDFE87B202A9606A48
:10E77000F2F7ECF880F0010094F860104FF6FF78A3
:10E780008A0723D550EAC1724FF4407001D1012E9F
:10E7900008D0C9071ED0022E12D0032E12D0082E88
:10E7A00010D019E0C4E9167894F8601041F0010225
:10E7B000014684F860202046F3F7FEFE06E03FE0C5
:10E7C000E76503E001462046F3F7EEFA94F86000AF
:10E7D000C00701D1012E33D139462046F9F7E2FEB8
:10E7E00094F86000C0072BD0D4E91610814208D9F4
:10E7F000EA6B824202D12A6C8A4218D0E863A06D8B
:10E8000011E008D2EA6B8A4202D12A6C82420ED011
:10E81000E963E06D07E0E96B4046814202D1296C73
:10E82000814204D0E86328642046F6F72EF8032ED0
:10E8300001D0082E04D114F8600F20F001002070E0
:10E8400006B0BDE8F081000070B5EFF7E3FE0546C5
:10E85000F4F7DEFBEBF7BEFA044601212846F4F795
:10E86000C5FA054694F902000549228801EB8000AB
:10E8700004A150F8043C2846BDE87040F2F74DBCB6
:10E8800090C00120256420257300000070B5EFF7CB
:10E89000C1FE0546F4F7BCFBEBF79CFA04460021E9
:10E8A0002846F4F7A3FA02462088A0F2E770404217
:10E8B00081B21046EFF73DFE01212846F4F796FAA3
:10E8C000024694F90200BDE87040401E81B2104635
:10E8D000EFF72FBEF8B50446B0F92E0010F5004F43
:10E8E00059D0B4F92C30658D99B2A94202D201F504
:10E8F000B4710BB294F83410C1F34101D1B30129C2
:10E900000DD0022947D10095B4F93220B4F9301066
:10E91000F2F75EFE05B22046A28DA9B237E0E918F3
:10E9200001EBD171B4F93070B4F9322041F34F06E4
:10E93000B91801EBD17141F34F0188420CDA0A4654
:10E940002B4639460096F2F743FE05B2A9B220469F
:10E95000EAF744FAB1B209E000933346F2F738FE21
:10E9600005B2B1B22046EAF739FAA9B22046EAF771
:10E97000F9F90EE0FFE70093B4F93220B4F9301052
:10E980002B46F2F725FE05B2AAB22046618DEAF7C2
:10E9900065F9A4F84050F8BD70B50546EFF73AFEAA
:10E9A00004462846EFF738FE05462046EFF7C2FB3F
:10E9B00004462846EBF70EFA0068A4F2E7746142B9
:10E9C00040F307422846BDE8704089B2EBF704BA2D
:10E9D00000061016000610160000000000000000DF
:10E9E00001020304060708090000000001020304F5
:10E9F0000000000000000000000000000000000017
:10EA00003F400000000000000000300040003000E7
:10EA10004000000009000BC03D000BC03D00090094
:10EA200018C024407FE0224031800000180024C03C
:10EA30001B000D803240018003801C4027401C8059
:10EA400007400040100060000000000000000000CF
:10EA50000000000000001F802040402000004020F7
:10EA600020401F8000000000090006001F800600F3
:10EA700009000000040004003F80040004000000BE
:10EA8000001000600000000000000000040004000E
:10EA9000040004000400000000000040000000002A
:10EAA00000000000002001C0060038004000000007
:10EAB0001F802040204020401F80000000001040A8
:10EAC0003FC000400000000018C021402240244008
:10EAD0001840000010802040244024401B8000008B
:10EAE00002000D0011003FC0014000003C802440A6
:10EAF00024402440238000001F80244024403440D0
:10EB0000038000003000200027C0380020000000F3
:10EB10001B802440244024401B8000001C0022C095
:10EB2000224022401F80000000000000084000003A
:10EB30000000000000000000046000000000000071
:10EB4000000004000A001100208040400900090074
:10EB50000900090009000000000040402080110069
:10EB60000A000400180020002340240018000000C0
:10EB70001F802040274029401F400000004007C060
:10EB800039000F0001C0004020403FC02440244015
:10EB90001B8000001F80204020402040308000006B
:10EBA00020403FC0204020401F80000020403FC048
:10EBB00024402E4030C0000020403FC024402E00A2
:10EBC000300000000F0010802040224033800200FF
:10EBD00020403FC0040004003FC0204020402040AF
:10EBE0003FC02040204000000060202020203FC087
:10EBF0002000200020403FC024400B0030C02040B7
:10EC000020403FC020400040004000C03FC03C00CA
:10EC100003C03C003FC0000020403FC00C40230028
:10EC20003FC020001F802040204020401F80000067
:10EC300020403FC024402400180000001F802140D5
:10EC4000214020E01FA0000020403FC024402600BB
:10EC500019C0004018C024402440224031800000E8
:10EC6000300020403FC020403000000020003F80A6
:10EC7000004000403F80200020003E0001C007000F
:10EC800038002000380007C03C0007C038000000F2
:10EC9000204039C0060039C0204000002000384024
:10ECA00007C0384020000000304021C026403840D6
:10ECB00020C00000000000007FE040204020000055
:10ECC000000070000C0003800040000000004020A5
:10ECD00040207FE0000000000000200040002000F5
:10ECE00000000000001000100010001000100010C4
:10ECF0000000000040000000000000000000028052
:10ED00000540054003C0004020003FC004400440CF
:10ED1000038000000000038004400440064000001F
:10ED200000000380044024403FC0004000000380F6
:10ED30000540054003400000000004401FC024407F
:10ED400024402000000002E0055005500650042039
:10ED500020403FC00440040003C0004000000440C5
:10ED600027C000400000000000100010041027E041
:10ED70000000000020403FC00140070004C00440E4
:10ED8000204020403FC000400040000007C0040079
:10ED900007C0040003C00000044007C00440040092
:10EDA00003C00040000003800440044003800000D2
:10EDB000041007F0045004400380000000000380AA
:10EDC0000440045007F00010044007C00240040053
:10EDD00004000000000006400540054004C000009B
:10EDE000000004001F800440004000000400078071
:10EDF0000040044007C000400400070004C0018038
:10EE000006000400060001C0070001C00600000063
:10EE1000044006C0010006C00440000004100710B2
:10EE200004E00180060004000000044005C0064024
:10EE3000044000000000000004007BE040200000CF
:10EE4000000000000000FFF0000000000000402073
:10EE50007BE0040000000000400080004000200033
:10EE60002000400000000000000000000000000042
:10EE7000000000000000000000001FCC000C00009B
:10EE800000000000000008003000600008003000B2
:10EE900060000000022003FC1E20022003FC1E2054
:10EEA0000220000000000E1811043FFF10840C78AF
:10EEB000000000000F0010840F3800C0077818848D
:10EEC0000078000000780F8410C411240E9800E42C
:10EED00000840008080068007000000000000000C6
:10EEE0000000000000000000000007E018182004E7
:10EEF00040020000000040022004181807E0000053
:10EF0000000000000240024001800FF0018002403A
:10EF1000024000000080008000800FF80080008028
:10EF2000008000000001000D000E00000000000045
:10EF30000000000000000080008000800080008051
:10EF4000008000800000000C000C000000000000A9
:10EF500000000000000000060018006001800600AC
:10EF600018002000000007F008081004100408082A
:10EF700007F000000000080408041FFC000400045F
:10EF80000000000000000E0C101410241044118426
:10EF90000E0C000000000C1810041104110412885B
:10EFA0000C700000000000E00320042408241FFC73
:10EFB0000024000000001F98108411041104108820
:10EFC00010700000000007F0088811041104188870
:10EFD0000070000000001C00100010FC13001C005A
:10EFE0001000000000000E381144108410841144F9
:10EFF0000E38000000000700088C104410440888F8
:10F0000007F00000000000000000030C030C0000EB
:10F0100000000000000000000001010600000000E8
:10F0200000000000000000800140022004100808D9
:10F0300010040000022002200220022002200220F0
:10F040000220000000001004080804100220014003
:10F050000080000000000E001200100C106C1080E8
:10F060000F00000003E00C1813E4142417C4082850
:10F0700007D000000004003C03C41C40074000E42B
:10F08000001C000410041FFC1104110411040E885C
:10F090000070000003E00C181004100410041008A5
:10F0A0001C10000010041FFC1004100410040808B9
:10F0B00007F0000010041FFC1104110417C4100411
:10F0C0000818000010041FFC1104110017C01000E4
:10F0D0000800000003E00C181004100410441C7811
:10F0E0000040000010041FFC108400800080108489
:10F0F0001FFC10040000100410041FFC1004100476
:10F100000000000000030001100110011FFE1000AC
:10F110001000000010041FFC110403801464181C6C
:10F120001004000010041FFC10040004000400047C
:10F13000000C000010041FFC1F0000FC1F001FFC3F
:10F140001004000010041FFC0C04030000E0101861
:10F150001FFC100007F00808100410041004080831
:10F1600007F0000010041FFC108410801080108035
:10F170000F00000007F0081810241024101C080AC3
:10F1800007F2000010041FFC1104110011C011301F
:10F190000E0C000400000E1C110410841084104496
:10F1A0001C3800001800100010041FFC1004100090
:10F1B0001800000010001FF81004000400041004E0
:10F1C0001FF8100010001E0011E0001C00701380DA
:10F1D0001C0010001FC0103C00E01F0000E0103CAD
:10F1E0001FC000001004180C163401C001C01634F2
:10F1F000180C100410001C00130400FC13041C0065
:10F20000100000000804101C1064108413041C0477
:10F21000101800000000000000007FFE40024002C5
:10F2200040020000000030000C0003800060001C61
:10F230000003000000004002400240027FFE000088
:10F2400000000000000000002000400040004000DE
:10F250002000000000010001000100010001000188
:10F2600000010001000040004000200000000000FC
:10F270000000000000000098012401440144014402
:10F2800000FC000410001FFC008801040104008839
:10F2900000700000000000700088010401040104F7
:10F2A00000880000000000700088010401041108BB
:10F2B0001FFC0004000000F8014401440144014423
:10F2C00000C800000000010401040FFC1104110437
:10F2D00011001800000000D601290129012901C9E7
:10F2E0000106000010041FFC00840100010001045D
:10F2F00000FC000400000104190419FC00040004CF
:10F30000000000000000000300010101190119FEC6
:10F310000000000010041FFC0024004001B4010C98
:10F32000010400000000100410041FFC000400048D
:10F3300000000000010401FC0104010001FC0104C3
:10F34000010000FC010401FC008401000100010433
:10F3500000FC0004000000F80104010401040104A1
:10F3600000F80000010101FF00850104010400888C
:10F370000070000000000070008801040104010515
:10F3800001FF00010104010401FC008401040100EB
:10F3900001800000000000CC01240124012401248C
:10F3A0000198000000000100010007F801040104B9
:10F3B00000000000010001F800040004000401083E
:10F3C00001FC0004010001800170000C00100160CC
:10F3D0000180010001F0010C003001C00030010C7F
:10F3E00001F0010000000104018C00740170018C27
:10F3F00001040000010101810171000E001801608B
:10F400000180010000000184010C013401440184E9
:10F41000010C0000000000000000000001003EFCA4
:10F42000400240020000000000000000FFFF00005A
:10F43000000000000000400240023EFC010000000D
:10F4400000000000000060008000800040004000DC
:10F45000200020000000000000000000000000006C
:10F46000000000000000000000000000000000009C
:10F47000000000000000000000000000000000008C
:10F48000000000000000000F80380FFE380F8038A9
:10F49000000000000000000000000000000000006C
:10F4A00000000100000600000C00003800003100E0
:10F4B000000600000C0000380000300000000000D2
:10F4C0000000000061800067F807F980006180009B
:10F4D00061800061800061800067F807F980006149
:10F4E0008000000000000000000001C0E003E0F028
:10F4F0000630080418081FFFFE040E080787F003F3
:10F5000081E000000000000001F000060C0004048F
:10F5100008060C7001F9C0000E00003BE000EC187A
:10F52000070808040C180003E00000000001E000D8
:10F5300007F003F818041C0804170807E1D003C0FB
:10F54000E00023B0003C080020080000100000008C
:10F550000000000100003100003200001C0000002B
:10F56000000000000000000000000000000000009B
:10F57000000000000000000000000000000000008B
:10F58000000000007F0001FFC00780F00C00181091
:10F590000004200002000000000000200002100013
:10F5A000040C00180780F001FFC0007F000000007D
:10F5B000000000000000000000000000000000004B
:10F5C0004200006600006600003C0000180003FFD7
:10F5D000C0001800003C0000660000660000420009
:10F5E00000000000080000080000080000080000FB
:10F5F000080001FFC0000800000800000800000823
:10F60000000008000000000000010000310000328E
:10F6100000001C00000000000000000000000000CE
:10F6200000000000000000000000000008000008CA
:10F6300000000800000800000800000800000800A2
:10F6400000080000080000080000000000000000A2
:10F650000000000038000038000038000000000002
:10F66000000000000000000000000000000000009A
:10F6700000000000000600001C0000700001800077
:10F680000E0000380000C0000700001C0000300021
:10F6900000000000000000007F8001FFE003807098
:10F6A0000600180400080400080600180380700112
:10F6B000FFE0007F8000000000000000000001006B
:10F6C0000801000801000803FFF807FFF800000820
:10F6D0000000080000080000000000000000000119
:10F6E000C03802C058040098040118040218040429
:10F6F00018061C1803F81801E0F8000000000000CC
:10F7000000000001C0E003C0F00400080408080481
:10F71000080806180803F41801E7F00001E00000EB
:10F7200000000000000000000300000D00001100B8
:10F7300000610000810803010807FFF80FFFF800CF
:10F7400001080001080000000000000000E007FCC4
:10F75000D006080806100806100806100806183813
:10F76000060FF00607C000000000000000000000C7
:10F770003F8001FFE00384300208180410080410E1
:10F7800008041008071810030FF00007C00000005D
:10F7900000000000000003C0000700000600000693
:10F7A00000F80607F806180006E00007000006004B
:10F7B0000000000000000001E1E003F7F006341053
:10F7C000041808041808040C08040C08061618038A
:10F7D000F3F001C1E000000000000000F80003FCAD
:10F7E0003003063804020804020804020804041066
:10F7F0000308F001FFC0007F0000000000000000CF
:10F8000000000000000000000000000070380070E0
:10F810003800703800000000000000000000000008
:10F8200000000000000000000000000000000000D8
:10F83000301A00301C000000000000000000000032
:10F84000000000000000000000000008000014009C
:10F8500000220000410000808001004002002004DE
:10F860000010080008000000000000002100002136
:10F8700000002100002100002100002100002100E3
:10F880000021000021000021000000000000000015
:10F890000000080008040010020020010040008061
:10F8A0008000410000220000140000080000000059
:10F8B00000000003C00004C0000400000800380875
:10F8C0000F380808380810000C300007E00003C0AB
:10F8D00000000000000000003F8000FFE003807097
:10F8E000020F1006708804C088048308047F880211
:10F8F000C09003012000FE40000008000018000135
:10F90000F8003E0801C20007020007E20000FE0006
:10F91000001FC80001F800003800000804000807B4
:10F92000FFF807FFF804080804080804080804089A
:10F930000806180803F41801E7F00001E0000000D1
:10F94000000000003F8001FFE00380700200180407
:10F9500000080400080400080400100600200780C6
:10F96000C000000004000807FFF807FFF8040008C3
:10F97000040008040008040018020010038070014D
:10F98000FFE0007F8000000004000807FFF807FF89
:10F99000F8040808040808040808040808043E08D5
:10F9A00004000806001801006000000004000807B9
:10F9B000FFF807FFF804080804080004080004081A
:10F9C00000043E0006000006000001800000000068
:10F9D000000000003F8001FFE00380700600180473
:10F9E00000080402080402080203F00783F0000282
:10F9F0000000020004000807FFF807FFF8040808E9
:10FA000000080000080000080000080004080807BB
:10FA1000FFF807FFF80400080000000000000400E1
:10FA20000804000804000807FFF807FFF8040008AE
:10FA300004000804000800000000000000000000AE
:10FA4000000600000700000104000104000104009A
:10FA50000307FFFE07FFFC04000004000004000091
:10FA600004000807FFF807FFF8040C08001800005E
:10FA70003E0004C7800503C80600F80400380400EF
:10FA80001800000804000807FFF807FFF804000842
:10FA9000000008000008000008000008000008003E
:10FAA000001800006000000004000807FFF807804D
:10FAB0000807FC00007FC00003F80007C0007800C2
:10FAC00007800807FFF807FFF8040008040008078C
:10FAD000FFF807000803C00000E000003800001E27
:10FAE000000007000001C00400F007FFF804000058
:10FAF000000000007F8001FFE00380700600180412
:10FB0000000804000806001803003001FFE0007F31
:10FB10008000000004000807FFF807FFF80404084D
:10FB2000040400040400040400040400060C0003A0
:10FB3000F80001F000000000000000007F8001FFDD
:10FB4000E00380700600880400880400C806003CBA
:10FB500003003E01FFE6007F840000000400080768
:10FB6000FFF807FFF8040808040800040C00040F5D
:10FB700000040BC00610F003F03801E00800000894
:10FB800000000001E0F803F030063010041808040B
:10FB90001808040C08040C080206180207F0078174
:10FBA000E0000000018000060000040000040000E6
:10FBB00004000807FFF807FFF80400080400000429
:10FBC000000006000001800004000007FFE007FFBE
:10FBD000F0040018000008000008000008000008F9
:10FBE00000000804001007FFE00400000400000605
:10FBF000000007E00007FE00041FE00001F800001D
:10FC0000380001E0043E0007C000060000040000C8
:10FC100004000007E00007FFC0041FF80007C0074A
:10FC2000F80007FF80043FF80007C004F800070051
:10FC30000004000000000004000806001807C07857
:10FC400005F1C8003E00001F800463E80780F80645
:10FC500000180400080000000400000600000780EF
:10FC60000007E008047C08001FF80007F8001808E7
:10FC700004E0080700000600000400000000000186
:10FC800000080600380400F80403E8040F08047CA8
:10FC90000805F00807C0080700180400600000000D
:10FCA0000000000000000000000000000000003F15
:10FCB000FFFE20000220000220000220000220009F
:10FCC0000200000000000000000008000007000023
:10FCD00000C0000038000006000001C00000300035
:10FCE000000E0000010000000000000000002000E5
:10FCF000022000022000022000022000023FFFFE3E
:10FD000000000000000000000000000000000000F3
:10FD1000000000000008000010000030000020007B
:10FD2000003000001000000800000000000000008B
:10FD300000000100000100000100000100000100BE
:10FD400000010000010000010000010000010000AE
:10FD50000100000100000000000000000020000081
:10FD60002000001000001000000000000000000053
:10FD700000000000000000000000000000F000197A
:10FD8000F8001B1800220800260800240800241090
:10FD9000003FF8001FF800000800001800000004F1
:10FDA000000007FFF80FFFF00018180010080020EF
:10FDB00008002008003018001FF0000FC0000000ED
:10FDC0000000000007C0001FF000183000200800ED
:10FDD0002008002008003C08001C10000060000003
:10FDE000000000000000000007C0001FF0003818ED
:10FDF00000200800200800200804101007FFF80F5A
:10FE0000FFF00000100000000000000000000007EC
:10FE1000C0001FF000123000221800220800220843
:10FE2000003208001E10000E20000000000000003C
:10FE3000200000200800200801FFF803FFF806203A
:10FE40000804200804200807200003000000000028
:10FE500000000000000E000E6E001FF30031B10024
:10FE600020B10020B1003191001F13002E1E002090
:10FE70000E00300000000004000807FFF80FFFF834
:10FE8000001008002000002000002008003FF800BB
:10FE90001FF8000008000000000000000000002023
:10FEA00008002008002008063FF8063FF800000878
:10FEB0000000080000080000000000000000000032
:10FEC00000000000030000030020010020010020CA
:10FED00003063FFE063FFC0000000000000000009B
:10FEE00000000004000807FFF80FFFF80001880079
:10FEF0000300002FC00038F8002038002008000060
:10FF000008000000000000000000040008040008D1
:10FF100004000807FFF80FFFF800000800000800C1
:10FF20000008000000000000002008003FF8003F2B
:10FF3000F8001008002000003FF8003FF80010080B
:10FF4000002000003FF8003FF8000008000000001B
:10FF50002008003FF8003FF80010080010000020C3
:10FF600000002008003FF8001FF800000800000013
:10FF70000000000007C0000FF0001830003008003B
:10FF80002008002008003008001830000FF000079B
:10FF9000C0000000000000002001003FFF003FFF04
:10FFA000001011002009002008002008003038004F
:10FFB0001FF0000FC00000000000000007C0001F7D
:10FFC000F000381800200800200800200900101157
:10FFD000001FFF003FFF000001000000002008009C
:10FFE0002008002008003FF8003FF8000808001033
:10FFF0000800200800200000300000300000000051
:020000040803EF
:10000000000000000000000C78001E1800330800FB
:1000100023080021080021880021980030F00038D2
:100020006000000000000000200000200000200010
:1000300000FFF003FFF8002008002008002008005F
:100040000030000000000000000000002000003F21
:10005000F0007FF8000018000008000008002010E1
:10006000003FF8007FF000001000000000000000DA
:100070002000003000003C00003F800023F0000022
:1000800078000070002380003C0000300000200059
:10009000002000003C00003FE00023F80000E000EA
:1000A0002700003E00003FE00021F80001E0003E94
:1000B0000000200000000000200800200800383860
:1000C000003E680027800003C8002CF80038380084
:1000D0002018002008000000000000002000003070
:1000E00003003C01003F830023EC000070002380EC
:1000F000003C000020000020000000000000000084
:1001000000000038080020380020F80023E8002F05
:1001100088003E0800380800201800007000000029
:1001200000000000000000000000000000000000CF
:1001300008000014001FF7FC300006200002000039
:1001400000000000000000000000000000000000AF
:10015000000000000000FFFFFF00000000000000A2
:10016000000000000000000000000000000020006F
:10017000023000061FF7FC00140000080000000019
:100180000000000000000000000000000000001857
:10019000000060000040000040000020000010004F
:1001A000000800000400000400000C000010000023
:1001B000030009000F0015001B000000188303084E
:1001C000000000000000000000000000000000002F
:1001D000000000000000000000000000000000001F
:1001E000010000000E0000000000000002000000FE
:1001F00000000000000000000000000000000000FF
:1002000000100000000000000020000000000000BE
:1002100001000000A0860100801A06000000000016
:100220000040000000000000000800000000000086
:100230000200000000000000010000008025000016
:10024000004B00000096000000E1000000C2010029
:10025000008403000008070000100E0000000000EA
:100260000004000000060000000000000000004044
:1002700000000080000000C000000000000001003D
:100280000000020000000300000004000000050060
:100290000000060000000700000008000000090040
:1002A00000000A0000000B0000000C0000000D0020
:1002B00000000E0000000F00000000000000100011
:1002C000000020000000300000004000000050004E
:1002D00000006000000070003000000040000000DE
:1002E0005000000060000000680000007000000086
:1002F00000000000080000001000000018000000CE
:10030000200000002800000030000000380000003D
:1003100002000000040000000800000010000000BF
:1003200020000000400000008000000000010000EC
:1003300000000000652602084927020800000000AE
:10034000852A0208820082004A020000000001E0C3
:1003500001E0000000FF0055AAFF001122334455C0
:1003600066778899AABBCCDDEEFF00010203040585
:10037000060708090A0B0C0D0E0F101112131415A5
:10038000161718191A1B1C1D1E1F20212223242595
:10039000262728292A2B2C2D2E2F30313233343585
:1003A000363738393A3B3C3D3E3F40414243444575
:1003B000464748494A4B4C4D4E4F50515253545565
:1003C000565758595A5B5C5D5E5F60616263646555
:1003D000666768696A6B6C6D6E6F70717273747545
:1003E000767778797A7B7C7D7E7F80818283848535
:1003F000868788898A8B8C8D8E8F90919293949525
:10040000969798999A9B9C9D9E9FA0A1A2A3A4A514
:10041000A6A7A8A9AAABACADAEAFB0B1B2B3B4B504
:10042000B6B7B8B9BABBBCBDBEBFC0C1C2C3C4C5F4
:10043000C6C7C8C9CACBCCCDCECFD0D1D2D3D4D5E4
:10044000D6D7D8D9DADBDCDDDEDFE0E1E2E3E4E5D4
:10045000E6E7E8E9EAEBECEDEEEFF0F1F2F3F4F5C4
:10046000F6F7F8F9FAFBFCFDFEFF808080818182BF
:10047000828384858687898A8C8D8F9193959799BD
:100480009B9EA0A2A5A7AAADAFB2B500FF1FFF1FFC
:1004900001E001E030030308999202080000000027
:1004A0000000000000000000642064204002000002
:1004B000300303081D89020800000000000000004E
:1004C000000000000000000080020000300303086C
:1004D0005989020800000000000000000000000030
:1004E000000000008002000030030308497D02087C
:1004F000897E020800000000E57E02086420642076
:100500000003000058810308B571020800000000D4
:1005100000000000000000000000000000000000DB
:10052000FC820308456E0208000000000000000085
:10053000C96E020882000000810700003003030832
:1005400000000000000000000000000000000000AB
:100550000401D127800300003003030800000000DD
:100560000000000000000000000000006420D1270F
:1005700040020000300303080000000000000000FB
:100580000000000000000000642064204002000021
:1005900030030308071C0208231C020800000000A7
:1005A0003D1C020800000000C003000030030308E7
:1005B00091180208F5190208000000000000000070
:1005C000C30004014006000030030308FD190208BF
:1005D000311A020800000000000000006420D1274A
:1005E0008002000030030308D11902080000000057
:1005F00000000000000000006420D127000000007F
:1006000030030308B91A02080000000000000000CF
:10061000000000006420D127000000003003030820
:1006200000000000000000000000000000000000CA
:10063000D127D1270000000030030308000000008C
:1006400000000000000000000000000000000000AA
:10065000000000003003030800000000000000005C
:10066000000000000000000000000000000000008A
:10067000300303080000000000000000000000003C
:10068000000000000000000000000000300303082C
:10069000000000000000000000000000000000005A
:1006A000000000000000000030030308000000000C
:1006B000000000000000000000000000C300040172
:1006C000000000009081030800000000000000000E
:1006D000000000000000000000000000000000001A
:1006E0003882030800000000000000000000000045
:1006F00000000000000000000000000030030308BC
:10070000E5110208000000000000000001120208CC
:100710001A001A0080020000AC8103085D00020884
:1007200000000000000000000000000064203220F3
:100730000104000084850308D8850308EC850308BC
:10074000AC850308DC850308E0850308F48503080D
:10075000E4850308BC850308D0850308D485030815
:10076000788503089483030898850308A085030807
:1007700064850308E8840308B0850308B48503088A
:10078000B8850308C0850308C4850308F4860308F8
:100790000C860308948303089C8503088C85030852
:1007A000F8850308F0850308A8850308E885030891
:1007B000A4850308CC850308C88503089085030831
:1007C0008885030894850308948303080886030832
:1007D000008603088085030804860308FC85030857
:1007E0007C850308250304040404040404040404AD
:1007F0000404040404040404040407012603030499
:1008000003040304030403040304030403040304B0
:1008100007010105010501040104010401040104AB
:10082000010401040105010501052203020106007E
:1008300002012203848503083886030850860308D2
:10084000BC8403083C8603084486030858860308D2
:100850004886030818860308308603083486030890
:10086000788503089483030860860308AC84030832
:1008700040860308B8840308C08403081086030870
:10088000148603081C8603082086030824860308B0
:100890000C860308948303089C8503088C85030851
:1008A0005C86030854860308B48403084C86030856
:1008B000B08403082C860308288603089085030863
:1008C0008885030894850308948303080886030831
:1008D000008603088085030804860308FC85030856
:1008E0007C850308250304040404040404040404AC
:1008F0000404040404040404040407012603030498
:1009000003040304030403040304030403040304AF
:1009100007010105010501040104010401040104AA
:10092000010401040105010501052203020106007D
:1009300002012203048403082C840308388403087A
:100940003C840308408403088484030888840308E3
:100950009C840308A8840308E883030878850308B7
:1009600094830308608603088C860308788603084E
:1009700090860308888603089C860308748603080B
:1009800064860308A48603086C8603089886030817
:10099000A086030894830308B0860308A88603088A
:1009A000708603088086030884860308B8860308D7
:1009B000BC860308AC860308B48603089486030843
:1009C000688603087C860308948303080886030866
:1009D000008603088085030804860308FC85030855
:1009E0007C850308010401040104010401040104DD
:1009F00001040104010401040201220301040104B1
:100A000001040104010401040104010401040104BE
:100A100001040104010401040104010401040104AE
:100A2000010401040104010401042203020106007F
:100A300002012203048403082C8403083884030879
:100A400008860308948303083C8403084084030851
:100A500084840308FC8503089483030888840308BE
:100A60009C840308A88403087885030894830308FA
:100A7000C0860308E88303089085030800860308FE
:100A8000048603087C85030801000100010022039D
:100A90000100010001002203010001000100020029
:100AA0000100010001000100010000003003030803
:100AB00051AD010800000000000000009DAD0108DC
:100AC0000401040101040000300303081F9F010812
:100AD000799F010800000000DD9F010864200401E7
:100AE000C008000030030308D99C01080000000082
:100AF0000000000000000000C300C300041C000050
:100B000030030308619F020800000000000000009D
:100B10000000000064202B000000000030030308E8
:100B20003DA00208000000000000000000000000DE
:100B30006420D127000000002100200069006A0025
:100B40006C006B006D006E006300620000000EA080
:100B5000D90D90C80C80B70A60110B80D91F09917C
:100B6000F0881F0880F088000000000D203C000085
:100B70000F0069002FFFFFFFF7015C11A61000694D
:100B800000C300008800D2009FFFFFFFF012C523C2
:100B9000E22000D203C00000F004B00000007000AA
:100BA00000000E00000000E0000019EFEA300CD653
:100BB000E6A702F40E00001F80E000006FEF500077
:100BC0000016FFE500000E0AF00100E05F13F85E7A
:100BD0006EB005CFFE9100000E0000000070000016
:100BE00008DD3000A7004B02D004C0007700D01D04
:100BF00020004B03D0A7000007DC34C4CC30000039
:100C00001D2D22D00000A63B00B30005C03A00A372
:100C1000001D200D00D000A60004CC40004DFC308B
:100C20000000F718C00001F205D00000BB6E4000C4
:100C3000005FF3000007E6DB03802F301DBAA05FE2
:100C40000001DF401FB448FEC003BFFC40B20000FB
:100C50000000001F01F01F00F0000003F10B900FD7
:100C6000404F007D009B00AA00AA009B007D004F22
:100C7000000F400B9003F15E000E6008C004F0010D
:100C8000F300F500E600E600F501F304F008C00EFD
:100C9000605E0000930088A6C209FE404DDDB142AF
:100CA0009350005200000450000008A0000008A06B
:100CB000001FFFFFF30339B3300008A0000008A0B5
:100CC000000103F61E60E12C00000003FFF903336E
:100CD000100003F52E4000000E400004E000009AD2
:100CE00000000E400004F000009A00000E400003D7
:100CF000F000009A00000E500003F000009A00007F
:100D00000E500003F00000004CFE70004FB68F90B4
:100D10000DB0005F32F40000E74F20000CA4F20099
:100D200000CA2F40000E70DB0005F204FB68F900DA
:100D300004CFE700EFFB44CB00AB00AB00AB00AB54
:100D400000AB00AB00AB00AB07DFEA108E857EC0C6
:100D5000010006F1000006F000000D900000CC003C
:100D6000001CC00001DB00001DE544427FFFFFF9CD
:100D70007FFFFFF024445F900000BC000009E10009
:100D8000003FD81000046DD0000002F4100002F4FF
:100D9000BD757DD019DFEA1000000DA0000000AC89
:100DA00000000007E10000004F40100002F600F5CF
:100DB000001DA000F5007FFFFFFFF3133333F73072
:100DC000000000F500000000F50009FFFFF00AB484
:100DD00044400C8000000E7000000FFFFC40033404
:100DE0005CF2000000F7100000F78E856CF108DF60
:100DF000FB30002AEFD5003FD657400CC000000260
:100E0000F40000004F5BFFA104FE845DD03F800032
:100E10003F30E80003F206F845DC0005DFE9109FEB
:100E2000FFFFFD9D4444E99C0004F200000BB0006C
:100E3000002F400000AD000001F6000008E00000B7
:100E40000E8000006F1000019EFE9100BE636EC018
:100E50000F60006F00CC202BC002EFFFE200DC42ED
:100E60004CD05F20001F55F20002F50ED535DE0094
:100E70001AEFEA1003BFEA202FA44BE18E0000E92D
:100E80009D0000DD4F7129FF07FFFC9E000210ACA2
:100E9000000002F607658FB00AEFD7002E53F50069
:100EA00000000000003F52E42E53F5000000000057
:100EB000002E52F60D21D001000000003100006C20
:100EC000F2018ED6000FC300000AFB40000017EEAF
:100ED00070000005C3000000001FFFFFF303333361
:100EE0003000000000000000001FFFFFF303333359
:100EF00030040000000ED71000005CF92000002A2A
:100F0000F20003AFB106DE82001C600000000000AA
:100F10000007DFEA109E746EC0010006F0000009B1
:100F2000C000008E200006F20000087000000000E3
:100F300000000B8000000C900000006CEFDA400015
:100F4000003DA41016D90001E509EE98CA900A8068
:100F5000BD43AFC0D30F13F2000CC0693C06D000F4
:100F600007C03B4B06D00007C02C3C03F2000CC06E
:100F70004A0F10BD439EE3C50A8009EE91CF900150
:100F8000E50000000000003DA41028000000007CE7
:100F9000EFD9100000000CF1000000003FD7000066
:100FA0000000B96E00000002F20E50000009A00718
:100FB000D000001F3000F400007FFFFFFB0000E7BF
:100FC00033334F2005F000000C900C90000006F128
:100FD0008FFFFEC408E3334BF28E00001F58E00081
:100FE00018F18FFFFFF808E33337F68E000009C8C9
:100FF000E000009D8E33347F78FFFFFD700007CF47
:10100000FB4000CF966AF50AE20000301F60000046
:10101000004F200000004F200000001F6000000073
:101020000AE200003001CF966AF50007DFFB408F2F
:10103000FFFEA4008E4446CF708E000007F38E00A2
:101040000000DA8E0000009D8E0000009D8E0000E2
:1010500000DA8E000007F38E4446BF708FFFFEA4B7
:10106000008FFFFFF68E4444418E0000008E00008A
:10107000008FFFFFC08E3333208E0000008E0000F3
:10108000008E4444428FFFFFF98FFFFFF68E4444E9
:10109000418E0000008E0000008E0000008FFFFFD8
:1010A000C08E3333208E0000008E0000008E0000C2
:1010B000000007CFFC5000CF966AF60AE20000203D
:1010C0001F600000004F200000004F200000B91FEB
:1010D000600000B90AE30000B900CF966AF8000783
:1010E000DFFC608E000008E8E000008E8E00000843
:1010F000E8E000008E8FFFFFFFE8E333339E8E00B1
:101100000008E8E000008E8E000008E8E000008E95
:101110008E8E8E8E8E8E8E8E8E8E02FFFFC004443B
:10112000BC000009C000009C000009C000009C0039
:101130000009C02000BA0EB58F603CFE808E000012
:101140004F508E0004F6008E003F70008E03F800B2
:10115000008E2EC000008EECF600008FB07F3000B5
:101160008E000AE1008E0000CC008E00001EA08ED2
:101170000000008E0000008E0000008E0000008E37
:101180000000008E0000008E0000008E0000008E27
:101190004444408FFFFFF28E00000008E8F7000093
:1011A00002FE8FF10000BFE8DCA0004F9E8D2F30C3
:1011B0000D87E8D09C06E07E8D01E7E507E8D006C4
:1011C000FC007E8D000A2007E8D00000007E8E1013
:1011D0000008E8FC00008E8FF90008E8E6F6008EB3
:1011E0008E09F308E8E00CE18E8E001EB8E8E000FE
:1011F0003FEE8E00006FE8E00000AE0007CFEB503E
:101200000000CF966BF9000AE200005F601F6000EB
:10121000000AD04F20000006F04F20000006F01F0B
:101220006000000AD00AE200005F6000CF966BFA0F
:10123000000007DFEB50008FFFFD7008E4458FB022
:101240008E00005F38E00001F58E00003F48E001AD
:101250004DD08FFFFFB208E33310008E000000086E
:10126000E00000000007CFEB500000CF966BF900C4
:101270000AE200005F601F6000000AD04F200000FB
:1012800006F04F20000005F01F6000000AD00AE2BF
:1012900000005F6001DF855AFA000008DFFC5000A3
:1012A000000001EC21940000001BFFC100000000C1
:1012B00012008FFFFD7008E4458FB08E00005F388C
:1012C000E00001F58E00003F38E0014DD08FFFFFB8
:1012D000C208E333DA008E0002F608E00005F301ED
:1012E0009EFDA200CE646B702F40000001F800004C
:1012F0000006FD950000016AEE500000009F0020EE
:101300000005F13FA547EB004BEFE910FFFFFFFFA2
:101310002444BD44400009C00000009C00000009B6
:10132000C00000009C00000009C00000009C0000FC
:101330000009C00000009C00009C00000BA9C00038
:1013400000BA9C00000BA9C00000BA9C00000BA9C9
:10135000C00000BA8E00000D94F40003F50CF8688C
:10136000FD0009EFE9100CB000000AC05F20000189
:10137000F500E900008E0008F0000E70001F600507
:10138000F10000AD00C9000003F43F3000000CBACA
:10139000C00000005FF500000000EE00006F1000CC
:1013A0000DB00002F21F60003FF10008D00BB0004A
:1013B0008BE6000D7006F000E69B002F2001F50380
:1013C000F14F108D0000CA09B00E60D800006F0EFA
:1013D0006009B2F300001F9F1004F9D000000CFB5D
:1013E0000000EF80000007F600009F30003F500033
:1013F0000DA008F2009D0000CC04F300002F9E70A9
:10140000000006FC00000009FE1000004F4DB00077
:1014100001E802F7000BD0007F207F20000BD00CEA
:10142000B000009C002F50002F30009E000C900058
:1014300000E805F1000005F3E60000000CFD0000E7
:1014400000003F4000000002F3000000002F3000C9
:10145000000002F300004FFFFFFF9144444AF300F5
:101460000003F6000001EA000000CC0000009E101E
:1014700000006F4000003F7000001ED4444436FF5F
:10148000FFFFFC8FF68D318D008D008D008D008D5E
:10149000008D008D008D008D008D008D318FF65DEB
:1014A000000000F200000B8000006D000001F2005F
:1014B000000B8000006D000001F200000B700000C6
:1014C0006D000001F200000B7000006D000001F2E1
:1014D000BFF325F302F302F302F302F302F302F384
:1014E00002F302F302F302F325F3BFF300AD0000B1
:1014F0001EC4000885A000E20E105B00970B50028E
:10150000E0EEEEEEE00BC00009B004CFEA100B7481
:101510005DB0000004F004CEEEF21F8214F24F1012
:1015200004F21F703DF204DFD7F2BA000000BA00E7
:101530000000BA000000BA8EFC30BFD54BF3BE10DD
:1015400000CABA00007EBA00007EBE1000CABFD535
:101550005BF3B98EFC30007DFD6009F748F42F5035
:1015600000205F0000005F0000002F50002009F7FE
:1015700048F4007DFD600000001F40000001F40001
:1015800000001F4008EFC4F40AF748FF42F50007C7
:10159000F45F00002F45F00001F42F50006F40AEC3
:1015A000637EF4008EFC4F40008EFC400AD538F478
:1015B0002F20008C5FEEEEFF5F2111112F700010C5
:1015C00009F846E4007DFE80009EE305F44108C072
:1015D00000CFFFF029D32008D00008D00008D000A9
:1015E00008D00008D00008D000007EFC4E60AF7428
:1015F0007FF62F50005F65F00000F65F00000F627D
:10160000F60006F609F747FF5007EFC4F5000000A3
:101610003F20CB646EB003AEFD8000BA000000BA7C
:10162000000000BA000000BA8EFB20BFC56DD0BE1E
:101630000003F2BA0000F4BA0000F5BA0000F5BAEF
:101640000000F5BA0000F5BAA800BABABABABABA38
:10165000BABA000AB0009900000000AB000AB0005E
:10166000AB000AB000AB000AB000AB000AB000AAA1
:10167000064E71DFA0BA000000BA000000BA0000F8
:1016800000BA001CC0BA01CC00BA1CD100BBCF60AC
:1016900000BFDBE100BD11DC00BA003F70BA0007FB
:1016A000F3BABABABABABABABABABABAB99EFA15E3
:1016B000DFD40BFB45EDE64AF2BE0006F6000E7BDA
:1016C000A0004F2000C9BA0003F1000C9BA0003F0E
:1016D0001000C9BA0003F1000C9BA0003F1000C924
:1016E000B99EFB20BFB45DD0BE0003F2BA0000F487
:1016F000BA0000F5BA0000F5BA0000F5BA0000F52E
:10170000007DFD60009F748F702F50007F05F000FA
:1017100001F35F00002F32F50007F009F748F700EA
:1017200007DFD600B98EFC30BFC43AF3BE1000CA42
:10173000BA00007EBA00007EBE1000CABFD55BF3BF
:10174000BA7EFC30BA000000BA000000BA00000007
:10175000008EFC3F40AF748EF42F50007F45F000A8
:1017600001F45F00002F42F50007F40AF748FF403C
:1017700008EFC4F40000001F40000001F400000066
:101780001F40B98E4BFD71BE100BB000BA000BA00C
:1017900000BA000BA00005DFEA13F735A06F0000C8
:1017A00001EE9610016AEF300000D96C646F62AEF2
:1017B000FD7008D00008D000CFFFF029D32008D05A
:1017C0000008D00008D00008D00005F551009FE3C4
:1017D000C80002F3C80002F3C80002F3C80002F315
:1017E000C90003F3AB0007F35F837EF306DFC5F3A5
:1017F0000D90000AA06E0001F300F5007D0009C005
:101800000E60003F24F00000C8B9000006FF300061
:10181000000FC000C80006F1000D56D000CF6003D5
:10182000F01F302F9C009A00B807B2F10E4005E07F
:10183000D60C74E0000F6F007C990000AFA001FF90
:10184000400005F4000BE0004F3007E109D02F40C5
:1018500000D9D900003FD000004FE10001E7BB00F4
:101860000BB01E707E1005F30D90000AA06F0001F2
:10187000F300F6007D0009C00D60002F34F0000079
:10188000C9A9000005FF2000000EC0000000E5000F
:101890000094AD00001BFC2000005FFFFFA1333768
:1018A000F40001E70000CB00008E10004F40001E46
:1018B000A33326FFFFFC006EA00F9201F4001F402F
:1018C00001F4003F303FC0006F3001F4001F4001C1
:1018D000F4001F4000FA2005EA8B8B8B8B8B8B8BDF
:1018E0008B8B8B8B8B8B8BBE5002AE0005F0005F19
:1018F0000005F0004F1000DF104F5005F0005F00B2
:1019000005F0005F002AE00BE40007EC40B41E2560
:10191000DFC00100000004CC302B01C05700932B26
:1019200001C005CC3006A10FF60BE200000000005C
:1019300000000000000000027BFB000000049DFF8F
:10194000FFD00003AFFFFFFFFD0000AFFFFFFFDF91
:10195000D0000AFFFFB610ED0000AF9400000ED0DB
:10196000000AF1000000ED0000AF1000000ED000F2
:101970000AF1000045FD0000AF1001EFFFD0179DF8
:10198000F1005FFFFC0EFFFF1000AFFD31FFFFE035
:101990000000010003BDA30000000000501888886B
:1019A000888405FABFDDDDDDFDAFE47F100000CAED
:1019B0004EE04F100000C80EFEEF100000CFEFE029
:1019C0003FEEEEEEF80EF68F766666EB6FF8AF1030
:1019D0000000CC8FE03F100000C80EFCDF655555BD
:1019E000EECFC25FFFFFFFF92C577505777777754C
:1019F000FFFF1FFFFFFFFFFFFF2FFFFFFFFFEFFFB7
:101A00000EFFFFFFFE01100011111110EFFE0EFF7F
:101A1000FFFFFEFFFF2FFFFFFFFFFFFF1FFFFFFF87
:101A2000FF6887078888888668870788888886FF90
:101A3000FF1FFFFFFFFFFFFF2FFFFFFFFFDFFD0D7A
:101A4000FFFFFFFD0000000000015000000000004B
:101A50001DF80000000001DFFD000000001DFFE296
:101A60002D600001DFFE20DFF7001DFFE2008FFF89
:101A700071DFFE200008FFFEFFE20000008FFFFE86
:101A80002000000008FFE200000000007D200000B0
:101A90000000000000007F60000BE2EFF600BFF8DE
:101AA0004FFF6BFFD104FFFFFD10005FFFE100005F
:101AB000BFFFF6000BFFDFFF60BFFD14FFF5CFD1C6
:101AC000004FF61710000360000000110000000036
:101AD0000000FF000000006F21FF12F70006FF6109
:101AE000FF16FF601FF901FF109FF16FE001FF106B
:101AF0000EF6AF8001FF1008FACF6001FF1006FC60
:101B0000AF8000AA0008FB7FD00000000DF71FF88F
:101B10000000008FF107FF91002AFF70009FFFEE89
:101B2000FFF9000005CFFFFD500000000244200037
:101B3000000000000000000000000AFFA0000000FC
:101B4000000CFFC0000003D6DFFFFD6D300EFFFF6D
:101B5000FFFFFFE05FFFFFAAFFFFF51AFFF4004F52
:101B6000FFA103FFD0000DFF3004FFF0000FFF4086
:101B70004FFFFB22BFFFF42FFFFFFFFFFFF209FE25
:101B8000FFFFFFEF9000505EFFE5050000000CFF37
:101B9000C0000000000477400000000000031003B4
:101BA00041000000009FF50DF50000001BFDFF8DBA
:101BB000F5000002DFB12DFFF500004FF83EC2BF77
:101BC000F50007FF55FFFE39FE409FE38FFFFFF54D
:101BD0006FF6AC2AFFFFFFFF73E6005FFFFFFFFF1A
:101BE000F100006FFFD77FFFF200006FFF900DFF45
:101BF000F200006FFF900DFFF200004FFF700BFF2F
:101C0000E1000000003300000000000BFFB0000006
:101C100000000CFFC0000000000CFFC0000000002E
:101C20000CFFC0000000000CFFC00000008FFFFF91
:101C3000FFF800002EFFFFFFE2000002EFFFFE2092
:101C40000000002DFFE20000799982DE289997FFBD
:101C5000FFFB22BFFFFFFFFFFFFFFFFFFFFFFFFFB5
:101C6000FFFAB3CFACCCCCCCCCCCCA0006BBBBBB50
:101C7000BA3000004FFFFFFFFFE10000EF3000002F
:101C800006FB0009F800000000CF504FD000000014
:101C9000002FE1DF84420000344BF9FFFFFD00011B
:101CA000FFFFFBFFFFFF988BFFFFFCFFFFFFFFFF26
:101CB000FFFFFCFFFFFFFFFFFFFFFB9FFFFFFFFF9B
:101CC000FFFFF60000000000003300018DFFC6009A
:101CD000EF004EFFFFFFE4DF04FFB3004CFFFF0EF9
:101CE000F90000008FFF6FC00001FFFFFF8E500062
:101CF00001DEEEED000000000000002222220000C4
:101D00000021FFFFFF100008F8FFFBBC10001EF4CD
:101D1000FFFC100001DFC0FEEFE8448EFE10FE1A4B
:101D2000FFFFFFC100FD0028BB940000000002700F
:101D30000002EF0002EFFDFFFFFFFFFFFFFFFFFFCD
:101D4000FFFFFFFFFFFFFFFF3447FFF00005FF002D
:101D50000005C00000000000027000000002EF005B
:101D6000000002EFF0000DFFFFFF0220FFFFFFF079
:101D70008E1FFFFFFF00E7FFFFFFF03F5FFFFFFF4A
:101D800008903447FFF000000005FF000000000548
:101D9000C00000000000000000000000000770000C
:101DA000000002700005FA0000002EF000814F6074
:101DB0000002EFF001DD07F0DFFFFFF0321E80F6DA
:101DC000FFFFFFF08E27E0B9FFFFFFF00E73F19BDE
:101DD000FFFFFFF03F54F09AFFFFFFF0890AC0D8E1
:101DE0003447FFF0007F43F300005FF002F60CB0D1
:101DF000000005C00000BF10000000000009E30063
:101E0000000000000002100037888888888873EF7F
:101E1000FFFFFFFFFFFEFE32DFFFFFFFFFF9007F46
:101E2000FFFDFFFFFD10CFFFA07FFFFFFFFFFA00C8
:101E300007FFFFF35FA00000CFFF3003000000CFDB
:101E4000FC0000000000CFFFCCCCCCCCCCFFAFFF1F
:101E5000FFFFFFFFF900002000000001FA00000072
:101E600006FF1000000DFF7000006FFFF10001EF92
:101E7000FFFA000BFFFFFF605FFFFFFFE0CFFFFFF8
:101E8000FFF6FEBFFFFFF9FD4FFFFFF9BF49FFFF60
:101E9000F53FE52EFFD006FFFFFD200028BA6000C9
:101EA00004300000311FE00006F91FE0007FFA1F38
:101EB000E009FFFA1FE0AFFFFA1FEBFFFFFA1FFF79
:101EC000FFFFFA1FFFFFFFFA1FE6FFFFFA1FE05FA9
:101ED000FFFA1FE004FFFA1FE0003EFA0FD00002F5
:101EE000D700000000000200000000000CFB2000F2
:101EF000000000FFFF900000000FFFFFE600000061
:101F0000FFFFFFFC30000FFFFFFFFF9100FFFFFF0F
:101F1000FFFFE60FFFFFFFFFFFF2FFFFFFFFFFFDE9
:101F20000FFFFFFFFFF800FFFFFFFFB2000FFFFFF3
:101F3000FD400000FFFFF70000000FFFA1000000C0
:101F4000006A4000000000001444200144420DFFDC
:101F5000FF10DFFFF1FFFFF30FFFFF3FFFFF40FF29
:101F6000FFF4FFFFF40FFFFF4FFFFF40FFFFF4FF01
:101F7000FFF40FFFFF4FFFFF40FFFFF4FFFFF40FE1
:101F8000FFFF4FFFFF40FFFFF4FFFFF40FFFFF4F86
:101F9000FFFF30FFFFF39FFFC009FFFC0014444424
:101FA0004444420DFFFFFFFFFFF1FFFFFFFFFFFF74
:101FB0003FFFFFFFFFFFF4FFFFFFFFFFFF4FFFFFAC
:101FC000FFFFFFF4FFFFFFFFFFFF4FFFFFFFFFFFDC
:101FD000F4FFFFFFFFFFFF4FFFFFFFFFFFF4FFFFD7
:101FE000FFFFFFFF4FFFFFFFFFFFF39FFFFFFFFF1D
:101FF000FC0002100000420FE20003FB0FFE300461
:10200000FB0FFFF404FB0FFFFF54FB0FFFFFFAFB76
:102010000FFFFFFFFB0FFFFFFFFB0FFFFFD6FB0FC5
:10202000FFFD14FB0FFFC104FB0FFB0004FB0CA022
:102030000003FA0000000000000000120000000091
:102040000003FF60000000002EFFF500000001EF1C
:10205000FFFF4000001DFFFFFFF30000CFFFFFFF69
:10206000FE200AFFFFFFFFFFE00EFFFFFFFFFFF272
:1020700003999999999950058888888888700FFFE5
:10208000FFFFFFFFF30FFFFFFFFFFFF40BFFFFFF5B
:10209000FFFFD1000000000000003F9000003FFC67
:1020A00000003FFD10003FFD10003FFD10001FFD30
:1020B000100000CFF4000000CFF4000000CFF400C7
:1020C0000000CFF4000000CFE0000000A4000000FA
:1020D000000000CD1000001FFD1000003FFD1000AB
:1020E000003FFD1000003FFD1000003FFD00000814
:1020F000FF900008FF900008FF900008FF9000028A
:10210000FF90000007800000000000045000000065
:102110000002FF60000000003FF70000000003FF26
:1021200070000000003FF7000006999AFFC99980EF
:10213000FFFFFFFFFFFF3DFFFFFFFFFFF201113F2A
:10214000F71110000003FF70000000003FF70000CF
:10215000000003FF70000000000CD300000069992C
:10216000999999980FFFFFFFFFFFF3DFFFFFFFFF34
:10217000FF20000000000000000001566400000085
:102180000003BFFEEFF91000007FFA1003DFE40048
:1021900008FFA009B41EFF504FFF200BFF26FFE1F0
:1021A000EFFF09CFFF63FFFABFFF09FFFF54FFF600
:1021B0001EFF51DFFB09FFB003EFE204305FFC10AC
:1021C000002CFF956AFF9000000049DFFD9200009F
:1021D000000000000000000000CD20000000000012
:1021E00000008FF50014664000000004EFACFFEF24
:1021F000FF910000001CFFA1004DFE300000009F79
:10220000F5AB31EFF40007B105FFFFE17FFE100FE2
:10221000FE302DFFF54FFF900CFFE000AFF65FFFA3
:102220006002FFF40006FFEFFB00004FFD10003ED0
:10223000FFC0000002DFE85401BFE300000005AE6C
:10224000FF6007FF60000000000000004EF6000085
:10225000000000000001A1000000000000000000DC
:102260000000003ED00000000000000CFF800000D5
:1022700000000006FFFF200000000000EFFFFB0051
:10228000000000008FFCCFF4000000002FFB00FFD7
:10229000D00000000BFFC00FFF70000004FFFD0125
:1022A000FFFF100000DFFFE02FFFFA00007FFFFFBD
:1022B0009BFFFFF3001FFFFFB00EFFFFC00AFFFFF1
:1022C000FE24FFFFFF60FFFFFFFFFFFFFFFA06CCCA
:1022D000CCCCCCCCCCCB30000000000036000000D1
:1022E0000000007F80DDDB00008DEFF8FFFFB0070E
:1022F000FFFFFD556FF46FF8AFE2000574FF907EAD
:102300002000003FFA0000000002EFB2504A000136
:102310002EFD1DF48FB0FFFFD10BFFFFFBFFFE2052
:1023200000CFFFFB12210000029FC0000000000050
:102330005B00000007A00000000008FFB0000000E4
:1023400008FFFFB0000008FF95FFB00008FF9005F0
:10235000FFB007FF900005FFB09F90000005FD0053
:102360004000000003104C20000000B60BFE2000CF
:1023700000CFF02EFE2000CFF4002EFE20CFF40080
:10238000002EFECFF40000002EFFF4000000002E0F
:10239000F4000000000013000000000830000000FE
:1023A00000000000BFF308BBBBBB90000BFFFF3970
:1023B000FFFFFFF1008FCFCFF000000AF100382FB0
:1023C000948000000AF100002F900000000AF10044
:1023D000002F900000030AF130002F9000001FCB67
:1023E000F8F8002FEBBBBB39FFFFE2001FFFFFFF38
:1023F000B09FFD2000000000000008D10037888752
:1024000000000000EFFFFFA0000000FFFFFFFDCC79
:10241000CCB6FFFFFFFFFFFFFFFFFFFFFFFFFFFF48
:10242000FFFFFFFFFFFFFFFFFFFFFFFFFFFFFFFFBC
:10243000FFFFFFFFFFFFFFFFFFFFFFFFFFFFFFFFAC
:10244000FFFFFFAFFFFFFFFFFFF9000000000000EC
:1024500000000001DD10000000001DFFD1000000A1
:1024600001DFFFFD1000001DFFFFFFD100009FFFF7
:10247000FFFFF90000011CFFC1100000000CFFC0AD
:10248000000000000CFFC0000000000CFFC00000B6
:1024900079993BFFB39997FFFFB2442BFFFFFFFFF2
:1024A000FEDDEFFFFFFFFFFFFFFAB3CFACCCCCCCDC
:1024B000CCCCCA00000000000200000000000004B4
:1024C000FFC70000000000AFFFF0000000001FFF8A
:1024D000FD0000000006FFFFC00000000008FFF73D
:1024E00000000000000CFF300000000004FFC000EE
:1024F00000000001EFF300004A3002DFF80005DFC2
:10250000FE15EFFB0000EFFFFFFFFA00000BFFFFDF
:10251000FFF70000007FFFFFA200000002BA850065
:102520000000000004860000001006FFFA0002DF31
:10253000D1EF3CF101DFFA0EE0AF21DFFA009FEFAF
:10254000F6DFFA00008DFFFFFB00000006FFFD0034
:10255000000048EFFFF600006FFFFBFFF6000EF3F0
:10256000CF23FFF600EE0AF204FFF609FEFC00049A
:10257000FFF108DA10000262000000000000000015
:10258000006FFFF987000008FFFF98F708A68FFF8C
:10259000F95990FFA8FFFFFCCC0FFA8FFFFFFFF166
:1025A000FFA8FFFFFFFF1FFA8FFFFFFFF1FFA8FF4C
:1025B000FFFFFF1FFA8FFFFFFFF1FFA8FFFFFFFFE5
:1025C0001FFA7FFFFFFFF0FFE3122222210FFFFF20
:1025D000FFF90000ACCCCCCB5000004999999995FB
:1025E000000EFFFFFFFFF600FD2222224FF60FC074
:1025F000000001FFF3FC0000001FFF6FC00000029D
:10260000FFF6FFFFFFFFFFFF6FFFFFDCFFFFF6FF9F
:10261000FFB005FFFF6FFFF6000FFFF6FFFFC006DC
:10262000FFFF6FFFFFEDFFFFF69FFFFFFFFFFD10B6
:10263000CDDDDDDDDDDD2FFFFFFFFFFFF312222209
:102640002222220000000000000000000000000024
:102650000FFFFFFFFFFFF3DEEEEEEEEEEE200000D9
:10266000000000000000000000000DEEEEEEEEEEB7
:10267000E2FFFFFFFFFFFF3000000000000037888F
:102680008888888873EFFFFFFFFFFFFEEFFFFFFFE3
:10269000FFFFFE1CFFFFFFFFFFC1D28FFFFFFFF810
:1026A0002DFF64EFFFFE45FFFFFA2BFFB2AFFFFFE8
:1026B000FFD3553DFFFFFFFFFFBBFFFFFFFFFFFF06
:1026C000FFFFFFFFAFFFFFFFFFFFF900000000006B
:1026D00001FFFFF00004FFFFD00006FFFF800008AD
:1026E000FFFF30000AFFFFAAA60CFFFFFFF80EFF56
:1026F000FFFFE10BDDDFFF6000004FFD0000007F0A
:10270000F3000000BFA0000000FF10000003F8006D
:10271000000003C000000000200000000455EFB5D9
:10272000520000FFFD1FFFB0000FFFFFFFFC000085
:10273000FFFF533320000FFF97FFFB5700FFF8AF59
:10274000FFC6F80FFF8AFFFC4AA1FFF8AFFFE322A4
:102750000FFF8AFFFFFFF4FFF8AFFFFFFF4FFF8A75
:10276000FFFFFFF43552AFFFFFFF40000AFFFFFFFE
:10277000F400007FFFFFFE200000011000000000B9
:1027800000AF00000000018FFA30000002EFFFFFF1
:10279000500000BFFFFFFF10001FFFFFFFF5000309
:1027A000FFFFFFFF70005FFFFFFFF90008FFFFFF63
:1027B000FFC000DFFFFFFFFF209FFFFFFFFFFD0EB9
:1027C000FFFFFFFFFFF2022222222221000008FF6A
:1027D000C00000000009A20000005BBBBBBBBBBB8C
:1027E000BBA3FFFFFFFFFFFFFFFBFC0C30E11D0D54
:1027F00011FCFC0B30E01D0D10FCFFFEFFEFFEFE98
:10280000EFFCFFF15A0870A05FFCFFF37B2992C236
:102810007FFCFFBFCBBBBBBFCBFCFC0B2000000D84
:1028200000FCFFCFCCCCCCCFCCFB9FFFFFFFFFFF4A
:10283000FFF600000000000002000000000000059C
:10284000DFB00000000007EFFFD000000018FFFF1E
:10285000FF70000029FFFFFFFF00003BFFFFFFFFAD
:10286000F8000AFFFFFFFFFFF1000FFFFFFFFFFF70
:10287000A000049AAAAFFFFF20000000000EFFFB9B
:1028800000000000000EFFF400000000000EFFC07A
:1028900000000000000EFF5000000000000DFD00D1
:1028A000000000000004B300000035555502000F81
:1028B000FFFFF2F400FFFFFF2FF40FFFFFF2FFF323
:1028C000FFFFFF32221FFFFFFFFFF7FFFFFFFFFFAA
:1028D0008FFFFFFFFFF8FFFFFFFFFF8FFFFFFFFFEF
:1028E000F8FFFFFFFFFF8FFFFFFFFFF8FFFFFFFF76
:1028F000FF8FFFFFFFFFF88AAAAAAAAA30000000F4
:102900002455310000000003AFFFFFFFC7000002A5
:10291000BFFFFEDEFFFFF6005FFFB51000038EFF76
:10292000B0DFD300000000008FF5180005AEFEC830
:102930001004600002DFFFFFFFF80000000CFF95AD
:10294000347DFF40000002A200000077000000007C
:10295000000296000000000000000DFF5000000083
:102960000000000EFF6000000000000005DA00001B
:1029700000005BBBBBBBBBBBBBBA20FFFFFFFFFFC5
:10298000FFFFFF90FC1222222222220FF7FC5FFFA2
:10299000FFFFFFFF2CFAFC5FFFFFFFFFFF21FAFCA8
:1029A0005FFFFFFFFFFF27FAFC2666666666661F6D
:1029B000FAFEBBBBBBBBBBBBBFB1AFFFFFFFFFFFA3
:1029C000FFFF500000000000000000005BBBBBBB2D
:1029D000BBBBBBBA20FFFFFFFFFFFFFFFF90FC1256
:1029E00022222221000FF7FC5FFFFFFFF8000CFA04
:1029F000FC5FFFFFFFF80001FAFC5FFFFFFFF8003C
:102A000007FAFC2666666663000FFAFEBBBBBBBB1B
:102A1000BBBBBFB1AFFFFFFFFFFFFFFF50000000D8
:102A20000000000000005BBBBBBBBBBBBBBA20FF10
:102A3000FFFFFFFFFFFFFF90FC1222221000000F9C
:102A4000F7FC5FFFFFD000000CFAFC5FFFFFD00037
:102A50000001FAFC5FFFFFD0000007FAFC26666663
:102A60005000000FFAFEBBBBBBBBBBBBBFB1AFFF8F
:102A7000FFFFFFFFFFFF500000000000000000000C
:102A80005BBBBBBBBBBBBBBA20FFFFFFFFFFFFFFB6
:102A9000FF90FC1222000000000FF7FC5FFF3000E7
:102AA00000000CFAFC5FFF3000000001FAFC5FFF41
:102AB0003000000007FAFC2666100000000FFAFE46
:102AC000BBBBBBBBBBBBBFB1AFFFFFFFFFFFFFFF8C
:102AD000500000000000000000005BBBBBBBBBBBA4
:102AE000BBBA20FFFFFFFFFFFFFFFF90FC000000CD
:102AF0000000000FF7FC0000000000000CFAFC00D2
:102B0000000000000001FAFC00000000000007FACD
:102B1000FC0000000000000FFAFEBBBBBBBBBBBB50
:102B2000BFB1AFFFFFFFFFFFFFFF5000000000003D
:102B3000000000000000000007B2000000000000DC
:102B40000ADFFA000000000000A93DF500000004C3
:102B50004002E00010000000AFF80B600000006CC5
:102B600030FFFFFFFFFFFFFFFFF4AFF9000C500045
:102B7000006D4005500004C000001000000000007F
:102B8000C43EE80000000000002EEFFA0000000044
:102B90000000004FFA0000000000000000000000EC
:102BA0000000011000000007EFFFB30000AFFD8F31
:102BB000FF2004FFFD09FFB00AFEFD12AFF00EF585
:102BC0005D2C0EF30FFF33129FF50FFFF307FFF697
:102BD0000FFFE206FFF60FFE24137FF50DF57D2CA7
:102BE0000DF30AFFFD11BFF003FFFE0BFFA0007FF6
:102BF000FEBFFE100003ACDC810000003443000087
:102C000005667FFFF96650FFFFFFFFFFFF35666631
:102C1000666666501CCCCCCCCCC402FFFFFFFFFF25
:102C2000602FF3FB7F6DF602FF2FB7F5DF602FF209
:102C3000FB7F5DF602FF2FB7F5DF602FF2FB7F5DB4
:102C4000F602FF2FB7F5DF602FF3FB7F6DF601FF74
:102C5000FFFFFFFF5007BCCCCCCC90000000000071
:102C6000000120000000000004FF500000000002EE
:102C7000FFFF500000000439FFFE00000004FF3990
:102C8000FFA0000004FFFF39B0000004FFFFFF2099
:102C9000000004FFFFFFB0000004FFFFFFB00000D2
:102CA00004FFFFFFB0000004FFFFFFB0000000BF03
:102CB000FFFFB00000000DFFFFB000000000FFFFAD
:102CC000B00000000009A86000000000000000172C
:102CD0008888888887400002EFFFFFFFFFFFF4002D
:102CE0003EFFFFCFFFCFFFF703EFFFF908F809FF23
:102CF000F83EFFFFFE20402EFFF8DFFFFFFFE1015F
:102D0000EFFFF89FFFFFFF80008FFFF809FFFFF93B
:102D100002C209FFF8009FFFFE4EFE4EFFF80009B9
:102D2000FFFFFFFFFFFFF700008FFFFFFFFFFFC167
:102D300000000000000003EFFFFFE203FBFBCEBF3B
:102D4000A4FF1D03A1FAFFF1D03A1FAFFFFFFFFF61
:102D5000FAFFFFFFFFFFAFFFFFFFFFFAFFFFFFFFDD
:102D6000FFAFFFFFFFFFFAFFFFFFFFFFAFFFFFFF18
:102D7000FFFAFFFFFFFFFFADFFFFFFFFF829AAAA41
:102D8000AAA80000000000000003000000000000EE
:102D900004F1000820000001FF100BF70000002FD5
:102DA000F10CFF94444445FF1BFFFFFFFFFFFFF1C1
:102DB0008FFFFFFFFFFFFD007FF700000000000016
:102DC0006F60000000000000300000000000000004
:102DD00000000000000000000000C0030000000030
:102DE0000000C003030A00000F0080050505000570
:102DF0001C00D0090A0A00004E00B008090F00FEAE
:102E00009200D00B0C0A0000CE00A0090A0B00FFB4
:102E10000501F002030500050D01B004040E01FDDB
:102E20002901C004040E00FD4501A00506060005A9
:102E3000570120080807000273013003030500FE54
:102E40007B016005050300038301300303030000D9
:102E50008801F004070EFFFFB9015009090A0000BC
:102E6000E6013005040A0000FA011008080A000013
:102E700022020008080A00004A0260090A0A00004B
:102E80007C021008080A0000A402A008090A000039
:102E9000D1026008080A0000F9020009090A0000CE
:102EA0002603A008080A00004E03300303080000B0
:102EB0005A033003030B00FD6B03200808080001D0
:102EC0008B03200808060002A3032008080800015D
:102ED000C3030008080A0000EB03800E0E0D00FD7E
:102EE0004604400A0C0AFF008204A00A090A0100F5
:102EF000AF04200A0A0A0000E104900B0A0A01004C
:102F000013056009080A01003B05E008080A0100F2
:102F10006305D00A0A0A00009505600B090A010042
:102F2000C2055004020A0100CC053007070AFF0061
:102F3000EF05100A0A0A010021065008080A0100DC
:102F40004906600D0B0A01008006600B090A0100AA
:102F5000AD06C00B0C0A0000E906200A090A0100B0
:102F60001607C00B0C0D00FD6407300A090A0100AA
:102F70009107B008090A0000BE073008090A0000DE
:102F8000EB07100B090A01001808F0090B0AFF00F3
:102F90004F08C00F100A00009F0870090A0A0000BD
:102FA000D10810090B0AFF0008093009090A0000BE
:102FB0003509B004040E01FD5109F004070EFFFFAE
:102FC0008209B004040E00FD9E09300807060102C4
:102FD000B3090007070100FFB709600805020109EE
:102FE000BC09600808080000DC099009080B010012
:102FF000080A000808080000280A9009090B0000C8
:103000005A0A9008080800007A0AF004060B00002B
:103010009B0AB009090B00FDCD0A9009080B0100BD
:10302000F90AE003020B0100040B0004050EFEFD8B
:10303000270BA008080B0100530BE003020B010053
:103040005E0BD00E0D080100920B900908080100DC
:10305000B20BE00809080000D60B9009080B01FD2F
:10306000020C9009090B00FD340CC0050508010095
:10307000480C000707080000640CD005060A000091
:10308000820C800908080100A20CD0070908FF0083
:10309000C60C900C0D080000FA0CC00708080000D0
:1030A0001A0DD007090BFFFD4C0D50070708000053
:1030B000680DF004050E00FD8B0D3004020E01FDBD
:1030C000990DF004050E00FDBC0D20080803000357
:1030D000C80DE00506050006D70D600404030003D3
:1030E000DD0D000E0F0FFFFE4E0E000E0E0B00004A
:1030F0009B0E000E0E0D00FFF60E000E0E0B0000D4
:10310000430FA0090A0B00007A0F000E0E0F00FEFD
:10311000E30F000E0E0F00FE4C10C00F100D00FF4D
:10312000B410000E0E0F00FE1D11C00F100B00009A
:103130007511000E0E0F00FEDE110007070C00FFD8
:103140000812800A0B0C00FF4A12C00F100E00FE7E
:10315000BA12000E0E0B00000713A0090A0F00FEA2
:103160005213400C0A0E01FE9813400C0D0F00FE86
:10317000FA13400C0D0D00FF4F14400C0D0D00FF15
:10318000A414400C0A0E01FEEA14400C0E0DFFFFC1
:103190004515C008090D00FF8015C008090D00FF86
:1031A000BB15400C0D0D00FF1016400C0D04000364
:1031B0002A16C00F100B000082168011120F00FE9D
:1031C0000917C00F110FFFFE8917000E0E0D00FF2B
:1031D000E417400C0D0800011818400C0D08000100
:1031E0004C188011120B0000AF18000E0E0B0000DF
:1031F000FC18000E0E0F00FE6519000E0F0FFFFEEB
:10320000D619400C0D0D00FF2B1A400C0D0F00FEBF
:103210008D1A400C0D0D00FFE21A400C0D0C00FF42
:10322000301B000E0E0B00007D1BC0080A0FFFFEB6
:10323000C81B400C0D0F00FE2A1C400C0D0F00FE99
:103240008C1CC00F100B0000E41C000E100FFFFEC2
:103250005C1D800A0B0F00FEAF1D8011120D00FFD8
:10326000241E8011120A00007E1E8011120A000026
:10327000D81E8011120A0000321F8011120A0000AD
:103280008C1F8011120A0000E61F8011120C00FF33
:103290005220400C0C0F00FEAC20400C0D0F00FE25
:1032A0000E21000E0F0FFFFE7F218011120B000078
:1032B000E221800A0B0F00FE3522100E0F0A0000DB
:1032C0000000721F51EF58EF5BEF5CEF5DEF61EFB5
:1032D00063EF65EF69EF6CEF71EF76EF77EF78EF03
:1032E0008EEF93EF98EF9BEF9CEF9DEFA1EFA2EF96
:1032F000A3EFA4EFB7EFB8EFBEEFC0EFC1EFC4EF9D
:10330000C7EFC8EFC9EFCBEFE3EFE5EF14F015F02F
:1033100017F019F030F037F03AF043F06CF074F039
:10332000ABF03BF190F191F192F193F194F1D7F17F
:10333000E3F13DF254F2AAF412F7F2F72000000094
:103340005F0001000000000000000000000002001B
:10335000B0000000F3F76000C03203080000000076
:103360003E000300000001020003040502060708F6
:10337000090A090A0B0C000D0E0F101112130C1480
:10338000140000001516171819161A1B1C1D1D1EF7
:103390001F201D1D1621222303241E252526272834
:1033A000292A2B002C002D2E2F303132332D34348E
:1033B00035302D2D2E2E36373839333A3A3B3A3CBC
:1033C000290000093D090000000000000000000085
:1033D00000000000000000000000000000000000ED
:1033E00000000000000000000000000000000000DD
:1033F00000000000000000000000000000000000CD
:103400000000000001020003040502060708090A83
:10341000090A0B0C0D0E0F10110C121314151500C8
:10342000000016171819171919191719191A191947
:10343000191917191719031B1C1D1D1E1F202122E6
:10344000230024002526272727002726282926268B
:103450002A2A272A272A2B2C2D2E2E2F2E30000009
:1034600023093109000000000000000000000000F6
:10347000000000000000000000000000000000004C
:10348000000000000000000000000000000000003C
:10349000000000000000000000000000000000002C
:1034A0000001000000000000000100000200000018
:1034B000000200000000000000000000000000000A
:1034C00000000100000000000000000000000000FB
:1034D00000010A0006FB00000000F4F3020B0504E3
:1034E000F7020B01090207000000000000000000C5
:1034F00000000D02FE0000000000000000000000BF
:10350000000400F90000000000FC04040000FE00BC
:10351000FE0200FE00FEFFFC00000000FE0000FDB9
:10352000FD0000FE00FC000000000000000000FEA6
:10353000FE00FD00FA00E50000FC0004070000FCAE
:1035400002020704FC040000F30000000000000079
:1035500000000000F8000000000000000000000073
:10356000000000FAFDF500F7FE0000000000090071
:10357000F9FEFF0100FC0000FEEF0000000000006B
:103580000000000000EEFE09000000000000000046
:1035900000000000F700000000000000000000072D
:1035A00000020000FC00000000000000000000001D
:1035B00000000000000009020100000000000000FF
:1035C00000000000000000000000000000000000FB
:1035D00000000000000000000000000000000000EB
:1035E000F8000000000000000000000000000000E3
:1035F0000000000000000002040207FE000004FEBC
:10360000F9E102060400FD00080007000700EB00D6
:10361000FD070007FE0402000001FE0000FC12008E
:103620001200070009030407000000F80000000072
:1036300001FE0002FCFDFC0200FE000000F700009D
:10364000000000000000000000F100000000000089
:1036500000000000000000000001F400F200000083
:1036600000FE0016FDFD0202FE00FD020000F40057
:1036700000000000000000000000EA00020000005E
:10368000000000000000000000F2000D0000F80043
:103690000700F1EAF1FC070000F10003FB00FD0068
:1036A00000000000000000000000000607E5000028
:1036B000000000000000000000000B0002000000FD
:1036C00000000202FDFC00FFFFFE0000FE00000003
:1036D000FC00FE00FBFC00FAF9F9FC00FC00FC0019
:1036E000000000FE0000020002FE000100000002D7
:1036F000FE000000FE0202FF000000FC00FF0000D0
:10370000000000010003FE00FD00FC0000FE0007B9
:103710000000FE0000000000FF01FEFE0000FE00B1
:10372000FE000000000000000000FFFF00FEFD00A2
:1037300000000000010000FE00FEFEFE0000000090
:103740000000000000FF00000000FEFD00FD00F989
:10375000FEF9040000FC02040600FAFFFD00FFF57C
:1037600002FE02F402000001F400F4FEEDFE00F59A
:103770000004060003000000000000FCFD00F9004A
:103780000000FE000000FE0000000000FFFF00FF40
:10379000FD00000000000000FEFE00FEFDFE000037
:1037A000FE0000000000000000000000FEFE00FD22
:1037B00000FE00FC020000FD01020200000000000B
:1037C00000FE0000000000020000FE00FEFEFD0002
:1037D0000000000000000200FE00000000FEFD00EE
:1037E000FC0007FE01F9000006F5F4F7FC0200FEFC
:1037F000F1FC00FC00FC03FCF200FA000001FF02F7
:10380000FE000200F9F700F5FBFBFBF9FDFA00FCF6
:10381000FA01000100FE00000002000200000000AA
:1038200000000000000000FE00FF00FFFE00FCFBA7
:10383000FBFF00F9000000000000FE000000000196
:10384000FF0000000200000000000000000B00006C
:103850000000000002000000FE0000000000000068
:1038600000000000FC00020000000000000000005A
:1038700000000000FE000000FC00000000F5F90060
:103880000000FDF50000FE0200FA0000000000004C
:1038900000000000FC0000FC000000000000000030
:1038A000000000000200FC00000000030002FCFC1D
:1038B00000FEFEFD000000000000F900FE00FDFE1D
:1038C00000FBFAF9FE00FC00F90000000012000005
:1038D000010000FD000200F60000000000EBFC0704
:1038E00007FEF70002FD00F5FFFD02F0FE030003F6
:1038F000F8FDF8F9F70000F3000D0000FF000000EC
:10390000FFFFFEFAF900EB000000000000000000DD
:1039100001000000000000000000000000000000A6
:1039200000FE00FFFEFD0000FC00FE0000000000A5
:1039300000000000000000000000FF00FC00000488
:10394000FF0300FB02FEFFFAFE00FDFEFE00FDFC91
:103950000000FEFFFEFCFD0000FE0002FE00FB007A
:103960000000FC00FC00FCFC020000000000000065
:1039700000FC0200FD00FEFDF9FEFEFEFFFEFDFF65
:103980000000000000FEFEFE0000000003FE00FE3E
:10399000000000FEFDFEFEFDFE000209FF00FA0031
:1039A000FE0400FEF7FD030000F5FC02FC0200FE31
:1039B000FEF900FD010000FC0000000202FCFC001A
:1039C000FCFEFDFEFE00FC01FCFC07000000000008
:1039D00000000000020000000000000000000000E5
:1039E000000000000000000000000000FC000000DB
:1039F00000000000000000000000000000000000C7
:103A000000000000000000000000000000000000B6
:103A10000000000000000000FE00000000000000A8
:103A20000000000000000000000000000000000096
:103A3000000000000000FEFE00000000000000008A
:103A400000000000FD0000FD0000FEFE0000000080
:103A5000FE00000000FF0000000000FE000000006B
:103A6000FD00FC000000F90002FB0400FEF5000070
:103A7000FBFE00F7FAFA0000F6FEF7F7F500FA0091
:103A8000020FFD00FBFEFFFEFCFAFCF8F7FBFE0058
:103A900000FE00010000F0FE0705FBF80001F90040
:103AA000F5FEFE04EBFD010000F1FDF4FEF0000068
:103AB000F0000D0100FE00000000FFFEF7FE00F127
:103AC00000000000F900FE00FFFAF50000FFFDF91C
:103AD000FE00FE00000000F6FEF9F9FEFCFAFEFC16
:103AE00000FCFEF9FD00FDFCFEFC000100FEF900FB
:103AF0000400FC00000000030002FC0900FEFEFDC3
:103B0000000000000000F900FE00FDFE00FBFAF9D5
:103B1000FE00FC020900000000120000010000FD90
:103B20000002000000000000000000000000000093
:103B3000FEFC0000000000FF000000FEFE0000FC94
:103B4000FE0000FC0004FF00000000000001000077
:103B50000000030402FE00F9FC0007F9F9FCFC096F
:103B60000402EDFE04FE00FE02FEF800FE02FDFE71
:103B7000F9FE0000070400FA00F4FD06FDF701FD60
:103B8000F9F9FE090200FD00FA000207FBF8F7FA56
:103B9000070001F0FE02FCFEFB00FBF8FDFDFE004D
:103BA00000FBFBFE000705FEF400F4FD00F8F3FF48
:103BB000F9FCF9FA060000FD00FCFE00FEFC000422
:103BC000F9020000F400FEFBFCFEF9FAF9FB00F933
:103BD000FEFBFCF9FE0000010BFC00F9FE00FEFC00
:103BE000FBFAFAF7FDFC0400FD00F5FD0104F9F80D
:103BF000FCF907FE01EBFC04FBFCF800F9F7FDFE05
:103C0000FEFEFBF9FF00000706FEF100F3FB05F7DF
:103C1000F1FCF8F7F5F90400000000FD000002FDDA
:103C20000402FC040000F9FF00FF000101FE000097
:103C300000000000FE0000000002070000FD000080
:103C40000000FEFEFD000000010200000000020076
:103C5000FE000900040101FD000400000002000054
:103C60000000000000000000000700060000000047
:103C700000000000000000000000F300FE04000748
:103C800000001603FCFC0202FE01F500000BF3002D
:103C900000000000000000000000F1091F0000000B
:103CA000000000000000000000F300000000000021
:103CB0000000000000000000000000000000000004
:103CC00000000000FC0000FCFE00000000000000FE
:103CD000000000000000000000000000FE00FA00EC
:103CE00000010000021DFCFE0706FA0200000202AD
:103CF000FD0000000000000000000000E3060000DE
:103D0000000000000000000000000000000000FAB9
:103D1000000000FA00000000FBFF000000FB00FDB7
:103D200000F50000000000000000000000F10000AD
:103D3000000001000000000000FE0000FC00FD008B
:103D4000FA000000FC02FD0000FAFEFB0000FA0091
:103D5000FE00F500FE0000EEFCF7FEF80000F100AA
:103D6000FAFF0000000000000000FDFCFEFC000067
:103D70000000FB00FB03FE0400FEFBFEFCFC00FD5C
:103D8000FFFE02FAFF000000ECFEFD00FB00FEF566
:103D9000FE0000FEFE000000000200FEFCFE04002B
:103DA0000000000000000000000000000000000013
:103DB0000000000000000000000000000000000003
:103DC00000000000000000000000030000000000F0
:103DD00000FB00FE000000FC02000000FAFEFC00F8
:103DE00000FA00FE00F500000000EA00FCF8F50013
:103DF00000F100FEFD0000000000000000FEFDFFDD
:103E0000FD01000004FD00070BFEFEF9030B040595
:103E1000FA03090306050600000000000000000088
:103E200000000E0BFCFE00FE120A12000000020051
:103E300000080000FC000000000000000000FE0080
:103E4000000000000000000300000000EDFDFEF790
:103E5000F50000F10000000000000000000000007C
:103E60000000000000FC000000000000000000FE58
:103E700000000000000000000300000000EDFDFE57
:103E8000F7F50000F700000000000000000000004F
:103E90000000000000000000FE000000FB0200FE29
:103EA000020402F90000FE02000200000000FA0015
:103EB000FEFEFC00FEF7000EFE00FBFE00FEFC0016
:103EC000FEFAFCFD000000FC000000000000000005
:103ED00000FE00000000000000000300000000EDF4
:103EE000FDFEF7F50000F10000000000000B0000EF
:103EF0000000000000000000FC00F9FDFE07FEFECF
:103F0000F701FF01FEFA000500020102FBF7FD00C8
:103F1000F7FCFAF7F700FCFCFDFDFEFEFDFE00FEDF
:103F2000FF030003FE000700000000000000000087
:103F3000000000FEFEFE0000FA00FF00FC00000092
:103F40000000000000000000F3000000000000007E
:103F500000000000FEFE00FD00000000FE0000FC6E
:103F6000FE0200FCFCFE00FAFEFBFEFD00FC000071
:103F7000000000000000000000F100070000FC004D
:103F8000000000FD00FE0000FF0000FE00FB00003E
:103F900009FDF9F902020200FA020302070207FE14
:103FA000FA0000F70000F9FA0000FC00FDFC00FD3B
:103FB00000FD00FE0300FEF9FE080000FE00FC000C
:103FC0000003FB0002FE020000F900FEFF00FE02FB
:103FD000FE000000F7FDFB00F90000F50008FE0000
:103FE000FC000100FE00FEF900FE0200000000FEE1
:103FF000000002FD010000FDFE00FD0000000000C9
:10400000000000000000000000000000F2000500B9
:1040100000FE000000000000FEFE0000000400059D
:104020000000000000F2F3010A0704F7020900088B
:10403000000400000000000000000000000C000070
:104040000000000000000000000000000000000070
:10405000A034030864330308023403083D31000030
:104060004E0B0308D02D03083C33030850400308CF
:1040700010000228900F00209DE70108C1E601080A
:104080001000030000FF0100604003080000000072
:1040900000000000BF0BF0AF0AE09E08D08C07C004
:1040A000000010BF1AE0F51F3F51F3E40F3E40F24D
:1040B0007208100005C003E000007A005C000009EF
:1040C0008007A001FFFFFFFFFD033E733C8330002C
:1040D000F200C500000F100E300002F000F2009F49
:1040E000FFFFFFFF4138C336E3300089005C00006A
:1040F0000A7007A0000000790000000079000000AD
:104100005CFFE92006FCBC9E900EB07900100F8089
:104110007900000DF579000003EFFD50000006CF97
:10412000FE400000795EF100007905F30700790791
:10413000F12FE9BCAFA003AEFFD70000007900006B
:10414000000079000003DE800005D000E40C50017F
:10415000E3004C005A00A90006A004C04E00004C29
:10416000005A0D500000E41C58A0000003CE73E17B
:104170003CE9000000D60E40A800007C03C003D03C
:10418000002E203C003D000B7000E2098006D000AC
:1041900004DDA00009EFB1000009E43CA00000D953
:1041A000007D00000CC01CA000003FAEC10000015B
:1041B000DFC0000003EB8F701800DB007F65F03F6D
:1041C00040008FEA03F70000CF700BF966CFBF40C5
:1041D00008DFEA30A5000000000000F5F5E4E47215
:1041E00000DA05F20BC00F703F405F206F107F00B8
:1041F0006F105F203F400F700BC005F200DA3F30B8
:104200000CB006F101F600E900BC00AD00AE00AD57
:1042100000BC00E901F606F10CB03F30004A000690
:1042200074A4A02BFFE5007FFB207B6B8D0004A016
:10423000000013000000051000000F5000000F5098
:1042400000011F5110EFFFFFF3344F7440000F5077
:1042500000000F50000952FD0BA0C50F0001111006
:104260001FFFF30444400312FC1E90000005F10000
:10427000000AB000000F6000005F100000AB0000FB
:1042800000F6000005F100000AB000000F60000019
:104290004F100000AC000000F6000004F100000A1E
:1042A000C000000E6000004F1000000008EFC500C5
:1042B00000CFA8CF7007F5000AF20DC00001F81F6B
:1042C000800000DC3F600000BD3F600000BD1F803B
:1042D0000000DC0DC00001F807F5000AF200CFA8CD
:1042E000CF700008EFC500EFFF367AF3005F3005AE
:1042F000F3005F3005F3005F3005F3005F3005F336
:10430000005F3005F304BEFD7007FD98CF902800D4
:1043100000BF00000007F2000000AF0000004F8067
:1043200000003FC000003EC100002EC100002ED1A1
:1043300000002EF8777746FFFFFFFA6FFFFFFF02BE
:1043400077779FB000000CE1000009F3000005F64C
:10435000000000DFE910000459FD00000006F40031
:1043600000003F64400008F3BFC98CFB007CFFD70E
:1043700000000001EB00000000BE100000006F50C4
:104380000000002F900000000CD000000008F30196
:10439000D50003F8002F6000ED2223F7216FFFFF07
:1043A000FFFF81555556F9520000002F60000000B4
:1043B00002F60005FFFFFF007F77777008E000003E
:1043C00000AD0000000BC2100000DFFFFB30045501
:1043D00068FF20000004F80000000F92500005F66E
:1043E0008FD98AFD105BEFE9100005CEFC60009FBD
:1043F000C88B7005F80000000CD00000001F800082
:1044000000002F68EFFA103FEE648FD02FF1000606
:10441000F40EC00002F609F10006F301DE869FB03B
:104420000019EFD8008FFFFFFFE8F77777FC8F00C8
:10443000004F5590000BE0000002F80000009F10B4
:1044400000000FB0000006F4000000DD0000003F97
:104450007000000AF1000001F90000005CFFD700C5
:1044600006FC76AFA00CD00009F10DC00007F207E2
:10447000F7115EC000BFFFFE1009F9547ED02F80F7
:104480000004F64F500000F81FA00005F609FB7667
:10449000AFD0006CFFD810008EFD80000CF868FCD7
:1044A000005F50003F708F00000EC07F30001FF093
:1044B0001FD413CFF104EFFFA9F00002310AF0007E
:1044C00000000EA00000009F3009A78DF70007DF55
:1044D000EB40001E92FC0310000000000312FC1EC3
:1044E000901E92FC0310000000000001E91FD0A8FC
:1044F0000E30A00000004200017DF3039FE810BFD2
:10450000B50000EE81000017DFB4000004AFD20058
:10451000000182EFFFFFF3455555510000000001F7
:10452000111110EFFFFFF33444444050000000EF3E
:1045300092000006CFB50000039FE200006CF3027A
:104540009EE920BFC600009300000004BEFD700776
:10455000FC77BFA0270000CF00000009F000000199
:10456000EA000001DD100000CE1000003F600000F6
:1045700001300000000100000006F50000005F406F
:1045800000000017CEFDB500000005FB53237DC2DF
:1045900000006E400000008E1002F401AEFA3F49A8
:1045A000B00A901EE65BEF40E30F308F1000AF4083
:1045B000981F00D900003F406A3F00E800001F40FC
:1045C0005C1F00D900003F406A0F308F1000AF40E1
:1045D000980A901ED65ADEA6F203F301AFFA16EE41
:1045E00050006E4000000000000006FB53237500E1
:1045F00000000017CEFDA30000000002FD00000037
:1046000000009FF4000000000F9EB000000006F2C2
:104610007F20000000DC01F80000004F600BE0008C
:10462000000BF0004F600001FA1111ED00008FFF48
:10463000FFFFF3000EC444444FA006F4000000AF97
:1046400010CD00000002F85FFFFFEB4005F8555762
:10465000DF405F400001FA05F400000FA05F511138
:104660003AF405FFFFFFFA005F744459FA05F400BD
:104670000008F25F4000005F45F4000009F25F852A
:10468000556AFB05FFFFFFD70000028DFEB4000452
:10469000FFB89DF902FD20000850BF200000000F68
:1046A000A000000002F6000000002F6000000000E3
:1046B000FA000000000BF2000000002FD20000857D
:1046C000005FFB89DF800029DFEB405FFFFFEA30FE
:1046D000005F97779EF8005F400000AF605F40008A
:1046E000000DE05F40000006F45F40000003F65F4D
:1046F00040000003F65F40000006F45F4000000D3C
:10470000E05F400000AF605F97779EF8005FFFFFBB
:10471000EA30005FFFFFFF95F97777745F40000094
:1047200005F40000005F51111105FFFFFFE05F7409
:10473000444405F40000005F40000005F400000060
:104740005F97777765FFFFFFFD5FFFFFFF95F977C5
:1047500077745F40000005F40000005F4000000532
:10476000F52222105FFFFFFE05F85555405F40001F
:104770000005F40000005F40000005F400000000A8
:10478000018DFEB500004FFB89DFB002FD20000661
:10479000600BF2000000000FA0000000002F60007E
:1047A0000000002F60000009F00FA0000009F00BCE
:1047B000F2000009F002FD20000AF0004FFB89DF43
:1047C000C000028DFEC6005F4000004F55F400009F
:1047D00004F55F4000004F55F4000004F55F5222DD
:1047E000225F55FFFFFFFFF55F8555558F55F4009C
:1047F0000004F55F4000004F55F4000004F55F40F1
:1048000000004F55F4000004F55F45F45F45F45F88
:1048100045F45F45F45F45F45F45F400FFFFFA009F
:104820007777FA000000FA000000FA000000FA00B2
:104830000000FA000000FA000000FA000000F9078A
:104840002003F60DE98EF101AEFB305F400002EB74
:1048500005F40001EC005F4001DE1005F400CE20FD
:10486000005F40BF300005F49F9000005FCFEF4035
:104870000005FF91EE10005FA003FC0005F40006A8
:10488000F8005F400009F505F400000CF25F4000FD
:104890000005F40000005F40000005F40000005F28
:1048A00040000005F40000005F40000005F4000037
:1048B000005F40000005F40000005F97777725FF58
:1048C000FFFFF55F400000001E95FC00000008F9A6
:1048D0005FF5000002FF95FDE00000AEF95F5F703C
:1048E000003F5F95F38F100BC0F95F31E904F30FC0
:1048F00095F307F2DB00F95F300DEF200F95F30021
:104900005F9000F95F300071000F95F30000000028
:10491000F95F5000004F55FF200004F55FFD0000D7
:104920004F55FAF90004F55F4AF5004F55F40DF2C2
:1049300004F55F402FD04F55F4006F94F55F4000B1
:10494000AFAF55F40000DFF55F400002FF55F40003
:104950000006F500018DFEB5000004FFB89EFA00C8
:1049600002FD200008F900BF2000000AF20FA0009D
:1049700000003F72F600000000F92F600000000FF9
:1049800090FA00000003F70BF2000000AF202FD2D6
:1049900000008F90004FFB89EFA0000028DFEB5054
:1049A000005FFFFFD7005F9778BFC05F400007F64A
:1049B0005F400000FA5F400000FA5F400003F85FCC
:1049C00062236EF15FFFFFFD305F855420005F4082
:1049D0000000005F400000005F4000000000018D0B
:1049E000FEB50000004EFB89EFA00002FD2000088C
:1049F000F9000AF2000000AF200FA00000003F7095
:104A00002F600000000F902F600000000F901F909B
:104A10000000002F700BF1000000AF2003FC10001D
:104A200007F900006FFA78DFB0000003AEFFC500A1
:104A3000000000003ED415B000000002BFFF80005F
:104A40000000000131005FFFFFD7005F9778BFC013
:104A50005F400007F65F400000FA5F400000FA5F29
:104A6000400003F85F52236EE15FFFFFFC305F857B
:104A700055F9005F40007F405F40000CE05F400060
:104A800002F9005CEFD92007FC87AF900EC000014F
:104A9000100F800000000DF500000003EFEA500049
:104AA0000005AEFE400000004EF100000005F308D6
:104AB000000008F22FFA77BFA0029DFFC700FFFF9A
:104AC000FFFFF56778FB77720001F700000001F740
:104AD00000000001F700000001F700000001F700EE
:104AE000000001F700000001F700000001F70000DE
:104AF0000001F700000001F700006F3000008F1682
:104B0000F3000008F16F3000008F16F3000008F189
:104B10006F3000008F16F3000008F16F3000008F37
:104B200005F4000009F03F700000CD00DE20005FBA
:104B30008004FFA8BFD00003BEFD81000CE0000090
:104B4000006F306F5000000CC000FB000003F60047
:104B500009F20000AE00002F80001F900000CE0080
:104B600007F2000005F600DB0000000EC04F500009
:104B700000008F3BE000000002FBF8000000000B8B
:104B8000FF10000000004FB000005F400000DF0099
:104B90000002F50F900002FF400007F00BE0000755
:104BA000FE90000CB006F3000CAAE0001F6001F8B4
:104BB000001F54F3006F1000CD007F10F800CC00F0
:104BC000007F20CB00AD01F700002F71F6005F26BB
:104BD000F200000DC6F1000F7BD0000008FDC00000
:104BE0000BDF80000003FF700006FF30000000EFC5
:104BF000200001FE00003F900000CD008F40007FAC
:104C00003000DE102F800003FA0CD0000007FBF309
:104C10000000000CF800000001EFC0000000BF7FA2
:104C20007000006F60AF20002FB001ED000CF100AC
:104C300004F807F6000009F30CE0000007F203F7A0
:104C400000001F9000AF10009E10001FA002F60091
:104C50000008F30BD0000000EC4F400000005FFBA9
:104C6000000000000CF20000000009F0000000004D
:104C700009F00000000009F00000000009F0000049
:104C80003FFFFFFFFD01777777BF900000001EC058
:104C90000000000CF200000008F500000004F9001C
:104CA000000001EC00000000CF200000008F500049
:104CB00000004F900000001EF877777705FFFFFF98
:104CC000FFF05FFF05F7505F3005F3005F3005F33D
:104CD000005F3005F3005F3005F3005F3005F3003F
:104CE0005F3005F7505FFF007E0000001F400000AE
:104CF0000C90000007E0000002F4000000C9000072
:104D0000007E0000002F4000000C90000007E00033
:104D10000002F3000000D90000007E0000002F30E8
:104D200000000D90000007E0BFFA35EA00EA00EA53
:104D300000EA00EA00EA00EA00EA00EA00EA00EA23
:104D400000EA35EABFFA002F8000009DE00000F382
:104D5000D50006D07B000C601F203F100B809A000E
:104D600004E0FFFFFFFF1111111107F60003E70137
:104D70009EFD8000CE87AF90020000AF00000006CD
:104D8000F202BEFFFF20EC4227F22F50007F20EC02
:104D9000427FF202BFFB6F208F000000008F0000F7
:104DA00000008F000000008F2BFEB3008FEC78EF27
:104DB000308FA0001EC08F200007F18F000005F388
:104DC0008F200007F18FA0001ED08FEC78EF308E7F
:104DD0002BFEB300003AEFC4004FD87CF40DD00096
:104DE0000713F60000004F30000003F60000000D2E
:104DF000D00006104FD77CF4003AEFC4000000004A
:104E000001F700000001F700000001F7003BFFA3DD
:104E1000F704FD87CEF70ED0000BF73F600003F7D5
:104E20004F300001F73F500003F70EC0000AF704AF
:104E3000FC65BEF7003BFFB2F7003BFEA20004FC9E
:104E400067EE200EC0001EA03F500007F04FFFFF8E
:104E5000FFF13F722222200EC000020004FD87AF46
:104E600050003AEFD600005DFC002FB57004F3004F
:104E70000CFFFFA048F753005F300005F300005F10
:104E8000300005F300005F300005F300005F3000E4
:104E9000003BFFB2E904FE87CFF90ED1000AF93FCB
:104EA000600001F94F400000F93F600001F90ED0A9
:104EB0000009F904FD87CFF8003BFFB3F7000000BD
:104EC00005F409E977AFB0017CFFD8008F0000003E
:104ED00008F00000008F00000008F2BFEA108FFB0E
:104EE00089FD08F80006F48F10001F78F00000F824
:104EF0008F00000F88F00000F88F00000F88F0008E
:104F000000F89E1AF20008F08F08F08F08F08F0862
:104F1000F08F08F00007E20009F30000000007F13D
:104F20000007F10007F10007F10007F10007F100A9
:104F300007F10007F10007F10008F0186EC03EFC11
:104F4000208F00000008F00000008F00000008F033
:104F5000001DD18F001DE208F01DE2008F2DF3002F
:104F600008FEFF70008FE2BF3008F201EE108F00E4
:104F700003FB08F00007F78F8F8F8F8F8F8F8F8F36
:104F80008F8F8F8E3CFE913BFEA208FF969FCFC66F
:104F90008FD08F70009FC0005F58F10005F60001B0
:104FA000F78F00004F40000F88F00004F40000F875
:104FB0008F00004F40000F88F00004F40000F88FCD
:104FC00000004F40000F808E3BFEA108FFA68FD04F
:104FD0008F80006F48F10001F78F00000F88F0000C
:104FE00000F88F00000F88F00000F88F00000F809D
:104FF000003BEFC40004FD87CF600ED0000BF13FF3
:10500000600003F54F300001F73F600003F50ED05C
:10501000000BF104FD77CF60003BEFC4008E3BFE38
:10502000B3008FFB57DF308F90000DC08F1000074B
:10503000F18F000005F38F200007F18FA0001ED034
:105040008FEC78EF308F2BFEB3008F000000008FC5
:10505000000000008F00000000003BFFA2F704FDED
:1050600087DEF70ED0000BF73F600003F74F3000EC
:1050700001F73F600003F70ED0000BF704FD77CE79
:10508000F7003BFFA3F700000001F700000001F765
:1050900000000001F78E2BF08FED908FA0008F2085
:1050A000008F00008F00008F00008F00008F000035
:1050B00002AEFD911ED769D04F3000002FB4100012
:1050C00006EFFD6000015BF5010000F75FA76BF3E1
:1050D00019DFEC4005F300005F3000CFFFFA048FCA
:1050E000753005F300005F300005F300005F30000D
:1050F00004F400001FC680005DFC10AE00002F5AB3
:10510000E00002F5AE00002F5AE00002F5AE00000C
:105110002F59F00004F56F3000AF51EE76BFF50265
:10512000BEFB3F500DC00000CB06F20002F500F9B7
:105130000009E0009E000F80002F606F10000CC07F
:10514000CB000005F6F4000000EFD00000008F70E7
:1051500000BB00009F10004F16F1000EF60009C0C2
:105160000F6005FCB000F600AC00AB5F105F1005EF
:10517000F10F50F70AB0000F76F009C0F50000AC4F
:10518000BA004F8F000004FF4000EFA000000EE0C7
:105190000008F400004F70009F208F305F5000CD5A
:1051A0002E900002FFD000000AF6000004FDE1008E
:1051B00001EB0DC000BE103F806F40007F400DC06E
:1051C0000000CB06F30002F400EA0009D0008F10C3
:1051D0001F70001F707F10000AE0D9000003F9F271
:1051E000000000CFB00000006F40000000AD0000E4
:1051F0001C79F500001AEE7000004FFFFFF91555FD
:105200005BF400004F800001EC00000BE100008F18
:10521000400004F700001EE555535FFFFFFC002C23
:10522000F500AF6100CC0000DB0000DB0000DB001C
:1052300002EA001FF40005FA0000DB0000DB0000BA
:10524000DB0000CC0000AF61002CF55F15F15F15AD
:10525000F15F15F15F15F15F15F15F15F15F15F164
:105260005F10BE8003AF4001F6001F7001F7001F02
:105270007000F9000AFB00FB201F7001F7001F708F
:1052800001F603AF40BE900000000000003DE400C6
:10529000B50C86F51E20F003EF900200001000020E
:1052A000CE900D40893B000E3B000E0D408902CE92
:1052B000900008F8EFE7F700000000000000000091
:1052C000000000000049DC0000000016BFFFFF00E6
:1052D00000038DFFFFFFFF0000CFFFFFFFFFFF0078
:1052E00000FFFFFFFFC7FF0000FFFFEA5100FF00C4
:1052F00000FF83000000FF0000FF00000000FF002F
:1053000000FF00000000FF0000FF00000000FF00A1
:1053100000FF00002BFFFF0000FF0000DFFFFF2B5E
:10532000FFFF0000DFFFFDDFFFFF00002BFFB2DF0C
:10533000FFFD00000000002BFFB20000000000D0C5
:105340000FFFFFFFFFF00DFFFFC888888CFFFFF005
:105350000F80000008F00FF00F80000008F00FFF32
:10536000FF80000008FFFFF00FECCCCCCEF00FF078
:105370000FECCCCCCEF00FFFFF80000008FFFFF059
:105380000F80000008F00FF00F80000008F00FFF02
:10539000FFC888888CFFFFD00FFFFFFFFFF00DDFF5
:1053A000FF73FFFFFFFFFDFFFFA5FFFFFFFFFFFFF5
:1053B000FFA5FFFFFFFFFFDFFF73FFFFFFFFFD0004
:1053C00000000000000000DFFF73FFFFFFFFFDFF94
:1053D000FFA5FFFFFFFFFFFFFFA5FFFFFFFFFFDFB1
:1053E000FF73FFFFFFFFFD0000000000000000DF73
:1053F000FF73FFFFFFFFFDFFFFA5FFFFFFFFFFFFA5
:10540000FFA5FFFFFFFFFFDFFF73FFFFFFFFFD00B3
:1054100000000000000AB1000000000000BFFC0016
:10542000000000000BFFFB0000000000BFFFC01BDE
:10543000A000000BFFFC00CFFB0000BFFFC000BFBF
:10544000FFB00BFFFC00000CFFFBBFFFC000000023
:10545000CFFFFFFB000000000CFFFFB000000000CA
:1054600000BFFB0000000000000BB00000000003C4
:105470000000000308FC10001CF8FFFC101CFFF5E6
:10548000FFFC2CFFF505FFFFFFF50005FFFFF50012
:10549000001DFFFD10001CFFFFFC101CFFF9FFFCAE
:1054A0001CFFF505FFFCDFF50005FFD1A40000049B
:1054B000A10000004FE00000000002106FF1031097
:1054C00000005FD06FF13FD10003FFF16FF15FFD8E
:1054D000000DFF406FF109FF704FF7006FF100CF33
:1054E000E09FF0006FF1005FF3BFC0006FF1002F8D
:1054F000F5BFC0004FE0001FF6AFE0000000004F16
:10550000F46FF400000000AFF00FFE10000005FF84
:10551000A006FFD300007FFF20009FFFDABEFFF44C
:10552000000006FFFFFFFD3000000017BDCA50005D
:10553000000000008BB8000000000000FFFF00002A
:1055400000003006FFFF60030004FDDFFFFFFDEFFA
:10555000400DFFFFFFFFFFFFD04FFFFFF99FFFFF51
:10556000F408FFFF2002FFFF8000FFF900009FFF0B
:105570000000FFF900009FFF0008FFFF2002FFFF6F
:10558000804FFFFFF99FFFFFF40DFFFFFFFFFFFFBD
:10559000D004FEDFFFFFFDDF40003006FFFF6003A9
:1055A00000000000FFFF0000000000008BB80000BA
:1055B0000000000003DD303FF3000000006FFFF546
:1055C0004FF400000009FF99FFBFF4000001BFF68F
:1055D000226FFFF400002DFE35FF53EFF40004FFAF
:1055E000C18FFFF82DFE407FFA1AFFFFFFA1AFF732
:1055F000CF82DFFFFFFFFD28FC140EFFFFFFFFFF40
:10560000E041000FFFFFFFFFFFF000000FFFF90078
:105610008FFFF000000FFFF8008FFFF000000FFF7A
:10562000F8008FFFF000000EFFF6006FFFE00000B3
:105630000000DFFD000000000000FFFF0000000090
:105640000000FFFF000000000000FFFF000000005E
:105650000000FFFF000000000000FFFF000000004E
:105660004FFFFFFFFFF400000BFFFFFFFFB0000044
:1056700000BFFFFFFB000000000BFFFFB0000000B9
:105680000000BFFB000000DFFFFC1BB1CFFFFDFFF0
:10569000FFFFC22CFFFFFFFFFFFFFFFFFFFFFFFF2A
:1056A000FFFFFFFFF0E0FFDFFFFFFFFFFFFFFD0059
:1056B00004EFFFFFFFFE4000001EFFFFFFFFFFE1C2
:1056C0000000AFB00000000BFA0005FF1000000062
:1056D00001FF501EF600000000006FE1AFB00000B7
:1056E0000000000BFAFFFFFF800008FFFFFFFFFF35
:1056F000FFF1001FFFFFFFFFFFFFFFFFFFFFFFFFA7
:10570000FFFFFFFFFFFFFFFFFFFFFFFFFFFFFFFFA9
:10571000FFFF8FFFFFFFFFFFFFFFF8000006BDDA6E
:105720005002FF0005EFFFFFFE42FF007FFFA77B57
:10573000FFF9FF05FFC100002CFFFF0EFC00000277
:1057400022DFFF5FF200000FFFFFFF8FB000000FAE
:10575000FFFFFF000000000000000000000000004C
:10576000000000FFFFFFF000000BF8FFFFFFF0005C
:10577000002FF4FFFD22200000CFE0FFFFC2000059
:105780002CFF40FF9FFFB76AFFF700FF24DFFFFFFA
:10579000FE5000FF2005ACDB6000000000000000B0
:1057A00000008D000008FF00008FFFDFFFFFFFFFFC
:1057B000FFFFFFFFFFFFFFFFFFFFFFFFFFFFFFDF19
:1057C000FFFFFF00008FFF000008FF0000008D00BA
:1057D0000000000000000000000000008D0000003C
:1057E0000008FF000000008FFF0000CFFFFFFF0157
:1057F00050FFFFFFFF06F7FFFFFFFF00BEFFFFFFA9
:10580000FF00AEFFFFFFFF05F8DFFFFFFF026000B4
:10581000009FFF0000000009FF00000000009E0044
:105820000000000000000000000000000006100062
:105830000000000000001FD2000000008D000003E7
:10584000EE10000008FF000AB12FB000008FFF002B
:1058500005FC07F4DFFFFFFF02505F60F9FFFFFF69
:10586000FF06F70DC0BDFFFFFFFF00AE09F09FFF71
:10587000FFFFFF00AE09F08FFFFFFFFF06F70DC02F
:10588000ADDFFFFFFF02505F60E900008FFF000502
:10589000FC06F4000008FF000AB12FB00000008DE4
:1058A000000002EE100000000000001FD200000007
:1058B000000000000610008FFFFFFFFFFFFFF8FF52
:1058C000FCFFFFFFFFFFFFFF202FFFFFFFFFFFFC9D
:1058D000000CFFFFEEFFFFFF202FFFFE22EFFFFF78
:1058E000FCFFFFE2002EFFFFFE4EFE200002FFFF46
:1058F000E202C2000000FFFF200000000000FFFFE6
:10590000000000000000FFFFFFFFFFFFFFFFFF8F11
:10591000FFFFFFFFFFFFF800004E400000000BFB01
:1059200000000001FFF10000009FFF9000002FFF2A
:10593000FF30000CFFFFFC0007FFFFFFF802FFFF36
:10594000FFFFF29FFFFFFFFF9EFFFFFFFFFEFF2F06
:10595000FFFFFFFEF2BFFFFFFE9FA1BFFFFF92FF11
:10596000A22FFFF204FFFFFFF400029EFE92000050
:1059700000000000FF300001CCFF40002DFFFF4081
:1059800003EFFFFF403FFFFFFF44FFFFFFFF9FFFCD
:10599000FFFFFFFFFFFFFFFFFFFFFFFFFFAFFFFF67
:1059A000FFFF45FFFFFFFF404FFFFFFF4003EFFFFB
:1059B000FF40002EFFFF300001CC0000000000007F
:1059C0000000000000008F910000000000FFFF7049
:1059D00000000000FFFFFD40000000FFFFFFFA1085
:1059E0000000FFFFFFFFF70000FFFFFFFFFFD500F4
:1059F000FFFFFFFFFFFFB2FFFFFFFFFFFFFDFFFF06
:105A0000FFFFFFFFFDFFFFFFFFFFFFB2FFFFFFFFF5
:105A1000FFD500FFFFFFFFF70000FFFFFFFA1000B8
:105A200000FFFFFD40000000FFFF70000000008E3F
:105A3000A1000000000000000000000000000000C5
:105A4000000000008FFFF8008FFFF8FFFFFF00FF4E
:105A5000FFFFFFFFFF00FFFFFFFFFFFF00FFFFFF54
:105A6000FFFFFF00FFFFFFFFFFFF00FFFFFFFFFF44
:105A7000FF00FFFFFFFFFFFF00FFFFFFFFFFFF0033
:105A8000FFFFFFFFFFFF00FFFFFFFFFFFF00FFFF24
:105A9000FFFFFFFF00FFFFFFFFFFFF00FFFFFF7F94
:105AA000FFF7007FFFF78FFFFFFFFFFFF8FFFFFF0C
:105AB000FFFFFFFFFFFFFFFFFFFFFFFFFFFFFFFFF6
:105AC000FFFFFFFFFFFFFFFFFFFFFFFFFFFFFFFFE6
:105AD000FFFFFFFFFFFFFFFFFFFFFFFFFFFFFFFFD6
:105AE000FFFFFFFFFFFFFFFFFFFFFFFFFFFFFFFFC6
:105AF000FFFFFFFFFFFFFFFFFFFFFFFFFFFFFFFFB6
:105B0000FF8FFFFFFFFFFFF80000000000CC100038
:105B100003FFFFD20004FFFFFE3004FFFFFFF40489
:105B2000FFFFFFFF54FFFFFFFFF9FFFFFFFFFFFF36
:105B3000FFFFFFFFFFFFFFFFF9FFFFFFFF44FFFF36
:105B4000FFF304FFFFFE3004FFFFD20004FFCC1080
:105B50000003FF00000000000000002DD200000044
:105B6000000001EFFE10000000001DFFFFD100004B
:105B70000000CFFFFFFC0000000BFFFFFFFFB000A5
:105B800000AFFFFFFFFFFA0009FFFFFFFFFFFF90DD
:105B90000FFFFFFFFFFFFFF008FFFFFFFFFFFF808A
:105BA00000000000000000000CFFFFFFFFFFFFC02F
:105BB0000FFFFFFFFFFFFFF00FFFFFFFFFFFFFF0F3
:105BC0000CFFFFFFFFFFFFC00000001A40000001B4
:105BD000DFF000001DFFA00001DFFA00001DFFA0A4
:105BE0000001DFFA00000CFFA000000DFF800000A4
:105BF00001DFF80000001DFF80000001DFF8000059
:105C0000001DFF80000001DFF00000001B5004A118
:105C10000000000FFD1000000AFFD1000000AFFDE2
:105C20001000000AFFD1000000AFFD1000000AFFC5
:105C3000C0000008FFD000008FFD100008FFD10059
:105C4000008FFD100008FFD100000FFD10000005BF
:105C5000B1000000000004FF400000000008FF80C9
:105C60000000000008FF800000000008FF80000026
:105C7000000008FF80000048888CFFC88884FFFF70
:105C8000FFFFFFFFFFFFFFFFFFFFFFFF48888CFFC5
:105C9000C88884000008FF800000000008FF800022
:105CA00000000008FF800000000008FF80000000E6
:105CB0000004FF40000014444444444441EFFFFF0B
:105CC000FFFFFFFEFFFFFFFFFFFFFF7BBBBBBBBB79
:105CD000BBB7000005ADFFDA5000000004DFFC8810
:105CE000CFFD4000007FFE400004EFF70007FFF407
:105CF000009E804FFF704FFFC000AFF80CFFF4DF35
:105D0000FF809AFFFE08FFFDDFFF80EFFFFE08FF28
:105D1000FD4FFFC08FFFF80CFFF407FFF408EE8083
:105D20004FFF70007FFE400004EFF8000004DFFC2E
:105D300088CFFD4000000005ADFFDA5000008C2048
:105D40000000000000000000DFE400000000000090
:105D500000001BFF8049DFFDA5000000007FFFFF62
:105D6000D88CFFD400000004EFF800004EFF700054
:105D700000001CFF69E804FFF70004E3009FFEFF3A
:105D800080CFFF400DFF7005FFFFE08FFFD00DFFBC
:105D9000F7002DFFE08FFFD004FFFC0000AFF8CF2D
:105DA000FF30007FFF400006FFFFF7000008FFF410
:105DB00000003EFFA00000004DFFC88201BFF700B9
:105DC0000000005ADFFC1008FFA0000000000000E7
:105DD00000004EFD000000000000000002C80000AE
:105DE00000002DD20000000000000000BFFB0000FA
:105DF000000000000005FFFF500000000000000D43
:105E0000FFFFD00000000000007FFFFFF700000050
:105E1000000001FFD88DFF10000000000AFFA00A5B
:105E2000FFA0000000003FFFB00BFFF300000000E8
:105E3000CFFFC00CFFFC00000005FFFFD00DFFFFEF
:105E40005000000EFFFFF99FFFFFE000008FFFFFF3
:105E5000E22EFFFFF80002FFFFFF9009FFFFFF1097
:105E60000AFFFFFFE33EFFFFFFA00FFFFFFFFFFF63
:105E7000FFFFFFF008FFFFFFFFFFFFFFFF800000B5
:105E8000000000000000000000000000D80000003A
:105E900000000000FF80FFFF700007FFFFF8FFFF1A
:105EA000F6006FFFFFFD788EFF15FFE8FFE20002AE
:105EB000E54FFE20FE20000013FFF300520000001B
:105EC0003FFF310052000002EFF45E20FE20788E8A
:105ED000FF51FFE8FFE2FFFFF6006FFFFFFDFFFF4E
:105EE000700007FFFFF8000000000000FF800000C6
:105EF00000000000D80000000000000000000000CA
:105F00000000000000000001DD10000000001DFF87
:105F1000D100000001DFFFFD1000001DFF99FFD13F
:105F20000001DFF9009FFD101DFF900009FFD1BFA8
:105F3000F90000009FFB5F9000000009F5000000E1
:105F400000000000000000000000005F9000000062
:105F500009F5BFF90000009FFB1DFF900009FFD16C
:105F600001DFF9009FFD10001DFF99FFD100000126
:105F7000DFFFFD100000001DFFD10000000001DD6B
:105F80001000000000000000000000000000000001
:105F900000000000001DD10000000000000001DF33
:105FA000FD10EFFFFFFFD0001DFFFFD1AFFFFFFF90
:105FB000F000CFCFFCFC0000000FF0006B1FF1B62B
:105FC0000000000FF000000FF0000000000FF000D4
:105FD000000FF0000000000FF000000FF0000000C4
:105FE0006B1FF1B6000FF0000000CFCFFCFC000FDC
:105FF000FFFFFFFA1DFFFFD1000DFFFFFFFE01DFD6
:10600000FD10000000000000001DD1000000000095
:106010000000000000008FFFFFE200000000FFFF13
:10602000FFFE20000000FFFFFFFFFFFFFFF8FFFF64
:10603000FFFFFFFFFFFFFFFFFFFFFFFFFFFFFFFF70
:10604000FFFFFFFFFFFFFFFFFFFFFFFFFFFFFFFF60
:10605000FFFFFFFFFFFFFFFFFFFFFFFFFFFFFFFF50
:10606000FFFFFFFFFFFFFFFFFFFFFFFFFFFF8FFFB0
:10607000FFFFFFFFFFF80000000BB0000000000072
:1060800000BFFB00000000000BFFFFB0000000009D
:10609000BFFFFFFB0000000BFFFFFFFFB000004F42
:1060A000FFFFFFFFF400000000FFFF000000000002
:1060B00000FFFF000000000000FFFF0000000000E4
:1060C00000FFFF000000000000FFFF000000DFFFF6
:1060D000F0DFFD0FFFFDFFFFF900009FFFFFFFFF57
:1060E000FFFFFFFFFFFFFFFFFFFFFFF0E0FFDFFF0E
:1060F000FFFFFFFFFFFD00000000000000000000A8
:10610000000000000AEA62000000000002FFFFF049
:1061100000000000009FFFFF00000000000FFFFFD5
:10612000D00000000002FFFFFB000000000003EFB2
:10613000FF70000000000004FFF2000000000000FB
:10614000BFFB0000000000006FFF300000020000F5
:106150004FFF9000028FF3006FFFD0000AFFFFE4B3
:10616000BFFFD10000EFFFFFFFFFD100000AFFFFDC
:10617000FFFF900000006FFFFFFB3000000002FFF8
:10618000DB72000000000008EE800000066108FFDE
:10619000FF80002DFFD0EF33FE002EFFF30EF33F04
:1061A000E02EFFF3008FFFFF6EFFF300008EFFFF76
:1061B000FFF300000002EFFFF3000000002EFFFFDE
:1061C00030000008EFFFFFFF300008FFFFF6EFFF91
:1061D0003000EF33FE02EFFF300EF33FE002EFFF3F
:1061E000308FFFF80002DFFD008EE800000066102F
:1061F0000000DFFFFF0D200000FFFFFF0FE20000A7
:10620000FFFFFF0FFDDFF0FFFFFF2000FFF0FFFFAC
:10621000FFFFFFFFF0FFFFFFFFFFFFF0FFFFFFFFAC
:10622000FFFFF0FFFFFFFFFFFFF0FFFFFFFFFFFF9C
:10623000F0FFFFFFFFFFFFF0FFFFFFFFFFFFF0FF9B
:10624000FFFFFFFFFFF0DFFFFFFFFDFFF900000092
:106250000000FFFFFFFFFF0000DFFFFFFFFD00006A
:106260008FFFFFFFFFC200FFFFFFFFFFFE20FF00C9
:10627000000001FFE2FF00000000FFFCFF00000043
:1062800000FFFFFF00000000FFFFFFFFFFFFFFFF19
:10629000FFFFFFFFFFFFFFFFFFFFFB11BFFFFFFF40
:1062A000FFF1001FFFFFFFFFF1001FFFFFFFFFFBDC
:1062B00011BFFFFFFFFFFFFFFFFFFF8FFFFFFFFF8C
:1062C000FFF812222222222221FFFFFFFFFFFFFF01
:1062D000FFFFFFFFFFFFFF122222222222210000E8
:1062E000000000000012222222222221FFFFFFFFD5
:1062F000FFFFFFFFFFFFFFFFFFFF122222222222EC
:10630000210000000000000012222222222221FF90
:10631000FFFFFFFFFFFFFFFFFFFFFFFFFF12222234
:10632000222222218FFFFFFFFFFFFFF8FFFFFFFF69
:10633000FFFFFFFFCFFFFFFFFFFFFFFC09FFFFFF96
:10634000FFFFFF90D25FFFFFFFFFF52DFF62CFFF42
:10635000FFFC26FFFFFA18FFFF81AFFFFFFFE34DB1
:10636000D43EFFFFFFFFFF8118FFFFFFFFFFFFFF8E
:10637000FFFFFFFFFFFFFFFFFFFFFFFF8FFFFFFF9D
:10638000FFFFFFF800DFFFFD000001FFFFFC000042
:1063900003FFFFF7000006FFFFF2000008FFFFD039
:1063A00000000AFFFFFFFFD00CFFFFFFFFA00EFF62
:1063B000FFFFFF200DFFFFFFF80000000AFFE000D5
:1063C00000000EFF500000002FFC000000005FF3F3
:1063D000000000009FA000000000DF10000000008F
:1063E000D70000000004EE40000000DFFF99FFFD31
:1063F0000000FFFF99FFFF0000FFFFFFFFFF00000D
:10640000FFFF9000000000FFFF0DFFFF0D20FFFFCA
:106410000FFFFF0FE2FFFF0FFFFF0FFDFFFF0FFF5B
:10642000FF2000FFFF0FFFFFFFFFFFFF0FFFFFFF3A
:10643000FFFFFF0FFFFFFFFFDFFF0FFFFFFFFF006B
:10644000000FFFFFFFFF00000FFFFFFFFF00000D29
:10645000FFFFFFFD000000CC000000000002FF3045
:1064600000000001BFFFFC2000001EFFFFFFE10055
:10647000009FFFFFFFF80000EFFFFFFFFD0000FFA0
:10648000FFFFFFFF0001FFFFFFFFFF0003FFFFFF14
:10649000FFFF3008FFFFFFFFFF801EFFFFFFFFFF32
:1064A000E1CFFFFFFFFFFFFCCFFFFFFFFFFFFC007F
:1064B00000000000000000000EFFE00000000004EB
:1064C000EE4000008FFFFFFFFFFFFFFFF8FFFFFF21
:1064D000FFFFFFFFFFFFFF00F00F00F00F00FFFFC7
:1064E00000F00F00F00F00FFFFFFFFFFFFFFFFFFB7
:1064F000FFFFF808808808808FFFFFF80880880871
:10650000808FFFFFFFFFFFFFFFFFFFFFFF00F00097
:1065100000000F00FFFF00F00000000F00FFFFFF72
:10652000FFFFFFFFFFFFFF8FFFFFFFFFFFFFFFF8F2
:106530000000000000000000000000000000000358
:10654000AF70000000000004CFFFF0000000000664
:10655000DFFFFFA000000017EFFFFFFF3000001873
:10656000FFFFFFFFFC00002AFFFFFFFFFFF4000812
:10657000FFFFFFFFFFFFD0000FFFFFFFFFFFFF60E8
:106580000008FFFFFFFFFFFE000000000000FFFF0C
:10659000F7000000000000FFFFF100000000000015
:1065A000FFFF80000000000000FFFF10000000005F
:1065B0000000FFFA00000000000000FFF2000000F1
:1065C000000000008F8000000000000000000000BC
:1065D0000000DFFFFFF0D200FFFFFFF0FE20FFFF13
:1065E000FFF0FFE2FFFFFFF0FFFDFFFFFFF2000003
:1065F000FFFFFFFFFFFFFFFFFFFFFFFFFFFFFFFFAB
:10660000FFFFFFFFFFFFFFFFFFFFFFFFFFFFFFFF9A
:10661000FFFFFFFFFFFFFFFFFFFFFFFFFFFFFFFF8A
:10662000FFFFFFFFFFFFFFFFFFFFFFFFDFFFFFFF9A
:10663000FFFD000000000000000000000000049CBE
:10664000EFFEC94000000007EFFFFFFFFFFE7000F4
:1066500004DFFFFCA88ACFFFFD406FFFD5000000DC
:10666000005DFFF6CFF60000000000006FFC1A305E
:10667000005ADFFDA50003A100004DFFFFFFFFD47E
:1066800000000005FFFEA88AEFFF50000001DF7048
:10669000000007FD100000001200000000210000B3
:1066A000000000004EE40000000000000000EFFECB
:1066B0000000000000000000EFFE000000000000ED
:1066C00000004EE4000000008FFFFFFFFFFFFFFF10
:1066D000FF80FFFFFFFFFFFFFFFFFFF0FF00000055
:1066E000000000000FFDFF0FFFFFFFFFFFFF0FFF88
:1066F000FF0FFFFFFFFFFFFF00FFFF0FFFFFFFFF89
:10670000FFFF00FFFF0FFFFFFFFFFFFF0FFFFF0077
:106710000000000000000FFDFFFFFFFFFFFFFFFF75
:10672000FFF08FFFFFFFFFFFFFFFFF808FFFFFFFE7
:10673000FFFFFFFFFF80FFFFFFFFFFFFFFFFFFF0F7
:10674000FF000000000000000FFDFF0FFFFFFFFF34
:10675000F0000FFFFF0FFFFFFFFFF00000FFFF0F34
:10676000FFFFFFFFF00000FFFF0FFFFFFFFFF00044
:106770000FFFFF000000000000000FFDFFFFFFFF04
:10678000FFFFFFFFFFF08FFFFFFFFFFFFFFFFF8017
:106790008FFFFFFFFFFFFFFFFF80FFFFFFFFFFFFF8
:1067A000FFFFFFF0FF000000000000000FFDFF0FE3
:1067B000FFFFFF0000000FFFFF0FFFFFFF000000C3
:1067C00000FFFF0FFFFFFF00000000FFFF0FFFFFB4
:1067D000FF0000000FFFFF000000000000000FFDA1
:1067E000FFFFFFFFFFFFFFFFFFF08FFFFFFFFFFF38
:1067F000FFFFFF808FFFFFFFFFFFFFFFFF80FFFF17
:10680000FFFFFFFFFFFFFFF0FF00000000000000A0
:106810000FFDFF0FFFF0000000000FFFFF0FFFF064
:106820000000000000FFFF0FFFF00000000000FF6D
:10683000FF0FFFF0000000000FFFFF00000000004E
:1068400000000FFDFFFFFFFFFFFFFFFFFFF08FFFC7
:10685000FFFFFFFFFFFFFF808FFFFFFFFFFFFFFF37
:10686000FF80FFFFFFFFFFFFFFFFFFF0FF000000C3
:10687000000000000FFDFF000000000000000FFFFF
:10688000FF0000000000000000FFFF00000000000B
:10689000000000FFFF000000000000000FFFFF00ED
:1068A0000000000000000FFDFFFFFFFFFFFFFFFFE4
:1068B000FFF08FFFFFFFFFFFFFFFFF8000000000E2
:1068C000000100000000000000000007FD100000B3
:1068D0000000000001CFFFF500000000000000B93B
:1068E00029FE100000000000003F10020000000020
:1068F00003DF800A90000000037000DFFF77F75588
:106900005555558FD30FFFFDCCDFDCCCCCCDFFB080
:106910008FFE1000AA0000004D400046100001F25A
:1069200002331000000000000009B1CFF9000000A0
:10693000000000000AFFFF900000000000000000BF
:10694000BFF900000000000000000122000000006C
:1069500018DFFD920002EFFBEFFF300DFFFA2EFF74
:10696000E04FFFFA03FFF59FFAFA354FFACFC08ADE
:106970003D0BFDEFFB03128FFEFFFFB006FFFFFF95
:10698000FFD108FFFFEFFD11109FFFDFD1593B0B37
:10699000FDAFD7FA381DFB5FFFFA01DFF70DFFFAF5
:1069A0001DFFF103EFFCDFFF500018DFFEA3000026
:1069B000007FFFF70000EFFFFFFFFFFFFEEFFFFF8D
:1069C000FFFFFFFE000000000000000FFFFFFFFFC1
:1069D000FFF00FFFFFFFFFFFF00FF99F99F99FF006
:1069E0000FF88F88F88FF00FF88F88F88FF00FF876
:1069F0008F88F88FF00FF88F88F88FF00FF88F8856
:106A0000F88FF00FF88F88F88FF00FF99F99F99FA2
:106A1000F00FFFFFFFFFFFF008FFFFFFFFFF800009
:106A200000000000007FA00000000000008FFFB009
:106A300000000000000DFFFFA0000000008A1DFF05
:106A4000FF000000008FFA1DFF700000008FFFFAAA
:106A50001D800000008FFFFFFA000000008FFFFF85
:106A6000FF800000008FFFFFFF800000008FFFFF0E
:106A7000FF800000008FFFFFFF800000006FFFFF1E
:106A8000FF800000000BFFFFFF8000000000DFFF21
:106A9000FF80000000000EFFFF800000000000DE0D
:106AA000DB600000000000000000000000000000AB
:106AB00000001BFFFFFFFFFFFFE40001DFFFFFFF00
:106AC000FFFFFFFE001DFFFFFAEFFEAFFFFF01DF3C
:106AD000FFFFA02EE20AFFFF1DFFFFFFE202202EB4
:106AE000FFFFCFFFFFFFFE2002EFFFFFCFFFFFFF03
:106AF000FE2002EFFFFF1DFFFFFFE202202EFFFF3F
:106B000001DFFFFFA02EE20AFFFF001DFFFFFAEFEB
:106B1000FEAFFFFF0001DFFFFFFFFFFFFFFE0000F2
:106B20001BFFFFFFFFFFFFE40008FFFFFFE4008FF4
:106B3000FFFFFFFE08F80F0B40FF8FF80F0B40FF21
:106B4000FFF80F0B40FFFFFFFFFFFFFFFFFFFFFFFF
:106B5000FFFFFFFFFFFFFFFFFFFFFFFFFFFFFFFF45
:106B6000FFFFFFFFFFFFFFFFFFFFFFFFFFFFFFFF35
:106B7000FFFFFFFFFFFFFFFFFFFFFFFFEFFFFFFF35
:106B8000FFFE4EFFFFFFFFE40000000000000001D9
:106B90000000000000000003E00000100000000200
:106BA000EF1000BF000000007FF100CFF1000000F7
:106BB00007FF11CFFF77777777BFF1CFFFFFFFFF99
:106BC000FFFFFF17FFFFFFFFFFFFFFE007FFF100E1
:106BD000000000000006FF1000000000000005A0FB
:106BE00000000000000000000000000000000000A5
:106BF000000050040000000000005004030C0100DD
:106C000012004006050501071F00400B0B0C000099
:106C10006100F0090A1000FEB100800D0D0C0000AB
:106C2000FF00000B0B0D00FF470160030205010789
:106C30004C016005040F01FD6A017005040F00FDA1
:106C40008801600607070005A10150090808010234
:106C5000C101A003030500FEC901200606030003CD
:106C6000D201A00303030000D701A0050810FFFE16
:106C70001702B00A0A0C00005302F005050C0000D0
:106C800071023009090C0000A7022009090C00005C
:106C9000DD02B00A0B0C00001F033009090C0000D4
:106CA0005503E0090A0C000091039009090C00004B
:106CB000C703500A0A0C00000304E0090A0C000094
:106CC0003F04A003030900004D04A003030C00FDD2
:106CD0005F045009080801027F04500908060103F7
:106CE0009704500908080102B7043009090C000094
:106CF000ED049010100F00FD6505B00B0D0CFF00AA
:106D0000B305200C0B0C0100F505900B0B0C0000DB
:106D10003706300D0C0C01007F06C00A090C01007B
:106D2000B506300A090C0100EB06600C0C0C0000E3
:106D30003307000D0B0C01007507F004030C010074
:106D400087073008080CFF00B707800B0B0C010009
:106D5000F9078009090C01002F08400F0D0C0100F4
:106D60007D08000D0B0C0100BF08700D0D0C00001C
:106D70000D09900B0A0C01004909700D0E0F00FD62
:106D8000B209A00B0A0C0100EE09F0090A0C000080
:106D90002A0A60090A0C0000660AA00C0B0C01000C
:106DA000A80A600B0D0CFF00F60A0012120C00007E
:106DB000620BC00A0B0C0000A40B600A0C0CFF0055
:106DC000EC0B800A0B0C00002E0C5005050F01FD8A
:106DD000540CA0050810FFFE940C5005040F00FD94
:106DE000B20C500908070102CE0C0008080200FE90
:106DF000D60CA0090502010ADB0C90090909000064
:106E0000040DF00A0A0C0100400D200909090000D8
:106E1000690DF00A0A0C0000A50DD0090A0900004E
:106E2000D20DA005070C0000FC0D100B0A0C00FD94
:106E3000380EE00A090C01006E0E7004030C01000C
:106E4000800E9004060FFEFDAD0EE009090C010056
:106E5000E30E7004020C0100EF0EF0100F090100A8
:106E6000330FE00A090901005C0F300A0A0900002B
:106E7000890FF00A0A0C01FDC50FF00A0A0C00FD8B
:106E800001109006060901001C1000080809000006
:106E90004010A006070B00006710D00A0909010086
:106EA0009010F0080A09FF00BD10600E0F090000E5
:106EB0000111D008090900002A11F0080A0CFFFD91
:106EC00066115008080900008A11A005060F00FD90
:106ED000B711D004030F01FDCE11A005050F00FD71
:106EE000F4115009090500040B12B006060600064D
:106EF0001D1200050304010323120010101100FEEF
:106F0000AB120010100C00000B130010100E00FF4D
:106F10007B130010100C0000DB13000B0B0C0000A7
:106F20001D140010101000FE9D140010101000FE23
:106F30001D150012120E00FF9B150010101000FE10
:106F40001B160012120C000087160010101000FE15
:106F500007170008080E00FF3F17000C0C0E00FF7B
:106F600093170012121000FE23180010100C0000DE
:106F70008318000B0B1000FEDB18000E0A1002FE37
:106F80002B19000E0E1200FDA919000E0E0F00FFA6
:106F9000121A000E0E0E00FF741A000E0A1002FEE6
:106FA000C41A000E100EFFFF341B000A0A0E00FF69
:106FB0007A1B000A0A0E00FFC01B000E0E0E00FF17
:106FC000221C000E0E0400043E1C0012120C0000D5
:106FD000AA1C0014141000FE4A1D00121410FFFE1B
:106FE000EA1D0010101000FE6A1E000E0E0A0001BD
:106FF000B01E000E0E0A0001F61E0014140E00FF53
:10700000821F0010100C0000E21F0010101000FE84
:10701000622000101111FFFEF320000E0F0E00FF82
:107020005C21000E0E1000FECC21000E0E0E00FFA3
:107030002E22000E0E0E00FF90220010100C0000F9
:10704000F022000A0C10FFFE5023000E0E1000FE6E
:10705000C023000E0E1000FE30240012120C00009F
:107060009C2400101212FFFD3E25000C0C1000FEA7
:107070009E250014140F00FF34260014140A00018A
:1070800098260014140A0001FC260014140A0001BA
:1070900060270014140A0001C4270014140A000118
:1070A00028280014150E00FFBB28000E0C1001FE4E
:1070B0001B29000E0E1000FE8B2900101111FFFD80
:1070C0001C2A0014140C0000942A000C0C1000FE62
:1070D000F42A2010110B00010000721F51EF58EF2D
:1070E0005BEF5CEF5DEF61EF63EF65EF69EF6CEF16
:1070F00071EF76EF77EF78EF8EEF93EF98EF9BEFEE
:107100009CEF9DEFA1EFA2EFA3EFA4EFB7EFB8EFD5
:10711000BEEFC0EFC1EFC4EFC7EFC8EFC9EFCBEFD1
:10712000E3EFE5EF14F015F017F019F030F037F059
:107130003AF043F06CF074F0ABF03BF190F191F168
:1071400092F193F194F1D7F1E3F13DF254F2AAF404
:1071500012F7F2F7200000005F00010000000000BD
:107160000000000000000200B0000000F3F7600023
:10717000D8700308000000003E0003000000010278
:107180000003040502060708090A090A0B0C000D92
:107190000E0F101112130C141400000015161718FE
:1071A00019161A1B1C1D1D1E1F201D1D1621222312
:1071B00003241E2525262728292A2B002C002D2EC6
:1071C0002F303132332D343435302D2D2E2E3637AD
:1071D0003839333A3A3B3A3C290000093D0900006E
:1071E000000000000000000000000000000000009F
:1071F000000000000000000000000000000000008F
:10720000000000000000000000000000000000007E
:107210000000000000000000000000000102000368
:10722000040502060708090A090A0B0C0D0E0F10C7
:10723000110C121314151500000016171819171940
:1072400019191719191A1919191917191719031BC7
:107250001C1D1D1E1F202122230024002526272758
:1072600027002726282926262A2A272A272A2B2CC0
:107270002D2E2E2F2E300000230931090000000092
:1072800000000000000000000000000000000000FE
:1072900000000000000000000000000000000000EE
:1072A00000000000000000000000000000000000DE
:1072B00000000000000000000001000000000000CD
:1072C00000010000030000000002000000000000B8
:1072D00000000000000000000000010000000000AD
:1072E000000000000000000000010C0007FA000090
:1072F0000000F2F1020C0604F6020D010B03080077
:10730000000000000000000000000F02FE0000006E
:107310000000000000000000000500F80000000070
:1073200000FB04050000FD00FE0300FD00FDFFFB67
:1073300000000000FD0000FDFC0000FD00FB00005F
:1073400000000000000000FDFD00FC00F900E1006D
:1073500000FB0005080000FB03030805FC05000016
:10736000F10000000000000000000000F700000035
:107370000000000000000000000000F9FDF300F62E
:10738000FE00000000010A00F8FEFF0100FC000002
:10739000FEED0000000000000000000000ECFE0A0E
:1073A000000000000000000000000000F6000000E7
:1073B000000000000000000800030000FB000000C7
:1073C00000000000000000000000000000000A02B1
:1073D00001000000000000000000000000000000AC
:1073E000000000000000000000000000000000009D
:1073F0000000000000000000F70000000000000096
:10740000000000000000000000000000000000027A
:10741000050308FD000005FDF8DD02070501FD007C
:10742000090008000800E800FD080008FD05030049
:107430000001FD0000FC1400140008000B03040808
:10744000000000F70000000001FE0002FBFDFB024F
:1074500000FD000000F60000000000000000000039
:1074600000EF00000000000000000000000000002D
:107470000001F200F000000000FE0019FDFD030312
:10748000FE00FD030000F20000000000000000000C
:107490000000E70003000000000000000000000002
:1074A00000F0000F0000F7000800EFE7EFFB080016
:1074B00000EF0003FA00FC000000000000000000E4
:1074C0000000000708E100000000000000000000CC
:1074D00000000C000200000000000202FDFB00FFA3
:1074E000FFFD0000FE000000FB00FE00FAFB00FABA
:1074F000F8F8FB00FB00FB00000000FE00000300AA
:1075000002FD000100000003FE000000FE0303FF77
:10751000000000FB00FF0000000000010003FE006F
:10752000FD00FC0000FE00080000FD00000000005F
:10753000FF01FEFE0000FD00FD0000000000000055
:107540000000FFFF00FDFD0000000000010000FE44
:1075500000FDFDFD000000000000000000FE000036
:107560000000FEFD00FC00F8FEF8050000FB03052E
:107570000700FAFFFD00FFF403FE02F20300000122
:10758000F300F2FEEAFE00F300050700030000002E
:10759000000100FBFD00F8000000FD000000FD0000
:1075A00000000000FFFF00FFFD00000000000000E1
:1075B000FDFD00FEFDFE0000FD00000000000000DB
:1075C00000000000FEFE00FD00FE00FB030000FDC9
:1075D000010303000000000000FE000000000002A4
:1075E0000000FD00FDFEFD000000000000000200A4
:1075F000FE00000000FDFC00FB0008FE01F800009A
:1076000007F3F3F5FB0300FEEFFB00FB00FB04FBBD
:10761000F000F9000001FF02FE000300F8F600F39D
:10762000FAFBFAF8FDF9FFFBF902000100FD00008A
:10763000000200030000000000000000000000FD48
:1076400000FF00FFFD00FCFAFAFF00F80000000058
:107650000000FE0000000001FE000000030000002A
:1076600000000000000C000000000000020000000C
:10767000FD0000000000000000000000FB0003000F
:10768000000000000000000000000000FE000000FC
:10769000FB00000000F3F8000000FCF30000FD0315
:1076A00000F900000000000000000000FC0000FBEA
:1076B0000000000000000000000000000300FB00CC
:1076C000000000030002FBFB00FDFDFD00000000C8
:1076D0000000F800FD00FCFD00FAFAF8FE00FB00D7
:1076E000F800000000140000010000FD000300F598
:1076F0000000000000E8FB0808FEF50003FC00F3B2
:10770000FFFD03EEFD030004F7FCF7F8F50000F1C0
:10771000000F0000FF000000FFFFFDF9F8FFE80088
:107720000000000000000000010000000000000058
:10773000000000000000000000FD00FFFDFC000054
:10774000FB00FD0000000000000000000000000041
:107750000000FF00FB000005FF0300FA03FEFFF935
:10776000FD00FDFDFE00FCFC0000FEFFFEFCFD0038
:1077700000FD0003FE00FA000000FB00FC00FCFC22
:10778000030000000000000000FB0300FC00FEFD01
:10779000F8FEFEFEFFFEFDFF0000000000FDFEFE05
:1077A0000000000003FE00FE000000FEFDFEFEFDE6
:1077B000FE00020AFF00F900FE0500FDF5FD0400D1
:1077C00000F4FC03FC0200FEFEF800FC010000FCDB
:1077D0000000000303FBFB00FCFDFCFDFD00FC01C1
:1077E000FBFC080000000000000000000300000097
:1077F0000000000000000000000000000000000089
:1078000000000000FC00000000000000000000007C
:107810000000000000000000000000000000000068
:107820000000000000000000000000000000000058
:10783000FE0000000000000000000000000000004A
:107840000000000000000000000000000000FEFD3D
:10785000000000000000000000000000FC0000FD2F
:107860000000FDFD00000000FD00000000FF000022
:10787000000000FE00000000FC00FB000000F8001B
:1078800002FA0501FEF40000FAFD00F6FAF9000024
:10789000F5FDF6F6F400F9000211FD00FAFDFFFD1A
:1078A000FCF9FBF7F6FAFD0000FE00010000EEFE19
:1078B0000806FAF70001F800F3FEFD05E8FD0100F7
:1078C00000EFFDF3FDED0000EE000F0100FE0000F3
:1078D0000000FFFEF6FE00EF00000000F800FE00D2
:1078E000FFF9F40000FFFCF8FD00FE00000000F4CA
:1078F000FDF8F8FEFCFAFDFC00FBFEF8FC00FDFBC9
:10790000FDFB000100FEF8000500FB000000000385
:107910000002FB0A00FDFDFD000000000000F80071
:10792000FD00FCFD00FAFAF8FE00FB020A00000070
:1079300000140000010000FD000300000000000032
:107940000000FF0000000000FEFB0000000000FF40
:10795000000000FDFD0000FBFD0000FB0004FF0037
:1079600000000000000100000000040502FE00F815
:10797000FC0008F8F8FBFB0A0503EAFE05FD00FD24
:1079800003FDF700FD03FDFEF8FE0000080500F909
:1079900000F2FD07FDF601FDF8F8FD0A0300FC000A
:1079A000F9000208FAF7F6FA080001EDFE03FCFE02
:1079B000FA00FAF7FCFCFE0000FAFBFD000806FDE9
:1079C000F200F2FC00F7F1FFF8FCF8F9070000FD07
:1079D00000FBFE00FDFB0004F8030000F200FDFACE
:1079E000FCFEF8FAF8FA00F8FDFAFBF8FD000001D9
:1079F0000CFC00F8FD00FDFBFAF9F9F6FDFB0500B3
:107A0000FC00F3FD0205F8F7FBF808FD01E8FB05B3
:107A1000FAFCF700F8F5FDFDFEFDFBF8FF0000089D
:107A200007FEEF00F1FA06F6EFFBF7F5F3F80500B5
:107A3000000000FD000003FD0502FB050000F8FF4B
:107A400000FF000101FE000000000000FD0000003A
:107A50000002080100FD00000000FEFEFD00000025
:107A60000102000000000200FE000A00050101FD05
:107A700000050000000200000000000000000000FF
:107A800000080007000000000000000000000000E7
:107A90000000F100FD04000800001903FBFB0303D4
:107AA000FE01F300000CF1000000000000000000E7
:107AB0000000EF0A240000000000000000000000A9
:107AC00000F10000000000000000000000000000C5
:107AD000000000000000000000000000FC0000FBAF
:107AE000FE00000000000000000000000000000098
:107AF00000000000FE00F900000100000321FBFE71
:107B00000807F90300000303FD0000000000000067
:107B100000000000DF07000000000000000000007F
:107B200000000000000000F9000000F90000000063
:107B3000FAFF000000FA00FD00F400000000000061
:107B40000000000000EF0000000001000000000045
:107B500000FD0000FB00FC00F9000000FC03FD003C
:107B600000F9FDFA0000F900FD00F400FD0000EB53
:107B7000FBF6FDF70000EF00F9FF00000000000039
:107B80000000FCFBFEFC00000000FA00FA03FD050B
:107B900000FEFAFEFCFB00FDFFFE02F9FF00000004
:107BA000E9FEFC00FA00FEF4FE0000FEFE0000000C
:107BB000000200FEFCFE04000000000000000000C7
:107BC00000000000000000000000000000000000B5
:107BD00000000000000000000000000000000000A5
:107BE000000003000000000000FA00FE000000FB9F
:107BF00003000000F9FDFB0000F900FD00F40000A7
:107C00000000E700FBF7F30000EF00FEFC000000BF
:107C10000000000000FDFCFFFC01000004FD000866
:107C20000DFDFDF8030D0406F9030B03070607001D
:107C300000000000000000000000100CFBFD00FE32
:107C4000140B14000000030000090000FC000000F9
:107C5000000000000000FE00000000000000000422
:107C600000000000EAFDFEF6F30000EF0000000057
:107C700000000000000000000000000000FC000008
:107C800000000000000000FE0000000000000000F6
:107C90000400000000EAFDFEF6F30000F60000001C
:107CA00000000000000000000000000000000000D4
:107CB000FE000000FA0300FD020503F800FFFE03CA
:107CC000000200000000FA00FEFEFB00FEF60010BD
:107CD000FD00FAFE00FEFC00FDF9FBFD000000FCCB
:107CE000000000000000000000FE00000000000096
:107CF00000000400000000EAFDFEF6F30000EF00C3
:107D000000000000000D0000000000000000000066
:107D1000FC00F8FDFE08FEFDF601FE01FEF901067D
:107D200001020102FAF6FD00F6FBF9F5F600FCFB94
:107D3000FDFDFEFEFDFE00FEFF040004FE00080047
:107D40000000000000000000000000FEFDFD00003B
:107D5000F900FF00FC00000000000000000000002F
:107D6000F10000000000000000000000FDFD00FD2B
:107D700000000000FE0000FCFD0300FCFBFE00F91B
:107D8000FEFAFEFD00FC0000000000000000000004
:107D900000EF00080000FB00000000FD00FD0000F7
:107DA000FF0000FE00FA00000BFDF8F8020303FFDD
:107DB000F9020402080208FEF90000F60000F8F9D2
:107DC0000000FB00FDFC00FC00FC00FE0400FEF8CF
:107DD000FD090000FE00FB000003FA0003FD0200A5
:107DE00000F800FEFF00FD03FE000000F6FDFA00B3
:107DF000F80000F40009FD00FB000200FD00FDF8A2
:107E000000FD0300000000FE000003FD010000FD76
:107E1000FE00FD0000000000000000000000000067
:107E200000000000F000060000FE0000000001005D
:107E3000FDFD0000000500060000000000F0F1015B
:107E40000B0804F6020B000900050000000000000A
:107E500000000000000E0000000000000000000014
:107E60000000000000000000B87203087C710308E5
:107E70001A7203083D31000094400308E86B0308C0
:107E800054710308687E030810000228C8C001204E
:107E90009DE70108C1E601081200030000FF010090
:107EA000787E03080000000000000000F206E8EC05
:107EB000993661D63A9624BE055E05FA04B14D6A3C
:107EC0008E09CEE7FF47FE00FCC0FAA47AA963F151
:107ED0009CF3EA8AE38EECD3FE7AFF5DEA0FF3129D
:107EE000F476FDDAFF3DAA37BB59CC9BE5FCF73EA3
:107EF0007AB893B9B4FBD63DEF3E5B587C399D5BB5
:107F0000C65DEF5E453E65BE965FBEFFE79F2DBE38
:107F10004E1E86BFB73FE7BF263B4E9C86FDB75E31
:107F2000E7BF25334DB58658B6FBE79E65CD863055
:107F3000A6B4CF39EFBD9E6CAEB0C714DF79F7DDC4
:107F4000D70ADF2EE773F7B8FFDCFF6BFF8EFFB3B6
:107F5000FFD8FFFCFE45FEA9FF10FF76FFDCFD24E5
:107F6000FDA9FE70FF16FF9CFB88FC4CFD52FE77BE
:107F7000FF5C8B6CA44FBD54D679EF5D7C93953537
:107F8000B5F8CEDBEF7EBDF7E71CEF7DF7BEFFDF78
:107F9000E1C6D165C145B0E3D8CCC0CBA8AA8869F9
:107FA000893578F468D348B159B65175413430D227
:107FB0003A5531F329B2190F1C5C1BBA13380A3435
:107FC00004DC045A03B702B3057804B40411030CAB
:107FD000044F03CD034B026845083C672BE61AE4C7
:107FE0007D886CE754453343C646ADA59CE483A227
:107FF000FEC6FE05FD44F3E2FD80FD00FC60FB6073
:10800000FC60F3E0EB60E280F283E243DA02B9A1C4
:108010006A685A0649A53924536F42CC3229218710
:1080200073AE630C4208210400003C027804B306DE
:10803000EE08280B610D990FD01106143A166C1832
:108040009D1ACB1CF71E212148236C258E27AC29B5
:10805000C72BDF2DF32F0332103418361C381C3A8F
:10806000173C0E3EFF3FEC41D443B64593476A4967
:108070003C4B084DCD4E8D504652F953A5554B57AC
:10808000EA58825A135C9C5D1F5F9A600D627963A7
:10809000DD6439668D67D9681D6A596B8C6CB76D64
:1080A000D96EF36F04710C720B730174EE74D27598
:1080B000AD767F7747780679BB79677A0A7BA27BB2
:1080C000327CB77C337DA57D0D7E6C7EC07E0B7FC0
:1080D0004B7F827FAF7FD27FEB7FFA7FFF7F0000F5
:1080E0000000000000040404040404040404040068
:1080F0000000000006060606060605000000000057
:10810000000000000000000000000000020000006D
:108110000000000000000400000200020200000055
:108120000000000002020202000200000002000043
:108130000000000002000000000101050505010526
:108140000000000000100101000000001002020CFD
:108150000C12120000000000300303089385010890
:108160000000000000000000BD87010800000000C2
:108170004104000030030308E59001083391010831
:10818000000000005191010804010D0000060000EC
:1081900030030308BF930108000000000000000046
:1081A00000000000D127D12744020000300303085B
:1081B000599401089594010800000000AD9401084D
:1081C000040182008503000030030308A9A301080D
:1081D000E1A3010800000000B1A50108D127D127C3
:1081E000C40200003003030869DF010809E0010848
:1081F000000000002DE001088200D12705040000E6
:10820000300303085FE5010891E501080000000064
:10821000A9E101080000000080020000300303080B
:10822000E3F0010803F90108000000002DF901083E
:10823000D127D127C0030000300303083D03020803
:10824000B903020800000000FD030208D127D1276E
:10825000C0040000300303083D14020800000000C1
:108260000000000051140208D127D127C0020000ED
:1082700030030308DD620208000000000000000077
:1082800055630208D1278200C50200003882030826
:10829000000000000000000000000000BD640208B3
:1082A00000000000C004000074810308C9680208CF
:1082B000000000000000000021690208000000002A
:1082C00085070000300303085B7902088379020800
:1082D000000000008D79020834001E0084020000B6
:1082E00030030308E97A0208257B02080000000039
:1082F000857B0208D127D1278503000030030308BE
:10830000DD8102080F8402080000000039840208A1
:108310000401820044060000506C6561736520759D
:10832000736520746865207374796C757320636C51
:1083300069636B207468652063726F7373206F6E5E
:10834000207468652073637265656E2E54686520BD
:1083500063726F73732077696C6C20616C776179DD
:1083600073206D6F766520756E74696C2074686516
:108370002073637265656E2061646A7573746D65E0
:108380006E7420697320636F6D706C657465642E04
:10839000000000000A000000393630300A3139325E
:1083A00030300A33383430300A35373630300A311D
:1083B00031353230300A3233303430300A343630EE
:1083C0003830300A393231363030000030783330CE
:1083D0000A307834300A307835300A307836300A4E
:1083E000307836380A307837300000004949433158
:1083F0000000000043414E3100000000555341523F
:108400005431000031000000310A32004949433242
:1084100000000000535049320000000043414E323A
:108420000000000055534152543200003200000059
:1084300053504933000000003300000034000000B6
:1084400035000000310A320A330A340A350A360A86
:10845000370A380A390A31300A31310A31320A31E1
:10846000330A31340A31350A31360000320A340A0F
:10847000380A31360A33320A36340A3132380A328F
:10848000353600003600000037000000310A320A9D
:10849000330A340A350A360A370A38003800000031
:1084A000320A31362F390000390000004100000047
:1084B00042000000430000004400000045000000AE
:1084C000460000004F4B00004E6F6E650A45766512
:1084D0006E0A4F64640000005374616E64617264DC
:1084E0000A457874656E6465640000003120456457
:1084F00067650A322045646765000000446973615E
:10850000626C650A456E61626C6500004C6F770AAB
:1085100048696768000000004E6F726D616C0A4C1C
:108520006F6F706261636B0A53696C656E740A5396
:10853000696C656E74204C6F6F706261636B0000D4
:1085400043616E63656C00003820626974730A31A0
:1085500036206269747300003820626974730A39C6
:108560002062697473000000313030206B487A0A51
:10857000343030206B487A00EF959A0000000000FC
:1085800020000000312300002C0000002D0000001E
:108590002E0000003A000000414243005F0000004E
:1085A0006100000062000000630000006500000040
:1085B000660000006700000068000000690000001D
:1085C0006A0000006B0000006D0000006E000000FB
:1085D0006F000000700000007100000072000000D9
:1085E00074000000750000007600000077000000B5
:1085F00078000000790000007A000000EF808C0015
:10860000EF819300EF819400EF849C00EFA2A20021
:108610004700000048000000490000004A00000038
:108620004B0000004C0000004D0000004E00000018
:108630004F000000500000005100000052000000F8
:1086400053000000540000005500000056000000D8
:108650005700000058000000590000005A000000B8
:10866000616263002100000022000000230000007E
:108670002400000025000000260000002700000064
:1086800028000000290000002A0000002B00000044
:108690002F0000003B0000003C0000003D000000F7
:1086A0003E0000003F000000400000005B000000B2
:1086B0005C0000005D0000007B0000007D00000009
:1086C0002B2F2D00536100005765000054680000F7
:1086D0004D6F000046720000537500005475000095
:1086E0004A756E65000000004D617263680000000D
:1086F000417072696C000000446563656D6265726B
:108700000000000053657074656D626572000000C2
:108710004E6F76656D626572000000004F63746F86
:108720006265720041756775737400004D61790070
:108730004A756C79000000004A616E7561727900BB
:108740004665627275617279000000003230323322
:108750000A323032320A323032310A323032300AA2
:10876000323031390A323031380A323031370A3258
:108770003031360A323031350A323031340A323053
:1087800031330A323031320A323031310A3230314B
:10879000300A323030390A323030380A323030372D
:1087A0000A323030360A323030350A323030340A4C
:1087B000323030330A323030320A323030310A321D
:1087C0003030300A313939390A313939380A3139DA
:1087D00039370A313939360A313939350A313939B7
:1087E000340A313939330A313939320A31393931B8
:1087F0000A313939300A313938390A313938380AC9
:10880000313938370A313938360A313938350A3191
:108810003938340A313938330A313938320A313982
:1088200038310A313938300A313937390A31393774
:10883000380A313937370A313937360A313937355D
:108840000A313937340A313937330A313937320A84
:10885000313937310A313937300A313936390A314D
:108860003936380A313936370A313936360A31392C
:1088700036350A313936340A313936330A31393628
:10888000320A313936310A313936300A313935391F
:108890000A313935380A313935370A313935360A2E
:1088A000313935350A313935340A313935330A3100
:1088B0003935320A313935310A313935300A3139F1
:1088C00034390A313934380A313934370A313934D4
:1088D000360A313934350A313934340A31393433CE
:1088E0000A313934320A313934310A313934300AF3
:1088F000313933390A313933380A313933370A31AA
:108900003933360A313933350A313933340A31399A
:1089100033330A313933320A313933310A31393399
:10892000300A313932390A313932380A313932377D
:108930000A313932360A313932350A313932340A9C
:10894000313932330A313932320A313932310A316E
:108950003932300A313931390A313931380A31394D
:1089600031370A313931360A313931350A31393145
:10897000340A313931330A313931320A313931313E
:108980000A313931300A313930390A313930380A4F
:10899000313930370A313930360A313930350A3118
:1089A0003930340A313930330A313930320A313909
:1089B0003031000030310A30320A30330A30340AA4
:1089C00030350A30360A30370A30380A30390A3141
:1089D000300A31310A31320042746E310000000039
:1089E00042746E320000000042746E3300000000DA
:1089F00042746E340000000042746E3500000000C6
:108A0000408A030800000020D80F00003C06000840
:108A10003095030800C00120540100003C06000806
:108A200030950308D80F0020D87C0100BE830008D1
:108A3000BC95030854C101205C0B0000BE830008F4
:108A400041320182105324F463FFFF23D7E81E7DD7
:108A5000F8450849022B51F8061C45084510100A34
:108A600069085108410847FE4023B7F1137FFC1302
:108A7000800112032009056009183104C1023C1F5E
:108A8000F01001290813D4F2B809047F044104410D
:108A9000244902101614241204210440948088B53D
:108AA000C820403F7E48908508011C3FF801923362
:108AB000FFFE100A207FFC0820042004A0180D40AF
:108AC000B4FD08400840104023FC4808180E17FE6B
:108AD0003010501097FE101012101102190D1C20AA
:108AE000D6D8C53BF83F3C1A01801A117C290449AD
:108AF00052295014D0C2101508047F78180D402256
:108B0000401440FF7E084808487F04180E2A484950
:108B100048888828881108C8E7104519023D7CFE5E
:108B20004422021808424424441444080416227CB7
:108B300042448023C9EE180C27FC140414A48110AD
:108B400042084092100F17FC2040E0E021502248DC
:108B50002C462040480840DBDA11041124025AFD5B
:108B6000082902180E1D24E124422402040404CA28
:108B7000D002A6212B7FFCEA29A05B2108022C2829
:108B800021101213BAE8101E108020407C1F44846C
:108B90006444544444044C2440447EC40247025C70
:108BA0007A4802400A1C04D1B68819E01C11100151
:108BB000022DF11017D00C1902C80C12150A190A4F
:108BC00011060102B5E75E9908160A010201021CAE
:108BD000FED7D3841AF8EF122015400180014BFF15
:108BE000FE324902120512021AD3AA1A02181204FE
:108BF0001204280D0FF0081018102FF048108810DC
:108C00000C190226500820CFDE180A7BF84A0852B9
:108C10000853F8620610124BF84A444A486A305228
:108C2000204210428843064213B9AB1B800402184D
:108C30000D08400840102020104208820650200AEB
:108C400040082010203FF0101023CBBE133FF81235
:108C5000082C087FE8061B1F88633902290A1112B5
:108C6000281C10CDBCAA1820FC4204420447E44C46
:108C7000445284410446C4783C4304408446044141
:108C8000847FFC4004D0CE22680E841204120812A5
:108C90001012221202FFC40A2813220422084210D2
:108CA0008260D3A208200820FFFE0820DE2D1FF0DE
:108CB0001110022DFFFE02808C38083018C006CE3D
:108CC000C402FA1CFFFE1001292E16044002800186
:108CD000892213CAD4100A2820241024102007FE49
:108CE000280820F02017E01120461009151019CA95
:108CF000170A02062C02D6D04229026D3FF821083D
:108D000002290C691813B2E2180B0427C414441486
:108D100054855445021A150210112554E5542104B6
:108D20002284224424140808D2BA28248020401720
:108D3000FE11208120423C4244166412942348E2F2
:108D40004822302220225022880306BEA70FE0A02E
:108D50006906218F7EFC428442840623CFD42B1FD8
:108D6000F0C86906200F04404444244414481450B9
:108D70000440FFFE23CABE833FF82BFFFE9C19CCA4
:108D80001009082104410281020512022BC6C122EA
:108D9000196119C01F241022202FF880180B203FC2
:108DA000FC22204220442084191808D0FD20801085
:108DB00080103C12FE180921FC20243C2424A0022F
:108DC0002ABC06164560553E8A3CD7AA20012817C2
:108DD000FDFC4020504093FEFC40108011FC1C0420
:108DE000F088505010209A14B3CC081E1DFCF104DA
:108DF000110214FDFC101230180939FE54205420C1
:108E000091FC20152013FE1024D0F20115803FFEA6
:108E1000201B23F8133EA020402FFE832A4001137D
:108E200081401480C6AC5B4010021A1F4429022BFB
:108E30001FE0403A107E2D4020D0E8CC12011008EF
:108E40007FFE41029D74012B1D70F41A02141B2435
:108E5000880226A82010D2AA1F7FFC0440044014D8
:108E60002F4824483FF80210180E2008401C8003A9
:108E70008006703808D0A36019521411FEFC280E29
:108E8000108831043A0254885088905010CA181D36
:108E90005010881306D7BC01404120212023FE0238
:108EA0002016201BFC1220222023FCE206190813A6
:108EB000FE2212022BB4A590180A782049FC9124B6
:108EC0007D24550210107DFC552454207C28542408
:108ED00057FE45028C100CC3FE1110111017FC1127
:108EE00010FC00191613F8120817F81A0833F8D0F6
:108EF0004017FC10A0111052082406A3AC1A30022F
:108F00001210322013C7EB100A40404027FC2040CB
:108F100003F81540E7FE202D23F8220804180C2B37
:108F2000F8320822280210B5E3028E12022B03FC4D
:108F3000061B3FF0D71902233FF0100C248822446F
:108F400042448004BBF70129024B3FF8082BFFFE87
:108F5000064B210802133FF82408C4BB1E3FF8202B
:108F600008200E1808241022202FF80426100C11B7
:108F7000103FF8D116115011200113B6C119EE158A
:108F800011FC1020101B2003FEF002109410501151
:108F900010109013FE1428184410820302BACD0456
:108FA000120E1278180E087C0844FF440844184436
:108FB0001C442A021C484488121208120814D1D5F5
:108FC000101C08FE7F60280B147C7F4444544854D6
:108FD000525406280D51544228442488423082C9F4
:108FE000AB2868091FE020204040BFF8A019732A71
:108FF0000202231FFE3818D6B5084008400FFC10A7
:1090000040104033F8320853F8920813F81204164F
:1090100012081FFE1043D6D022103A18063903DF7B
:109020001FFFF81810180349157C10101027593627
:1090300049392173CEC46A201A180908083FFFFC79
:109040000101800311228119032283224222462238
:10905000246A2C3E226617C3800301F00C1B7C306F
:10906000D02163B2E2121018090809FE080D860823
:109070000103380AB66841B64833B64813036A0597
:10908000032B09A603281439A448196008185808A6
:1090900018C4081886081B0238045A1173CAD4125F
:1090A00001151001F00813980C138804258404FF9F
:1090B000FE1A800318097E028004FF800408032D35
:1090C000C00408400310104860048922050E3206CF
:1090D00070120E401C04220E32025ACF4A1503FFB2
:1090E000C0021360021A4003390C2909590C13807D
:1090F000401A62E11810181042100C42200642403B
:1091000006428002431295083FFFFC83CABEE52059
:109110000FFFF01B047F2919B91218130119201829
:109120000318800318400618200C1830081818106F
:10913000180C20180841F81A703B410336C4C91DA9
:1091400001838038CA1903100B83C07FFFFE07BF5D
:10915000F0CEF7FE010303030101111DC0C0C0BF23
:10916000011EB1FFFFFFFC041EB1B1BFFFFF1441A0
:10917000180BF0F8F8F0B0B0B0303030063CF0F03A
:10918000F8CC4BE6A763194D11994731180B1838E5
:10919000383E7FFFF3FF3F3C481DBFB3B3B30742E8
:1091A00080680B606060E0C0C0F0F0F07001800883
:1091B0007878787060B2E2220814100C2038091810
:1091C000063FF018033030041114303318143233D2
:1091D00098180D33B3183033331818B333181C04F0
:1091E0001A0C041A09102A01044A32045A02041AF9
:1091F0000604180B7E3623181C2603180C050418C9
:109200000D0C80180C0840180C1870180C54150C14
:109210006031F01C801070AF4220A3CAD432041415
:1092200007C00C14067006140630031B0610041A3F
:1092300018041208243FFFFC320649041A010414E2
:109240007F801614031FFA1C030182049A83042AE8
:1092500081041C80030904100E118CC40321F0C486
:109260000343C06403DE14740388143C03801A1C97
:109270007E5A0C711183C0FD1916111301C0141808
:109280000180100C1001801010037FF810030618E5
:1092900020100206021006060310060403100F0C2D
:1092A00023100A0FFB101A08231012186310221043
:1092B000041908180B422C43100226C3100246045E
:1092C0002E0583100201041E0310020302401944FC
:1092D0001A04041A08041A1004162003F00240238A
:1092E0007002422093B3CC32101279180A1003E1B5
:1092F000FFF83D818030C7C90458088980307FFD60
:10930000FFF0101119CC10091803E3FFFC03B80497
:109310001B0798041388041A0504140D8004180A06
:10932000098004101181FFF8110C1A21041A41045C
:109330004A01041E08018FFFFCE639F241C3CFD475
:109340002A011814FFFF801A8024A904091914396E
:109350004A2B0C3004101520080C3070060C3060BD
:10936000070C30C0038C3180018C3324018C321BFC
:109370008C34202A3824C6303FFFFFF8F3CABE19C8
:109380009E11061BC003FFFFE01A18461AFCD119F4
:10939000B3590423618823F18413C183181F01C1C9
:1093A0008180018180C0030180E0060180700C0192
:1093B0008038080180181001801020612C1A1F04C9
:1093C00032076202F3C6C11A207E23F0037A30040A
:1093D0001910192D1530020402140206071C02038D
:1093E00006041204100C02010860027FFFF006025E
:1093F00006D9041B3005E81A040C1A0C044B0806A5
:10940000041B100C041308061B2030041B6006B953
:10941000520493D0F2420132C0126012041C603038
:109420000746320619041E40063FFFC03413E0060B
:1094300012031C060104141AD8041A60041A7004DA
:109440004B30102C143038041B3020044B400C04DB
:10945000119A08043A100412201C2007E00612E0BA
:109460001A40026123D09013817514085D781C089E
:10947000556F2D0153180E9883030858850308086B
:10948000840308C8041A180C1A44081A8C041AFC1D
:10949000041A68101AA0081ACC281A480C1A0C04CE
:1094A0001AEC101A6C041AD80401281AF4402A1C69
:1094B0005419081A24081AEC081A0C081A14041A69
:1094C00030041A88041A9C041AA8041AAC041A94CA
:1094D000201A3C081A40041A84045AB0141A0408CA
:1094E0001A2C041A38045AB4141AE8041AB80C1ABC
:1094F000BC045AC0141A78A81A40041AC4101A7C62
:109500000802292D2AFF041FFFD8860308D0041A59
:10951000DC041AC8041ACC041AD4041AC40401675F
:109520008280000A1305920208519102080100008E
:1095300001240223011F340703083408041A090414
:109540001A0A0429109904411AE4081AE4241AE4B6
:10955000241A882439109904411E388703084004CE
:109560001EE8860308F0041A2C0C1AE0081A3008CA
:109570001A24041A04041A1C041A10041AF8181ED7
:10958000B48903084C0C012CC5D4C3B2A1021B70D2
:10959000180E4D92020879910208F19002086D04AC
:1095A0001A290C1AD8741AE0041AE8041B9483A828
:0C95B00019081AF8044B7C8588000000A4
:040000050800018965
:00000001FF
